# Blender 4.5.4 LTS
# www.blender.org
mtllib bunny.mtl
o bunny
v 0.127233 0.186540 0.065642
v -0.277367 0.301147 0.106468
v -0.012957 0.157912 -0.041082
v 0.016193 0.092463 0.147307
v 0.049756 0.435115 -0.171892
v 0.243371 0.140709 0.118415
v 0.176066 0.158763 0.121952
v 0.075262 0.355357 -0.108757
v -0.032847 0.403786 -0.051831
v -0.290775 0.079346 -0.027589
v -0.073356 0.402488 -0.068353
v -0.182244 0.322355 -0.118258
v -0.252488 0.376472 -0.185903
v -0.228463 0.109431 0.220209
v 0.211923 0.100484 0.151144
v -0.050745 0.392079 -0.039401
v 0.170009 -0.290644 0.190228
v -0.150583 -0.275369 0.192469
v -0.088730 -0.286114 0.183182
v -0.029583 0.165145 -0.037905
v -0.114735 0.328200 0.001782
v 0.035231 0.334100 -0.071001
v -0.146927 0.328441 -0.004500
v -0.127961 -0.273297 0.191790
v -0.113278 -0.264089 0.182969
v -0.008851 -0.297993 0.224462
v 0.126542 -0.266374 0.198877
v 0.170327 -0.269872 0.189483
v -0.057105 0.384945 -0.108368
v -0.149139 -0.252024 0.176637
v -0.068248 -0.264105 0.170915
v 0.008079 -0.254104 0.217880
v 0.031872 -0.259330 0.228339
v -0.046296 0.386354 -0.039907
v -0.202436 0.348742 -0.117715
v 0.401949 -0.123899 0.075860
v -0.109281 -0.246991 0.165957
v -0.085533 -0.260493 0.173787
v -0.080863 -0.243151 0.161391
v 0.028643 -0.246462 0.221320
v 0.111179 -0.254095 0.198677
v 0.146800 -0.254614 0.193599
v 0.320644 0.099838 0.080320
v 0.008100 0.448610 -0.088510
v 0.054262 -0.238967 0.205532
v 0.108679 -0.246964 0.198588
v 0.175782 -0.245555 0.206793
v 0.191873 -0.236331 0.208237
v -0.038327 0.094201 0.134365
v -0.247731 0.227297 0.207532
v 0.324853 -0.263823 0.102842
v -0.127204 -0.236229 0.153357
v -0.099941 -0.236423 0.155401
v -0.056307 -0.247233 0.161797
v 0.008095 -0.239731 0.208079
v 0.029295 -0.238402 0.212233
v 0.075756 -0.239338 0.200646
v 0.081852 -0.231185 0.208916
v 0.141579 -0.242951 0.207120
v 0.155525 -0.227908 0.223412
v 0.027314 -0.229049 0.194041
v 0.051841 -0.228873 0.195810
v 0.104533 -0.227574 0.216687
v 0.130983 -0.222004 0.228044
v -0.185175 0.347128 -0.150422
v 0.312430 -0.252557 0.109882
v -0.310152 0.158888 -0.043790
v -0.069585 0.378563 -0.029827
v -0.188178 0.305939 -0.073200
v -0.032382 -0.225761 0.151056
v 0.026280 -0.223175 0.180199
v 0.070686 -0.205569 0.215249
v 0.151969 -0.216551 0.227849
v 0.163600 -0.211922 0.229263
v 0.186560 -0.220316 0.220743
v -0.230591 0.185177 0.220198
v 0.341150 -0.229517 0.118072
v 0.343757 -0.238460 0.117222
v 0.255955 0.162361 0.063050
v -0.250305 0.279306 -0.092935
v -0.305894 0.131527 -0.047677
v -0.081036 0.382398 -0.034653
v -0.065186 0.146991 0.089078
v -0.096362 -0.204833 0.147447
v -0.082854 -0.222981 0.154631
v -0.052227 -0.225351 0.156307
v 0.042160 -0.220142 0.191646
v 0.057477 -0.218924 0.203619
v 0.060898 -0.206273 0.213165
v 0.090878 -0.209404 0.221699
v 0.122589 -0.205366 0.231772
v 0.185232 -0.202353 0.225789
v 0.340956 0.055137 -0.063306
v -0.263337 0.177167 0.227851
v -0.267343 0.208081 0.216696
v -0.160654 0.290274 0.131441
v -0.194558 0.286250 0.150410
v -0.020233 0.160005 0.053481
v -0.213576 0.343082 -0.094241
v -0.088815 0.181554 0.058528
v -0.071525 -0.196599 0.158862
v -0.013326 -0.205650 0.142832
v 0.016782 -0.214983 0.164251
v 0.033309 -0.193124 0.188159
v 0.143599 -0.205012 0.235559
v -0.273137 0.162088 0.222715
v -0.010129 0.433466 -0.073808
v 0.328350 -0.226126 0.115684
v 0.368652 -0.217363 0.121121
v -0.185500 0.301796 0.131397
v -0.085012 -0.171213 0.157563
v -0.056545 -0.187134 0.160694
v -0.263771 0.393855 -0.260520
v 0.120958 -0.188357 0.232198
v 0.137110 -0.197833 0.235505
v 0.171710 -0.192189 0.229268
v 0.145012 0.149535 0.132785
v 0.318290 0.108613 0.065870
v 0.344734 -0.195120 0.114388
v -0.032809 -0.207286 0.149890
v 0.100776 -0.175958 0.239009
v 0.142578 -0.185341 0.234744
v -0.325725 0.107700 0.160645
v 0.355528 -0.204901 0.118655
v 0.380645 -0.190201 0.118538
v 0.250041 0.156407 0.087094
v 0.071642 0.172896 -0.039998
v 0.082916 -0.189733 0.225800
v 0.161652 -0.177667 0.239812
v 0.080810 0.146899 0.126785
v 0.216224 0.149868 0.121175
v -0.253007 0.315156 0.080008
v 0.000178 -0.171225 0.146847
v 0.140436 -0.173715 0.241674
v -0.051742 0.108786 0.124668
v 0.060990 0.153007 0.106059
v 0.013755 0.331624 -0.054404
v -0.205547 0.311698 0.109453
v 0.122593 -0.169452 0.240970
v 0.128340 0.128701 0.151385
v 0.111635 0.143611 0.137906
v 0.363471 -0.181436 0.112629
v 0.395490 -0.167581 0.110039
v 0.405318 -0.175166 0.109511
v -0.057608 -0.160896 0.167057
v -0.033134 -0.172749 0.157556
v 0.068664 -0.147931 0.230856
v 0.158619 -0.162831 0.245293
v 0.072562 0.131288 0.140545
v 0.246426 0.093759 0.147229
v -0.023568 0.417325 -0.060166
v 0.133737 0.026980 0.210803
v -0.144491 -0.167323 0.097556
v -0.137804 -0.158897 0.116876
v -0.120241 -0.174086 0.115659
v -0.072043 -0.127026 0.169341
v -0.011557 -0.163996 0.149487
v 0.086015 -0.152279 0.236989
v 0.180784 -0.152497 0.240508
v 0.367099 0.017957 -0.041456
v 0.354807 -0.168645 0.107425
v 0.383470 -0.166913 0.109399
v 0.338878 0.065294 0.089146
v -0.261462 0.359897 -0.193428
v -0.175464 0.275899 -0.069106
v 0.115144 -0.148422 0.243475
v 0.146163 -0.147119 0.245521
v 0.038715 0.132163 0.123764
v 0.167150 0.173654 0.101254
v -0.095656 -0.137245 0.158030
v 0.054845 -0.126874 0.232709
v 0.066101 -0.120413 0.237438
v 0.091724 -0.130662 0.238909
v 0.144269 -0.128792 0.245575
v -0.042747 0.126863 0.111727
v -0.218501 -0.159381 0.055592
v 0.367141 -0.157170 0.098114
v 0.366149 -0.044741 0.097259
v 0.232592 0.170163 0.071724
v -0.072777 0.175852 -0.041201
v 0.229221 0.146236 0.115351
v -0.275016 0.307917 0.087050
v -0.021815 -0.031118 -0.176601
v 0.073681 -0.120527 0.235840
v 0.172200 -0.135417 0.240877
v 0.184617 -0.112840 0.242901
v 0.162849 0.133357 0.143957
v 0.179228 0.116355 0.153280
v 0.382969 -0.143333 0.091758
v 0.415213 -0.154425 0.099368
v -0.174955 0.148570 -0.092082
v 0.111819 0.056985 -0.164774
v -0.037110 -0.132555 0.167050
v -0.024047 -0.136844 0.160555
v -0.006250 -0.127432 0.156652
v 0.119006 -0.126897 0.247191
v 0.230485 0.127546 0.134297
v -0.316975 0.024844 0.043774
v 0.381071 -0.127753 0.074916
v 0.426631 -0.131331 0.079919
v -0.087595 -0.116965 0.169880
v 0.122925 0.180492 0.086696
v -0.236865 0.137956 0.229124
v -0.237659 0.257579 0.185720
v 0.405255 -0.139103 0.091977
v -0.134444 0.322922 -0.059604
v 0.279952 0.133982 0.094336
v 0.089380 0.184386 0.010045
v -0.088057 -0.035931 -0.159729
v -0.053244 -0.131088 0.169452
v -0.006303 -0.098407 0.166042
v -0.099591 0.355185 -0.015374
v 0.083544 -0.108665 0.243871
v 0.111923 -0.113829 0.252773
v 0.129386 -0.113818 0.253777
v 0.011649 -0.002259 -0.193430
v 0.058607 0.110930 0.148820
v -0.289789 0.072877 0.081021
v -0.239004 0.358327 -0.127017
v -0.342354 0.165138 0.052572
v -0.037052 0.159324 0.065029
v -0.110879 -0.107360 0.168559
v -0.025980 -0.090731 0.166515
v 0.107054 -0.104863 0.252767
v 0.144965 -0.107051 0.251346
v 0.166519 -0.110053 0.244123
v -0.254308 0.265792 0.176047
v 0.357066 -0.028371 -0.097328
v 0.338184 0.073847 -0.045001
v -0.139892 -0.100894 0.169934
v -0.075974 -0.088971 0.174400
v -0.209229 0.320775 0.061733
v 0.093475 -0.092341 0.249754
v 0.128071 -0.095609 0.256605
v 0.214161 -0.005899 0.219163
v -0.234924 -0.001716 -0.122974
v -0.239922 0.211108 0.215139
v 0.011286 0.142674 0.087990
v -0.030934 0.422406 -0.066014
v -0.244748 0.383242 -0.185188
v -0.044551 -0.098830 0.170281
v 0.052908 -0.086435 0.243030
v 0.086062 -0.074082 0.251357
v 0.144314 -0.089557 0.253898
v 0.159000 -0.078068 0.246295
v 0.173621 -0.092062 0.244270
v -0.174946 0.310142 -0.145020
v -0.230494 0.241668 0.195958
v 0.226485 0.179795 0.021635
v 0.084384 0.016225 0.219805
v -0.159581 -0.086129 0.175213
v -0.129610 -0.084233 0.177143
v -0.117336 -0.093347 0.176123
v -0.100059 -0.096437 0.173501
v -0.087937 -0.079667 0.172009
v -0.059324 -0.083121 0.174992
v 0.066083 -0.058253 0.247408
v 0.069637 -0.091106 0.245128
v 0.114159 -0.078416 0.252757
v 0.336933 0.084882 0.050436
v 0.157216 0.193295 0.015012
v -0.338980 0.122339 0.049665
v -0.185506 -0.080568 0.170677
v -0.089595 -0.061132 0.176870
v -0.043761 -0.067494 0.176251
v -0.026911 -0.061736 0.169482
v -0.014286 -0.073094 0.169202
v 0.134220 -0.068289 0.250608
v 0.187141 -0.069540 0.239348
v 0.077926 0.112223 0.154333
v -0.258572 0.151405 0.222620
v 0.007516 0.317554 -0.068438
v -0.281255 0.113801 -0.058762
v 0.002569 -0.073629 0.199681
v 0.151340 -0.053578 0.250053
v 0.176632 -0.055848 0.244974
v -0.177722 -0.052598 0.181628
v -0.164464 -0.070655 0.176844
v -0.140548 -0.063117 0.185667
v -0.134152 -0.070510 0.183687
v -0.113623 -0.066672 0.181944
v -0.072129 -0.067848 0.172602
v -0.058499 -0.054685 0.178008
v -0.300319 0.073215 0.047510
v -0.303220 0.029459 -0.028395
v 0.029047 -0.056482 0.240465
v 0.057054 -0.060242 0.250453
v 0.080754 -0.046464 0.249130
v 0.106390 0.117381 0.156212
v 0.133769 0.088957 0.172501
v -0.246362 0.160229 0.227531
v -0.253277 0.194884 0.224302
v -0.170942 0.317655 0.069583
v -0.049098 0.171668 0.032402
v 0.134252 0.034716 0.188980
v -0.190943 -0.049934 0.181199
v -0.154104 -0.053068 0.181540
v -0.091169 -0.047676 0.181403
v -0.036099 -0.058525 0.174962
v -0.010056 -0.045535 0.179262
v -0.314428 0.025801 0.002691
v 0.045986 -0.055494 0.248869
v -0.286515 0.067332 -0.042841
v -0.217400 0.122389 0.225603
v -0.038702 0.422328 -0.071906
v -0.221113 0.146367 0.228500
v 0.378046 -0.003021 -0.014549
v -0.132170 -0.045822 0.187463
v -0.108321 -0.041302 0.187565
v -0.044998 -0.042015 0.178579
v 0.088677 -0.027842 0.246018
v 0.124986 -0.048710 0.248769
v -0.108420 0.121405 0.116416
v -0.076874 0.124747 0.111578
v -0.153187 0.317244 0.020324
v 0.013557 0.157636 -0.046091
v 0.243083 0.171258 0.045142
v -0.162560 -0.027745 0.186310
v -0.149294 -0.031589 0.184159
v 0.163332 0.192069 -0.009512
v 0.058654 -0.035902 0.246409
v 0.100945 -0.052830 0.250873
v 0.162976 -0.040693 0.247996
v -0.001875 0.446874 -0.087299
v -0.250741 0.116380 0.219274
v 0.237179 -0.017137 0.204929
v -0.063584 0.116148 0.120956
v 0.175391 0.192170 0.040167
v -0.298335 -0.012990 -0.046999
v -0.115406 -0.027749 0.186717
v -0.084726 -0.033899 0.177880
v -0.072441 -0.038771 0.173008
v -0.025951 -0.041489 0.173141
v -0.006232 -0.019438 0.181801
v 0.109221 -0.050544 0.248617
v 0.110643 -0.019635 0.247125
v 0.138426 -0.026465 0.245432
v 0.193459 -0.020085 0.233352
v 0.352528 0.041853 -0.057115
v -0.300658 0.105674 -0.035337
v -0.317545 0.007321 0.026791
v -0.202000 0.324878 -0.078807
v -0.128651 -0.017060 0.183518
v -0.044998 -0.027531 0.177025
v 0.074450 -0.022876 0.246064
v 0.265429 0.151483 0.081761
v -0.046594 0.170168 -0.044924
v -0.235917 0.319895 0.027436
v -0.194044 -0.016394 0.181055
v -0.159970 -0.011288 0.187478
v -0.026883 -0.029150 0.179014
v -0.019630 -0.018045 0.181475
v 0.041404 -0.031948 0.240458
v 0.086914 -0.009554 0.243123
v 0.346915 0.072723 0.021146
v 0.293012 0.131134 0.080065
v -0.211342 0.321950 -0.056943
v -0.178662 -0.015958 0.186214
v 0.302151 0.127354 0.060824
v 0.066106 -0.012368 0.241635
v 0.115804 -0.005066 0.242030
v 0.169648 -0.013230 0.235941
v -0.207943 -0.009500 0.172254
v -0.142539 -0.010478 0.186030
v -0.123305 0.006418 0.180257
v -0.107330 -0.016180 0.182939
v -0.089776 -0.016602 0.176718
v -0.085141 0.003332 0.175270
v -0.058873 -0.023859 0.176331
v -0.039301 -0.008257 0.181811
v 0.144220 -0.005241 0.239471
v 0.193990 0.006553 0.216284
v 0.255635 -0.014779 0.201470
v 0.098440 0.387757 -0.163956
v -0.232416 0.319332 0.069078
v -0.189746 0.304322 -0.057282
v -0.213555 0.005308 0.170912
v -0.165755 0.006910 0.181529
v -0.006231 0.000387 0.184822
v 0.007617 -0.004784 0.185619
v 0.070483 0.001923 0.232213
v 0.099028 0.006121 0.234550
v 0.138555 0.010263 0.231295
v 0.165767 0.008276 0.226753
v 0.121076 0.155363 0.126184
v -0.260406 0.232836 0.202948
v 0.200522 0.188978 0.027343
v -0.147706 0.010885 0.178863
v -0.042693 0.007648 0.178411
v 0.018888 0.008530 0.182824
v 0.201250 0.165959 0.107506
v 0.114564 0.016196 0.225755
v 0.232550 0.014938 0.198357
v -0.202516 0.025619 0.168147
v -0.139287 0.028031 0.175181
v -0.106343 0.011559 0.181525
v -0.141223 0.311084 0.036741
v -0.342077 0.143939 0.075015
v 0.213275 0.013034 0.205122
v 0.251490 0.012333 0.195929
v 0.182792 0.138294 0.139108
v 0.075134 0.178814 -0.015916
v 0.040947 0.159290 0.075118
v -0.213916 0.364686 -0.135721
v -0.185962 0.018720 0.173166
v -0.123798 0.028378 0.173948
v -0.082436 0.026919 0.172227
v -0.060464 0.041014 0.162880
v -0.040795 0.028905 0.171981
v -0.014632 0.013946 0.183945
v -0.001583 0.018431 0.179346
v 0.012468 0.023240 0.181669
v -0.295541 0.085551 0.080023
v 0.182020 0.023994 0.203413
v 0.194716 0.035507 0.198007
v 0.214537 0.033835 0.198426
v 0.184838 0.192509 0.013606
v 0.149033 0.114276 0.160778
v -0.230522 0.369233 -0.140855
v 0.115914 0.188850 0.007577
v 0.008949 0.160030 0.043108
v -0.101034 0.034081 0.172049
v -0.069364 0.022368 0.169102
v -0.028656 0.049722 0.163725
v 0.026689 0.044599 0.178227
v 0.029315 0.020626 0.184536
v 0.047354 0.024582 0.183107
v -0.224225 -0.085984 0.149893
v -0.232323 0.124268 0.227258
v -0.208894 0.210626 -0.089826
v -0.241017 0.070502 -0.093503
v -0.190772 0.332244 -0.111833
v -0.262965 0.293031 0.134863
v -0.238071 0.027007 0.151324
v -0.219178 0.034991 0.158848
v -0.160287 0.032019 0.173992
v -0.109284 0.053241 0.161469
v -0.005763 0.040084 0.173516
v 0.084920 0.035457 0.181569
v 0.171436 0.038356 0.187931
v -0.121211 0.055552 0.161706
v 0.040391 0.040964 0.179035
v 0.166819 0.056947 0.173157
v 0.231823 0.047324 0.187230
v 0.012269 0.162293 -0.023229
v -0.227884 0.057616 0.147115
v -0.190904 0.049084 0.163259
v -0.168521 0.054026 0.164595
v -0.140913 0.048766 0.167748
v -0.083740 0.052193 0.166835
v 0.064700 0.052421 0.174996
v 0.105419 0.045621 0.179084
v 0.104528 0.056579 0.179677
v 0.195054 0.056935 0.178532
v 0.301406 0.110159 0.101451
v -0.100550 0.062730 0.160768
v -0.056541 0.065178 0.150858
v 0.011193 0.051934 0.171318
v 0.051552 0.055923 0.174394
v 0.066422 0.071621 0.172056
v 0.124712 0.059140 0.180823
v 0.144991 0.052968 0.179421
v 0.206741 0.050741 0.187793
v 0.222379 0.067444 0.169274
v 0.281709 0.145120 0.058635
v -0.042315 0.062657 0.152911
v 0.035697 0.078056 0.163608
v 0.078616 0.053504 0.177818
v 0.172158 0.078644 0.168566
v 0.191045 0.066604 0.166336
v -0.122988 0.343095 -0.009855
v -0.135190 0.104894 0.133272
v 0.213189 0.182722 0.054974
v -0.213626 0.074620 0.147036
v -0.204888 0.067818 0.149674
v -0.184693 0.083480 0.147408
v -0.117355 0.077869 0.151116
v 0.096318 0.068266 0.177761
v 0.150929 0.078068 0.173670
v 0.195497 0.081761 0.159630
v 0.248865 0.067748 0.161585
v 0.130451 0.059726 -0.162796
v -0.139301 0.069888 0.156939
v -0.092644 0.076653 0.153475
v -0.073826 0.067980 0.157104
v -0.021315 0.076207 0.150109
v -0.014128 0.112416 0.123016
v 0.084874 0.080712 0.172701
v -0.007195 -0.005419 -0.175572
v -0.268710 -0.011033 -0.095426
v -0.112437 0.099230 0.134688
v -0.081056 0.349777 -0.016938
v -0.154722 0.078617 0.149567
v -0.069520 0.093167 0.138591
v 0.016047 0.112181 0.129401
v 0.036963 0.102713 0.148922
v 0.105834 0.091051 0.170451
v 0.164314 0.093983 0.167635
v -0.179770 0.298013 -0.094483
v -0.160996 0.098129 0.140458
v -0.119058 -0.001667 -0.159193
v -0.237202 -0.050844 -0.125055
v -0.227906 0.210021 -0.086846
v 0.044572 0.393681 -0.155231
v -0.142057 0.283342 -0.056884
v 0.231077 -0.295737 0.175415
v -0.125249 0.121600 0.127721
v -0.212691 -0.006077 -0.131935
v 0.282180 0.117847 0.112729
v 0.023051 -0.295425 0.232994
v 0.106735 -0.285342 0.206048
v 0.213232 -0.288108 0.183170
v 0.245538 -0.275934 0.173558
v -0.185579 0.272450 0.152080
v -0.111310 -0.300284 0.190682
v -0.078988 -0.299303 0.180798
v -0.005226 0.161966 -0.006654
v 0.135892 -0.282819 0.197437
v -0.017166 0.306936 -0.070905
v 0.158194 0.068512 -0.153222
v -0.148629 0.263147 0.117237
v -0.146882 -0.292087 0.195147
v -0.118468 -0.288836 0.192391
v -0.118549 0.210030 0.095767
v 0.012340 -0.286002 0.233080
v 0.028384 -0.276934 0.232174
v 0.053825 -0.285741 0.223997
v 0.043008 0.382729 -0.114032
v 0.267717 0.005205 0.192707
v 0.221032 -0.266078 0.183216
v 0.256926 -0.279281 0.164285
v -0.186165 -0.020891 -0.144178
v 0.249836 0.032055 0.189675
v -0.043345 -0.003021 -0.168353
v 0.067449 -0.266830 0.218836
v -0.151383 0.150793 0.161108
v -0.135042 0.150681 0.147390
v 0.261751 -0.261404 0.164586
v 0.293708 -0.262796 0.119393
v -0.076098 0.325810 -0.019881
v 0.192506 -0.258803 0.186042
v 0.222602 -0.250377 0.179514
v -0.184563 0.042863 -0.137093
v -0.031180 0.347587 -0.117990
v -0.279807 -0.096128 0.038715
v -0.197698 0.150639 0.214762
v 0.064716 -0.252820 0.214953
v 0.242648 -0.258159 0.175463
v 0.278266 -0.247428 0.151011
v 0.285742 -0.256619 0.140033
v -0.089207 0.324134 -0.009537
v 0.268108 0.061746 0.156699
v 0.256622 -0.238125 0.163500
v 0.371079 -0.234630 0.115186
v 0.393241 -0.233771 0.098767
v 0.416948 -0.240468 0.062784
v -0.127549 -0.255714 0.181319
v -0.010519 0.404904 -0.079616
v -0.033441 0.311342 -0.038229
v 0.199773 -0.245438 0.193351
v 0.231361 -0.236514 0.178919
v 0.293794 -0.010758 0.180166
v -0.164825 0.170741 0.163897
v -0.045035 0.329664 -0.025128
v -0.050890 0.350209 -0.045481
v 0.030938 0.461235 -0.109248
v 0.018968 0.448227 -0.097551
v -0.087041 0.290959 -0.007256
v 0.284337 -0.221640 0.153464
v 0.391490 -0.214235 0.112364
v 0.411991 -0.234352 0.078009
v -0.203923 0.103466 0.201432
v 0.060855 0.341504 -0.096835
v -0.185436 0.380833 -0.257199
v -0.070420 0.288023 -0.023297
v -0.037032 0.365390 -0.060608
v 0.358335 0.027287 0.078669
v 0.217472 -0.215408 0.204314
v 0.245196 -0.221622 0.184707
v 0.267190 -0.220831 0.165354
v 0.321855 -0.218473 0.122494
v 0.433968 -0.212187 0.073100
v -0.061495 0.284237 -0.038481
v -0.097925 0.164263 0.092670
v 0.001691 -0.021360 -0.211634
v 0.244077 -0.201755 0.199810
v 0.257931 -0.208156 0.186275
v 0.306500 -0.213652 0.143966
v 0.385937 -0.204066 0.118459
v 0.412611 -0.211519 0.097534
v -0.006351 0.347145 -0.057627
v -0.210105 0.260505 0.175627
v -0.144845 0.288259 0.107561
v 0.375897 0.003034 0.015372
v -0.071137 0.318297 -0.013406
v -0.208392 0.148168 0.224175
v -0.186410 0.006688 -0.140349
v 0.049872 0.471314 -0.135295
v 0.205538 -0.193944 0.221469
v -0.161923 0.133130 0.162745
v 0.450164 -0.187337 0.057973
v 0.369851 0.016399 0.042703
v 0.009010 0.337998 -0.049435
v 0.221861 -0.195638 0.209114
v 0.270332 -0.202829 0.175861
v 0.294442 -0.196801 0.161922
v -0.110940 0.182279 0.109585
v 0.355783 0.004933 0.101311
v 0.236690 -0.185855 0.205714
v 0.318319 -0.184453 0.151185
v 0.332844 -0.192300 0.126853
v -0.186876 0.145823 0.201289
v -0.193177 0.237138 0.166675
v 0.407329 -0.190690 0.108252
v 0.437659 -0.192432 0.078753
v -0.110124 0.283754 0.011493
v -0.215580 0.207769 0.202616
v 0.245795 -0.176762 0.204223
v 0.284426 -0.177025 0.177760
v 0.442866 -0.169584 0.078287
v -0.149219 0.165436 0.156950
v 0.266112 0.115461 0.126521
v -0.156360 0.230640 0.123422
v 0.178229 -0.175245 0.236276
v 0.198617 -0.181109 0.224415
v 0.264637 -0.183734 0.190246
v 0.315563 -0.167617 0.158783
v -0.187616 0.165673 0.194272
v -0.149813 0.110591 0.141802
v 0.426188 -0.185343 0.096119
v -0.010843 0.392142 -0.084779
v -0.046714 0.339186 -0.038440
v -0.144653 0.222661 0.118426
v -0.204812 0.244322 0.179898
v 0.196474 -0.162649 0.232294
v 0.219881 -0.169637 0.214167
v 0.300121 -0.165572 0.167899
v 0.338703 -0.171291 0.130803
v 0.423566 -0.169592 0.099299
v 0.450308 -0.160616 0.064647
v 0.018958 0.427376 -0.107308
v 0.076376 0.372293 -0.119712
v 0.347485 0.064465 0.058904
v 0.052012 0.447256 -0.140292
v 0.258016 -0.172256 0.197538
v 0.327453 -0.168360 0.147543
v -0.176236 0.215877 0.142867
v 0.438428 -0.157710 0.083890
v -0.024616 0.337239 -0.035409
v 0.202782 -0.142763 0.232154
v 0.211604 -0.155063 0.224192
v 0.248843 -0.156883 0.200831
v 0.330708 -0.142322 0.148449
v 0.351040 -0.154248 0.116959
v -0.199779 0.195770 0.188231
v -0.070090 0.338753 -0.028479
v 0.315584 0.069477 0.118145
v 0.272326 -0.157693 0.186803
v 0.279749 -0.135408 0.180076
v 0.317234 -0.140332 0.158514
v 0.366586 -0.142125 0.092718
v 0.427549 -0.152513 0.092640
v 0.059442 0.356682 -0.094536
v 0.052412 0.345770 -0.081411
v 0.357298 0.016925 -0.067298
v 0.265685 -0.124722 0.196144
v 0.341719 -0.147443 0.134763
v 0.197270 0.144675 0.132626
v 0.446549 -0.141951 0.066805
v 0.342748 -0.049943 -0.121564
v 0.321174 0.014666 0.147462
v -0.017154 0.330067 -0.036873
v -0.156158 0.241696 0.120855
v -0.200373 0.130717 0.219279
v -0.206949 0.114985 0.217527
v 0.230456 -0.144387 0.216797
v 0.296562 -0.143147 0.171741
v 0.336161 -0.001374 -0.107073
v 0.436321 -0.137205 0.077086
v -0.171845 0.263422 0.145124
v 0.188187 0.098926 0.158841
v 0.205856 -0.120356 0.233489
v 0.298520 -0.121771 0.168457
v 0.332375 -0.118807 0.145004
v 0.351003 -0.123591 0.122299
v -0.179427 0.225086 0.142751
v 0.063139 0.417646 -0.143137
v -0.331875 0.106104 0.041167
v 0.139946 0.037178 0.182078
v -0.184334 0.095724 0.149614
v -0.170813 0.117806 0.158125
v 0.253312 -0.128548 0.206431
v 0.277423 -0.122270 0.183369
v 0.315243 -0.107027 0.162426
v 0.362661 -0.126574 0.099556
v -0.141987 0.182619 0.142337
v -0.065961 0.362420 -0.027408
v 0.112537 0.036172 0.182243
v 0.088087 0.371985 -0.129670
v -0.011965 0.363045 -0.074291
v 0.279760 0.034485 0.168867
v -0.194084 0.098579 0.171892
v 0.293730 0.012902 0.171577
v 0.223714 -0.116993 0.225619
v 0.294596 -0.103990 0.177723
v 0.376696 -0.096611 0.072880
v -0.259315 0.286284 -0.059683
v -0.093307 0.303560 -0.000241
v -0.125723 0.271840 0.051073
v 0.033292 0.327667 -0.082212
v 0.233600 -0.109272 0.221017
v 0.262072 -0.098510 0.208027
v 0.328126 -0.109218 0.152070
v -0.317469 0.228288 0.082729
v -0.130103 0.196357 0.123633
v -0.050329 0.316740 -0.024178
v -0.322990 0.211336 0.065261
v -0.182544 0.186804 0.168540
v 0.217570 -0.090747 0.233390
v 0.238421 -0.095113 0.224435
v 0.362939 -0.079330 0.104045
v -0.124416 0.245851 0.059214
v 0.295013 0.089284 0.127908
v -0.137929 0.250362 0.102977
v 0.278689 -0.096511 0.193065
v 0.306564 -0.094592 0.173857
v 0.343493 -0.095925 0.134340
v 0.384338 -0.104037 0.048075
v -0.101375 0.188894 0.085117
v 0.085707 0.398328 -0.148039
v -0.044493 0.372964 -0.048212
v -0.096193 0.335644 -0.006446
v -0.090594 0.270842 -0.017557
v 0.358955 -0.009560 -0.085293
v -0.187302 0.208843 0.159631
v -0.170983 0.194102 0.154311
v -0.102341 0.144333 0.102216
v -0.111090 0.158608 0.117434
v -0.222684 0.227134 0.200491
v 0.197108 -0.091696 0.238740
v 0.237324 -0.075945 0.225837
v 0.257181 -0.072152 0.213777
v 0.275424 -0.080035 0.201383
v 0.304427 -0.078617 0.177421
v -0.177767 0.240936 0.144235
v -0.176337 0.322677 -0.138919
v 0.251583 0.051423 0.175436
v -0.183765 0.111079 0.173202
v 0.219377 -0.073006 0.230983
v 0.293547 -0.060255 0.183304
v 0.374514 -0.063905 0.080101
v 0.380155 -0.056199 0.055032
v -0.111756 0.136518 0.119422
v -0.005898 0.423588 -0.075815
v -0.155866 0.198889 0.143992
v 0.346339 0.014843 -0.086953
v -0.137900 0.136903 0.146744
v 0.212997 -0.051689 0.227420
v 0.041899 0.365193 -0.098372
v 0.248978 0.125457 0.130313
v -0.143760 0.121561 0.145722
v 0.238087 -0.054727 0.218223
v -0.184562 0.335352 -0.305897
v 0.049126 0.425306 -0.134816
v 0.293315 0.048490 0.149761
v 0.358827 0.044572 0.038902
v 0.270981 0.019641 0.184131
v 0.252967 -0.040838 0.208650
v 0.302153 -0.047823 0.175470
v 0.315510 -0.053909 0.168370
v 0.335892 -0.074085 0.145437
v -0.256712 0.099942 0.202052
v 0.295979 0.063571 0.142295
v -0.129387 0.223881 0.099288
v -0.180602 0.133193 0.186963
v -0.193042 0.120406 0.205046
v 0.317286 0.093329 0.096817
v 0.343325 -0.034749 0.135039
v -0.175204 0.364650 -0.339439
v 0.026656 0.411852 -0.116151
v 0.370980 -0.030098 -0.065206
v 0.347861 0.036395 0.095589
v 0.201357 -0.042306 0.236032
v 0.269415 -0.050235 0.202756
v 0.334773 0.025730 0.122906
v -0.123515 0.162464 0.131949
v -0.018323 0.373052 -0.076372
v 0.184329 -0.040240 0.243188
v 0.231504 -0.028783 0.214281
v 0.322611 -0.037627 0.162879
v 0.331597 -0.050511 0.149253
v 0.358025 0.048543 -0.032930
v 0.272812 0.085745 0.143008
v 0.028077 0.352830 -0.078127
v 0.078235 0.436974 -0.163652
v 0.015999 0.393166 -0.105294
v -0.105571 0.265469 -0.003531
v 0.209615 -0.023878 0.229118
v 0.278530 -0.029622 0.194298
v 0.314096 -0.027106 0.171359
v 0.024243 0.345235 -0.063219
v -0.333559 0.130319 0.091727
v -0.239111 0.224245 -0.081218
v -0.333064 0.140016 0.104402
v -0.254939 0.327710 -0.119781
v -0.335173 0.149084 0.141949
v 0.291708 -0.032056 0.181789
v 0.326988 -0.017457 0.155696
v 0.226283 -0.005228 0.211266
v 0.345246 0.003817 0.121266
v -0.172958 0.152522 0.175736
v -0.207234 0.171903 0.212349
v 0.038332 0.455500 -0.120636
v 0.223062 0.111082 0.144577
v -0.117194 0.302498 0.014297
v 0.300726 0.032402 0.156836
v -0.306855 0.006479 -0.025928
v -0.165204 0.251253 0.136402
v -0.157934 0.269480 0.127924
v 0.312314 -0.002477 0.164512
v -0.247393 0.288103 -0.133774
v 0.240936 -0.304431 -0.091594
v 0.233771 -0.304609 -0.122630
v 0.373875 -0.017553 0.067415
v 0.342923 -0.286157 -0.030772
v 0.259517 -0.296777 -0.057565
v 0.246306 -0.289240 -0.111380
v 0.267211 -0.281343 0.145181
v 0.386103 -0.267378 -0.012837
v 0.256563 -0.292220 -0.071051
v 0.230819 -0.289436 -0.149496
v -0.321464 0.100480 0.148133
v -0.323220 0.100831 0.006341
v -0.178282 0.426663 -0.345505
v 0.087544 0.442815 -0.181073
v -0.176843 0.299586 -0.163415
v -0.073579 0.003963 -0.163330
v 0.368537 -0.270484 -0.036095
v 0.371049 -0.256707 -0.053278
v 0.256955 -0.277908 -0.095649
v 0.087070 0.363140 -0.130208
v -0.177409 0.304397 -0.196576
v 0.097066 0.429060 -0.192820
v 0.359154 -0.044982 -0.094071
v -0.275040 0.075325 0.105355
v 0.400996 -0.260400 0.028590
v 0.418626 -0.240086 -0.020706
v 0.258404 -0.265363 -0.121861
v 0.240466 -0.288930 -0.135296
v -0.036502 0.298734 -0.047443
v 0.396725 -0.252913 -0.034861
v 0.309737 0.029216 -0.122299
v 0.071369 0.348540 -0.115727
v -0.106579 0.217879 -0.011590
v 0.095336 0.413572 -0.193443
v 0.417665 -0.246326 0.007121
v 0.410596 -0.236275 -0.041383
v 0.268395 0.019666 -0.154262
v 0.271784 -0.258777 -0.102665
v 0.250030 -0.261193 -0.152448
v 0.031792 0.086071 -0.148517
v -0.133281 0.287277 0.082756
v 0.424445 -0.239955 0.043578
v 0.437963 -0.225784 0.008151
v 0.382221 -0.238065 -0.066760
v -0.288210 0.087191 0.100621
v 0.295761 -0.241623 -0.090716
v 0.291871 -0.238434 -0.113134
v 0.282480 -0.240812 -0.131634
v 0.258727 -0.254321 -0.137321
v 0.243641 -0.243082 -0.161017
v 0.063310 0.033656 -0.169332
v -0.178140 0.402568 -0.319497
v -0.177269 0.275073 -0.086334
v 0.380445 -0.031330 0.021052
v -0.110500 0.251204 -0.000396
v -0.282754 0.089942 0.181723
v -0.124675 0.288928 0.043396
v -0.183837 0.277960 -0.150970
v -0.121195 0.226035 0.075499
v -0.172991 0.418292 -0.360023
v 0.436900 -0.227799 0.033661
v 0.430354 -0.221131 -0.030191
v 0.404832 -0.214052 -0.064409
v -0.179007 0.378335 -0.282947
v 0.436876 -0.222352 0.056271
v 0.438880 -0.220295 -0.009278
v 0.417935 -0.218639 -0.049963
v -0.056242 -0.312318 -0.196811
v 0.298514 -0.226771 -0.119043
v -0.210598 -0.305341 -0.073658
v 0.448790 -0.200012 0.049592
v 0.009688 0.149237 -0.069870
v -0.130750 0.257284 0.078595
v 0.445438 -0.213872 0.031687
v 0.453812 -0.193107 0.022182
v 0.426696 -0.197218 -0.050175
v 0.283194 -0.221094 -0.151300
v 0.099923 0.406622 -0.184753
v -0.253189 -0.114951 0.089671
v -0.181011 0.334592 -0.268676
v 0.329339 -0.197019 -0.093253
v 0.313289 -0.209293 -0.103622
v 0.298510 -0.215333 -0.130586
v 0.450921 -0.195574 0.002085
v 0.441534 -0.197385 -0.025963
v 0.295013 -0.201527 -0.139975
v 0.055859 0.005160 -0.212532
v -0.299027 0.079941 -0.007189
v 0.457929 -0.168116 0.033801
v 0.452435 -0.174174 -0.016584
v 0.440939 -0.177068 -0.036998
v 0.345473 -0.177609 -0.079954
v 0.303278 -0.190730 -0.132102
v 0.001414 0.136762 -0.093336
v -0.310824 0.046143 0.043708
v 0.458879 -0.168274 0.007308
v 0.330416 -0.177214 -0.108584
v 0.270155 -0.195085 -0.172074
v -0.175248 0.384598 -0.318635
v -0.323034 0.095814 0.036640
v -0.312243 0.087976 0.018753
v 0.452572 -0.160769 -0.016029
v 0.304713 -0.174105 -0.140443
v -0.338627 0.157744 0.088680
v -0.336633 0.134250 0.149133
v 0.097166 0.407804 -0.171779
v -0.277472 -0.089664 0.073698
v -0.046278 0.291526 -0.057282
v 0.455339 -0.147365 0.049000
v 0.454014 -0.143595 -0.002767
v 0.355170 -0.153659 -0.075649
v 0.324375 -0.159931 -0.122432
v -0.174862 0.339913 -0.180090
v -0.250596 0.306041 -0.113401
v 0.341762 -0.151920 -0.104324
v 0.309719 -0.152720 -0.142203
v -0.284808 0.271394 -0.030865
v -0.304940 0.058963 0.003697
v -0.224301 0.448665 -0.333398
v -0.297584 0.157045 -0.060880
v 0.458622 -0.146781 0.025448
v 0.351054 -0.134561 -0.096201
v 0.325593 -0.136787 -0.127787
v -0.329566 0.171834 0.141615
v -0.177682 0.358833 -0.303373
v -0.222857 0.274797 -0.189311
v -0.115368 0.221870 -0.036668
v -0.116029 0.244817 0.037418
v 0.454270 -0.132797 0.036798
v -0.172420 0.405446 -0.347799
v 0.273973 -0.146312 -0.168527
v -0.241890 0.287867 -0.190148
v -0.176650 -0.175411 0.058899
v -0.175494 -0.298535 0.180160
v 0.446457 -0.118985 0.020787
v -0.041795 0.148034 -0.089603
v 0.295806 -0.136222 -0.152253
v -0.070505 0.162936 -0.083023
v -0.238655 0.362469 -0.244333
v 0.094298 0.387862 -0.174667
v -0.317971 0.137267 -0.028555
v -0.177095 0.359064 -0.256649
v 0.369681 -0.013927 -0.060432
v -0.105394 0.223896 0.021677
v -0.316603 0.218627 0.110615
v -0.238674 0.321945 -0.176788
v 0.337977 -0.109132 -0.112040
v 0.280850 -0.123871 -0.170131
v -0.103272 0.258599 -0.024799
v -0.330586 0.113150 0.138433
v -0.223563 -0.104969 0.139089
v -0.175790 0.324276 -0.221312
v 0.094728 0.378065 -0.146785
v 0.368789 -0.116454 -0.058281
v 0.360679 -0.127346 -0.078581
v 0.317965 -0.110597 -0.134770
v 0.298123 -0.117329 -0.156716
v -0.007360 0.316653 -0.052912
v -0.301533 0.054654 -0.015849
v -0.138855 0.270775 0.100180
v 0.373241 -0.046558 -0.057695
v 0.368387 -0.095093 -0.066826
v 0.212521 -0.015960 -0.197985
v -0.201675 -0.015866 -0.136791
v -0.324397 0.147528 -0.015240
v 0.380558 -0.100911 -0.033285
v -0.335857 0.134586 0.011198
v 0.375472 -0.007343 0.045377
v 0.086761 0.363528 -0.141001
v 0.379996 -0.037523 -0.026676
v 0.383827 -0.087016 -0.011033
v 0.352976 -0.111489 -0.094745
v 0.368149 0.027235 -0.020844
v -0.119209 0.263434 0.027022
v 0.375768 -0.007889 -0.035149
v 0.369204 -0.012168 0.080027
v 0.355403 0.058548 -0.007968
v -0.297485 0.010652 -0.050193
v 0.355249 -0.081324 -0.089191
v 0.328468 -0.093789 -0.121337
v -0.334290 0.136998 0.122158
v -0.176923 0.296830 -0.122566
v 0.377149 -0.068577 -0.043599
v 0.340230 -0.075007 -0.115420
v 0.319821 -0.080388 -0.137858
v -0.325547 0.246882 0.065514
v -0.237507 0.433848 -0.325327
v -0.174288 0.343401 -0.222664
v -0.112178 0.242369 -0.019405
v 0.357026 -0.019400 0.107670
v -0.231885 -0.150651 0.050350
v -0.325058 0.231150 0.042995
v 0.366396 0.034732 0.002200
v -0.229504 0.423109 -0.323359
v -0.247110 0.291907 -0.093365
v -0.295712 0.043723 -0.039556
v -0.253117 0.102054 -0.070610
v 0.383973 -0.080154 0.029640
v 0.362407 -0.065526 -0.081214
v 0.333561 -0.063157 -0.130610
v -0.048487 -0.252068 -0.171929
v -0.295087 0.234774 -0.033939
v -0.182269 0.365892 -0.216716
v -0.173373 0.323438 -0.180810
v 0.382100 -0.037093 -0.003234
v 0.375449 -0.051859 -0.042485
v -0.086838 0.269074 -0.037914
v -0.186459 0.440828 -0.350200
v -0.201680 0.446979 -0.339289
v -0.189918 0.437297 -0.335489
v -0.187734 0.406861 -0.301091
v -0.218789 0.446902 -0.321484
v -0.244042 0.300258 0.130844
v 0.060774 0.176855 0.039443
v -0.176084 0.319264 0.046422
v -0.144539 0.307942 0.084319
v -0.047752 0.406492 -0.051232
v -0.238304 0.442567 -0.309198
v -0.263524 0.315991 0.031477
v -0.229763 0.311965 0.106121
v -0.205131 0.429215 -0.307035
v 0.105923 0.030988 0.198604
v -0.162958 0.312630 0.089507
v -0.254962 0.306130 0.112869
v -0.276217 0.312667 0.055014
v -0.228305 0.334554 -0.074782
v 0.074025 0.468600 -0.178764
v -0.079720 0.156531 0.069592
v -0.212186 0.317129 -0.038298
v -0.236183 0.316084 -0.034619
v -0.207478 0.414282 -0.281149
v -0.165423 0.302708 0.123165
v 0.023644 0.165016 0.039082
v -0.231166 0.435705 -0.295838
v -0.250895 0.430474 -0.290202
v 0.216703 0.174082 0.082981
v -0.301384 0.076725 0.015144
v -0.017170 0.140505 0.087429
v -0.108857 0.219344 0.053034
v -0.076958 0.181191 0.001139
v -0.192639 0.308389 -0.042035
v -0.049449 0.155056 0.078865
v 0.193977 0.187051 0.060272
v 0.135564 0.190948 0.037774
v 0.163572 0.188856 0.062616
v -0.333971 0.117822 0.014673
v -0.194806 0.317432 0.087669
v -0.302388 0.249430 -0.003187
v -0.220597 0.317671 -0.011076
v 0.103084 0.186466 0.040418
v -0.083962 0.164564 0.060687
v -0.217966 0.295638 0.142960
v 0.066263 0.467179 -0.160720
v 0.055620 0.479370 -0.149975
v -0.286883 0.301446 -0.007073
v -0.310491 0.017180 -0.017416
v -0.311881 0.231337 0.008221
v -0.205350 0.319970 0.027005
v 0.110822 0.166377 0.109415
v -0.313674 0.217210 -0.009826
v -0.254053 0.321287 -0.144782
v -0.336564 0.123974 0.073950
v 0.023399 0.167942 0.010061
v -0.198975 0.400398 -0.264419
v -0.212353 0.404362 -0.248327
v 0.440287 -0.119391 -0.005264
v -0.244670 0.440787 -0.317503
v -0.019598 0.166242 0.004980
v 0.098410 0.182422 0.067050
v 0.322205 0.091542 -0.058333
v -0.275795 0.014905 -0.082275
v 0.024474 0.459980 -0.139359
v -0.173632 0.318295 0.010593
v -0.314088 -0.019283 0.062802
v 0.446450 -0.135099 -0.017178
v -0.077552 0.173786 0.040263
v 0.304172 0.110190 -0.063179
v -0.313080 0.003440 -0.005765
v -0.329013 0.118236 0.112427
v -0.227584 0.417382 -0.263398
v -0.214444 0.304163 0.128218
v 0.455262 -0.134780 0.012426
v -0.062235 0.165688 0.054549
v 0.314424 0.115428 -0.023786
v -0.231404 0.262937 -0.127640
v -0.295714 0.058395 0.073581
v -0.248083 0.086918 -0.079163
v -0.302263 0.296221 0.086934
v 0.433612 -0.111788 0.008371
v -0.137469 0.315243 0.018408
v 0.334626 0.087587 -0.026776
v 0.307614 0.119022 -0.038048
v -0.262034 0.005295 -0.101527
v -0.317094 0.254784 0.113023
v 0.036914 0.473983 -0.124450
v -0.221279 0.346944 -0.097041
v -0.221570 0.398619 -0.216037
v -0.014134 0.162365 0.038984
v -0.136497 0.303604 0.069521
v 0.136824 0.172215 0.104281
v 0.295362 0.134639 -0.015179
v 0.277771 0.139561 -0.046943
v -0.316633 0.027546 0.022571
v -0.244870 0.396497 -0.216637
v -0.002895 0.128114 0.107667
v 0.253714 0.158939 -0.041074
v -0.331729 0.123758 0.166121
v 0.157302 0.030754 0.195759
v -0.147726 0.302204 0.106328
v -0.151018 0.314379 0.053077
v -0.043485 0.143548 0.096210
v -0.238043 0.409936 -0.243024
v 0.411130 -0.107048 0.018854
v -0.196647 0.315737 -0.009783
v 0.331381 0.095303 0.007452
v 0.231215 0.168864 -0.045603
v -0.272452 0.252128 -0.054668
v -0.329233 0.253843 0.045163
v -0.303747 0.302730 0.033438
v -0.195159 0.379381 -0.204644
v -0.259274 0.385046 -0.220173
v -0.230081 0.275473 0.168768
v 0.446795 -0.124077 0.045106
v 0.438568 -0.114692 0.041798
v 0.428605 -0.108779 0.031900
v 0.389997 -0.106042 0.017466
v 0.208503 0.179916 -0.039866
v -0.267403 0.048056 -0.080999
v -0.251203 0.314561 -0.005585
v 0.257215 0.139342 0.112786
v -0.243997 0.285051 0.155655
v 0.010933 0.457320 -0.116719
v -0.206400 0.390254 -0.210167
v 0.231814 0.158391 0.100110
v 0.423940 -0.110214 0.049748
v 0.405889 -0.107558 0.036773
v -0.162993 0.320429 -0.005831
v 0.275795 0.152584 0.004817
v 0.244378 0.168840 -0.018054
v -0.324071 0.248097 0.087620
v -0.095650 0.201462 0.040507
v 0.020299 0.462903 -0.106405
v 0.189692 0.179441 0.088389
v 0.157728 0.184039 0.081621
v 0.441139 -0.127787 0.062538
v -0.296022 0.305785 0.058532
v 0.314720 0.117280 0.001272
v 0.270128 0.152739 -0.021561
v -0.101939 0.200490 0.071427
v -0.183450 0.357049 -0.180641
v -0.199277 0.364554 -0.153556
v -0.209089 0.377711 -0.170549
v -0.231073 0.389795 -0.186327
v 0.393924 -0.111172 0.041050
v 0.003371 0.149975 0.065149
v -0.088050 0.191318 0.010831
v 0.295995 0.136202 0.016791
v 0.215521 0.183197 -0.010937
v 0.188362 0.189589 -0.014333
v 0.149856 0.188211 -0.033392
v 0.160767 0.021142 0.214347
v -0.125987 0.304245 0.020036
v -0.218676 0.386751 -0.181836
v 0.425712 -0.117534 0.063714
v 0.378189 -0.119791 0.069653
v 0.244676 0.171370 0.011608
v -0.337105 0.168928 0.023020
v -0.306744 0.060577 0.023748
v 0.026785 -0.018499 0.223362
v -0.175997 0.309236 0.112571
v -0.092049 0.136992 0.096181
v 0.407227 -0.113979 0.060092
v -0.318123 0.235063 0.104672
v -0.130652 0.302355 0.037016
v 0.066179 0.173774 0.064561
v 0.318782 0.111222 0.042014
v 0.268855 0.157441 0.033420
v -0.290013 0.018297 -0.063684
v -0.042304 0.173393 0.004136
v -0.057629 0.176012 -0.020744
v -0.029132 0.431571 -0.089020
v -0.240009 0.321777 -0.060166
v -0.096720 0.199577 -0.004796
v -0.294165 0.304875 0.018626
v 0.088710 0.168959 0.095718
v 0.128798 0.188655 -0.017601
v -0.313748 0.014580 0.062153
v -0.190009 -0.308374 0.033371
v -0.187368 -0.305503 0.078650
v -0.199907 -0.301321 0.128134
v 0.247352 0.011901 -0.164485
v -0.054947 0.343517 -0.110605
v -0.252417 0.187054 -0.082701
v -0.229939 -0.303887 -0.010435
v -0.212731 -0.303600 0.015462
v -0.186648 -0.301295 0.044630
v -0.200305 -0.293664 0.125276
v -0.180280 -0.284964 0.173902
v -0.225871 -0.296704 -0.001823
v -0.191869 -0.294120 0.087339
v -0.198176 -0.291935 0.106292
v -0.188704 -0.281976 0.156872
v -0.165904 -0.273905 0.182097
v -0.166796 -0.288160 0.187016
v -0.045057 -0.028686 -0.170080
v -0.059206 -0.292766 0.174745
v -0.227234 -0.292657 -0.026198
v -0.225568 -0.282901 -0.015681
v -0.222842 -0.283390 -0.004833
v -0.211652 -0.288033 0.008883
v -0.202627 -0.289715 0.023170
v -0.170966 -0.291534 0.055084
v -0.057578 -0.267681 0.167539
v -0.036737 -0.287422 0.199865
v -0.004729 -0.283805 0.228676
v 0.050695 0.016942 0.195293
v -0.200885 0.147632 -0.092780
v -0.184549 -0.289157 0.038977
v -0.187965 -0.273483 0.099170
v -0.298743 0.014518 0.094889
v -0.048905 -0.278969 0.182111
v -0.032541 -0.275344 0.203446
v -0.016209 -0.278595 0.218360
v -0.216804 -0.269405 -0.012192
v -0.270444 0.018524 0.127082
v 0.009107 -0.085686 0.203086
v -0.048907 -0.265976 0.175352
v 0.009601 -0.267205 0.228708
v -0.214943 -0.270396 -0.030313
v -0.202126 -0.269923 0.006156
v -0.306747 0.040490 0.067016
v 0.021139 -0.079647 0.229842
v -0.169813 -0.262397 0.173751
v -0.016441 -0.260237 0.210447
v -0.246420 0.048178 0.139612
v -0.177681 -0.270373 0.028919
v -0.170584 -0.257422 0.017424
v 0.278438 -0.023792 -0.164050
v -0.256317 -0.062003 0.138200
v -0.167120 -0.249522 0.160371
v 0.015778 -0.064263 0.229255
v -0.033161 -0.256535 0.187931
v -0.009337 -0.245074 0.199938
v 0.066734 0.029525 0.183164
v -0.202901 -0.258535 -0.007511
v -0.154057 -0.246819 0.010401
v -0.122862 0.360173 -0.037720
v -0.140216 -0.236799 0.152254
v -0.262538 0.126369 0.214797
v 0.004168 -0.032158 0.200779
v -0.245425 0.338705 -0.100690
v -0.041931 -0.246506 0.163740
v 0.013415 -0.018278 0.205650
v -0.268745 0.116192 0.205185
v -0.126470 -0.240963 0.030013
v -0.020707 -0.226063 0.156510
v -0.017836 -0.244309 0.187054
v 0.039857 -0.001115 0.219787
v -0.227900 -0.013738 0.167635
v -0.132312 -0.231765 0.016287
v -0.280905 0.142860 0.208299
v -0.112214 -0.229801 0.144604
v -0.022198 -0.235306 0.172953
v 0.025383 0.001552 0.197933
v -0.301278 -0.012883 0.091769
v -0.153335 -0.235073 -0.009161
v -0.304498 -0.027401 0.081791
v -0.331713 0.158462 0.163976
v 0.062894 0.014499 0.212299
v 0.001631 -0.225855 0.177173
v -0.299065 0.250165 0.159136
v -0.243154 -0.021400 0.157747
v -0.317211 0.274301 0.096335
v -0.130473 -0.218499 0.013851
v -0.114355 -0.210560 0.037231
v -0.299413 0.271219 0.133185
v -0.216493 -0.042050 0.171153
v -0.115546 -0.218987 0.129105
v -0.285529 0.286196 0.127573
v -0.005885 -0.216749 0.147705
v -0.313764 0.130376 0.193806
v -0.256567 0.410569 -0.261065
v -0.286145 -0.000455 0.112887
v -0.144832 -0.210517 -0.008668
v -0.262985 0.278779 0.157138
v -0.205982 -0.033058 0.178135
v -0.083058 -0.006879 -0.162352
v -0.302611 0.196607 0.194958
v -0.333866 0.137563 0.168332
v -0.118068 -0.214354 0.027933
v -0.112261 -0.196202 0.126970
v -0.318970 0.179973 0.175531
v -0.000096 -0.204935 0.143311
v 0.011205 -0.193887 0.155687
v -0.287613 0.144918 -0.066029
v -0.276005 0.185519 0.222521
v -0.121019 -0.198078 0.035396
v -0.261239 0.414372 -0.287564
v -0.128517 -0.192059 0.061685
v -0.128872 -0.179087 0.088673
v -0.124492 -0.195883 0.091053
v -0.101675 -0.166735 0.142892
v -0.286774 -0.067405 0.092818
v 0.050095 -0.189750 0.210355
v -0.268845 -0.018752 0.131976
v -0.288181 -0.040702 0.104232
v -0.141573 -0.179777 0.072176
v -0.279994 0.263101 0.163013
v 0.019882 -0.113390 0.199598
v 0.013860 -0.163518 0.163230
v -0.326001 0.147797 0.181174
v -0.093210 0.382242 -0.042946
v -0.308936 0.254714 0.137735
v -0.304603 0.226859 0.171881
v 0.063653 -0.172529 0.223801
v -0.288137 0.162212 0.213855
v -0.179548 0.095721 -0.117052
v -0.273826 -0.049173 0.124295
v -0.312730 0.113822 0.187775
v 0.040132 -0.165070 0.202342
v 0.079651 -0.168334 0.234437
v -0.219355 -0.064053 0.163063
v -0.288544 0.202014 0.206999
v -0.147379 -0.236945 0.142382
v 0.196233 0.077406 -0.147367
v -0.144113 -0.301210 0.192856
v -0.247835 0.358559 -0.139866
v -0.288112 0.044906 0.098110
v -0.311121 0.169013 0.191642
v -0.263973 0.061915 0.118840
v -0.310884 0.001396 0.075922
v -0.315555 0.228877 0.147816
v 0.045025 -0.010807 0.231319
v -0.156189 -0.016994 -0.154992
v 0.005112 -0.140540 0.158218
v 0.034201 0.442070 -0.159042
v 0.104428 0.077633 -0.161383
v 0.020912 -0.042470 0.230781
v -0.167649 0.317568 -0.024362
v -0.301495 0.141926 0.203377
v -0.237920 0.287589 -0.215243
v 0.038518 -0.075656 0.242651
v -0.288312 0.232829 0.185197
v 0.026359 -0.302679 0.226384
v -0.300279 0.171228 0.204160
v -0.194748 0.066561 -0.120732
v 0.033866 -0.103443 0.226344
v -0.250008 0.326264 -0.093440
v -0.254100 -0.044540 0.146586
v -0.289931 0.182564 0.214078
v -0.274795 -0.068264 0.114734
v -0.277289 0.038527 0.113100
v -0.300791 0.035407 0.084549
v -0.273367 0.231573 0.197934
v -0.262844 0.003180 0.136329
v -0.234592 0.006185 0.161000
v -0.127308 -0.030973 -0.159837
v -0.250095 -0.086307 0.127611
v 0.032264 0.063886 -0.162114
v -0.311683 0.288052 0.087806
v 0.020444 -0.135930 0.186667
v 0.041425 -0.137673 0.219667
v -0.286970 0.135940 0.207330
v 0.069129 0.415145 -0.180950
v 0.003306 -0.052221 0.205099
v -0.071806 -0.029719 -0.161077
v -0.018901 0.043386 -0.162244
v 0.000752 0.052657 -0.164717
v -0.236401 0.134082 -0.087497
v -0.093458 0.056050 -0.152455
v 0.003219 -0.108222 0.173559
v -0.090403 -0.307311 -0.157134
v -0.087614 -0.285195 -0.155763
v -0.095206 -0.296648 -0.138614
v -0.311712 0.100251 -0.016672
v 0.412211 -0.110145 0.000078
v -0.218808 -0.293289 -0.051571
v -0.169920 -0.287237 0.069334
v -0.256584 0.392998 -0.269534
v -0.081414 0.389258 -0.084487
v -0.256018 0.428647 -0.306234
v -0.064616 -0.285872 -0.188143
v -0.083598 -0.300103 -0.172061
v -0.199431 -0.277893 -0.072683
v -0.212902 -0.272500 -0.045760
v -0.245961 0.336294 -0.185785
v -0.181100 -0.282109 0.083350
v -0.228716 0.297869 -0.261404
v -0.067249 -0.272218 -0.171073
v -0.097934 -0.285839 -0.119178
v -0.317877 0.177224 -0.023270
v -0.252919 0.307307 -0.058625
v -0.217446 0.385493 -0.311156
v -0.189912 -0.271206 0.116599
v -0.072914 0.154385 -0.096152
v -0.103510 0.158695 -0.090196
v -0.072927 -0.262839 -0.157886
v -0.202946 -0.259273 -0.038623
v -0.234315 0.312166 -0.201468
v -0.141139 -0.264945 0.052111
v -0.165500 -0.272782 0.071837
v -0.193508 -0.275271 0.135708
v -0.268828 0.290271 -0.043630
v -0.082645 -0.270046 -0.139726
v -0.088613 -0.267440 -0.120091
v -0.284550 0.043602 -0.063772
v -0.193427 -0.251040 -0.023209
v -0.244861 0.298619 -0.121125
v -0.136596 -0.249438 0.075243
v -0.177882 -0.260885 0.100460
v -0.179786 -0.253338 0.132130
v -0.183431 -0.261908 0.149444
v -0.166469 -0.255576 -0.068103
v -0.181901 -0.251442 -0.044254
v -0.176772 -0.246325 -0.009606
v -0.325337 0.282318 0.064364
v -0.150136 -0.249133 0.092049
v -0.151079 -0.242401 0.107676
v -0.059335 0.411493 -0.085896
v -0.318297 0.228388 0.129644
v -0.333593 0.185852 0.083360
v -0.331936 0.172594 0.106962
v -0.030595 -0.274820 -0.200002
v -0.321183 0.115526 -0.017433
v -0.157482 -0.240170 -0.045659
v -0.225723 0.268457 -0.158191
v -0.125831 -0.251962 0.044624
v -0.162124 -0.242513 0.129803
v -0.152340 0.333566 -0.025252
v -0.273440 0.077766 -0.057188
v -0.123321 -0.248599 0.053588
v -0.122938 -0.235844 0.065088
v -0.256345 0.322220 -0.132520
v -0.048468 -0.240424 -0.135352
v -0.262678 0.306152 -0.026154
v -0.152933 -0.226250 -0.022934
v -0.127048 -0.226203 0.103320
v -0.128977 -0.232742 0.128744
v -0.234914 0.384940 -0.278183
v -0.136324 -0.239627 -0.077337
v -0.125432 -0.222841 0.079754
v -0.263989 0.377946 -0.230207
v 0.193479 0.151319 -0.097541
v -0.024180 0.076213 -0.144621
v -0.016005 -0.230478 -0.147027
v 0.382508 -0.126073 -0.031182
v 0.318069 0.079808 -0.082869
v -0.139560 -0.214150 -0.067145
v -0.149123 -0.230228 -0.054671
v -0.114984 -0.233104 0.041929
v -0.116558 -0.228845 0.052311
v -0.123235 -0.211271 0.101557
v -0.204854 0.367461 -0.333335
v -0.011551 -0.217567 -0.138084
v 0.097790 0.088874 -0.152897
v -0.150008 -0.205589 -0.034669
v -0.024349 0.430817 -0.106832
v -0.005032 -0.221911 -0.161332
v -0.017295 -0.219194 -0.118506
v -0.142799 -0.192365 -0.064070
v -0.118216 -0.208745 0.055302
v -0.314341 0.296977 0.057025
v -0.253775 0.411122 -0.294075
v -0.261136 0.361623 -0.211192
v 0.002531 -0.207670 -0.176686
v -0.136546 -0.200768 0.006599
v -0.304865 0.187933 -0.042046
v -0.320200 0.199256 -0.016159
v -0.331687 0.194984 0.032969
v -0.106456 0.364301 -0.072896
v -0.134493 -0.176992 -0.086019
v -0.151893 -0.188750 -0.001672
v -0.303591 0.228841 -0.023209
v -0.335598 0.189658 0.056161
v -0.326776 0.201003 0.080803
v 0.257565 0.121365 -0.098503
v -0.008326 -0.186576 -0.156866
v -0.016811 -0.201538 -0.121094
v -0.159995 -0.180736 -0.033250
v -0.321400 0.214648 0.026348
v -0.173259 0.395942 -0.365435
v -0.196513 0.368711 -0.349754
v 0.018062 0.443527 -0.143513
v 0.061504 0.458665 -0.181283
v -0.014331 -0.192292 -0.138905
v 0.198918 0.010152 -0.180569
v -0.152190 -0.179209 -0.052329
v -0.315742 0.218498 0.087334
v 0.167439 0.050135 -0.157919
v -0.322100 0.197934 0.113839
v -0.324262 0.229076 0.059484
v -0.342047 0.165018 0.067952
v -0.321892 0.191080 0.150296
v -0.088076 0.144508 -0.106532
v 0.203484 0.020813 -0.165716
v -0.057827 0.025674 -0.159973
v -0.193616 0.332518 -0.334027
v -0.255100 0.353350 -0.153989
v -0.106146 0.375499 -0.059806
v -0.252586 0.306378 -0.093663
v -0.205195 0.326189 -0.325667
v 0.418205 -0.149757 -0.049397
v -0.005265 -0.171180 -0.175502
v -0.015661 -0.150644 -0.164305
v 0.270144 0.043638 -0.141379
v -0.141764 0.342484 -0.039645
v -0.199472 0.342002 -0.340446
v -0.259186 0.343673 -0.170756
v 0.050195 0.131600 -0.104162
v 0.257037 0.079298 -0.124676
v -0.208461 0.338869 -0.326838
v 0.013382 -0.175704 -0.206225
v 0.007726 -0.150514 -0.210360
v -0.002015 -0.165417 -0.191107
v -0.023612 -0.170248 -0.126598
v -0.221324 0.113156 -0.087865
v -0.215683 0.336716 -0.302086
v -0.011827 -0.137025 -0.189642
v -0.025532 -0.143895 -0.141749
v 0.214776 0.043082 -0.158251
v 0.374299 -0.126360 -0.041860
v 0.133486 0.092708 -0.148327
v -0.227298 -0.140374 -0.050490
v -0.261766 0.407776 -0.267481
v -0.285080 0.291949 -0.024990
v -0.306920 0.204257 -0.034369
v 0.280985 -0.049876 -0.166375
v -0.242142 -0.122948 -0.058565
v -0.137128 -0.013705 -0.160934
v -0.233571 0.300175 -0.231226
v -0.240331 0.402858 -0.292439
v -0.003332 -0.133983 -0.204910
v 0.234613 0.042599 -0.157777
v -0.274981 -0.109484 -0.010062
v -0.242560 0.309292 -0.144792
v -0.328194 0.195029 0.008208
v 0.140593 0.004907 -0.212382
v -0.256182 -0.104452 -0.074276
v -0.267755 -0.110880 -0.031039
v -0.276893 -0.107183 0.010913
v -0.235827 0.277165 -0.151312
v -0.326919 0.280400 0.037306
v -0.324544 0.268879 0.029758
v -0.209294 0.418063 -0.342230
v 0.004039 0.068506 -0.156702
v 0.255645 0.147369 -0.061904
v -0.263634 -0.105872 -0.051123
v -0.279146 -0.094147 -0.037655
v -0.287790 -0.090126 -0.000470
v -0.321215 0.285524 0.020592
v 0.149235 0.116172 -0.136332
v -0.240468 0.296698 -0.194772
v -0.005434 -0.110004 -0.219089
v -0.016266 -0.104502 -0.203514
v -0.023617 -0.115010 -0.175235
v -0.271461 -0.090974 -0.062194
v -0.317522 0.256839 0.017768
v -0.254991 0.270471 -0.069254
v -0.231781 0.331363 -0.222990
v 0.181715 0.105746 -0.141543
v -0.033413 -0.093442 -0.162352
v -0.288587 -0.069368 -0.034898
v -0.287811 -0.087706 -0.022642
v -0.300542 -0.068638 0.007677
v -0.299803 -0.073803 0.027855
v -0.276456 -0.084036 0.091336
v 0.282629 0.095432 -0.101056
v -0.248032 0.322481 -0.157430
v -0.320214 0.292529 0.034633
v -0.222793 0.357205 -0.281121
v -0.026739 -0.089603 -0.189918
v -0.233677 -0.073531 -0.117798
v -0.264795 -0.073195 -0.082988
v -0.299663 -0.059778 0.054215
v -0.290884 -0.069676 0.067844
v -0.223800 0.325789 -0.264704
v -0.235151 0.346132 -0.229082
v 0.231305 0.081101 -0.134694
v -0.015206 -0.088840 -0.216310
v -0.177340 0.419706 -0.364437
v 0.053981 0.106939 -0.135650
v -0.280647 -0.068920 -0.059177
v -0.261142 0.239146 -0.070539
v -0.004626 -0.077335 -0.227849
v -0.016482 -0.071313 -0.213033
v -0.026986 -0.075402 -0.187012
v -0.086086 0.122451 -0.122841
v -0.267057 -0.051609 -0.092021
v -0.294536 -0.053722 -0.047158
v -0.303496 -0.050999 0.017409
v -0.302971 -0.059678 0.031645
v -0.294867 -0.046701 0.085922
v -0.252859 -0.058278 -0.105919
v -0.282829 -0.055721 -0.069328
v -0.300417 -0.060158 -0.013876
v -0.326149 0.244014 0.034226
v -0.240785 0.257144 -0.083701
v -0.286302 0.205209 -0.055474
v -0.246809 0.295171 -0.149477
v -0.242259 0.302328 -0.146977
v -0.125441 0.141470 -0.102547
v -0.013941 -0.045405 -0.204376
v -0.023534 -0.063410 -0.197109
v -0.301835 -0.037588 -0.042020
v 0.080259 0.062665 -0.162285
v -0.312845 0.267859 0.004280
v -0.297469 0.273369 -0.012666
v -0.307293 0.291400 0.005698
v -0.165737 -0.303105 0.185268
v -0.311287 -0.037957 -0.004891
v -0.314017 -0.033325 0.026748
v -0.309824 -0.039210 0.033155
v -0.304606 -0.040149 0.069086
v -0.240636 0.274160 -0.119981
v -0.034473 -0.052595 -0.172319
v -0.294137 -0.021974 -0.062292
v -0.310291 -0.033449 -0.021703
v -0.327853 0.264620 0.068344
v -0.342784 0.142724 0.045750
v -0.005832 -0.045581 -0.220703
v -0.013031 -0.028880 -0.189103
v -0.256966 -0.032915 -0.107180
v -0.272247 -0.031059 -0.087058
v -0.285393 -0.024484 -0.075950
v -0.317045 -0.024162 0.013413
v -0.318593 0.235070 0.024414
v -0.253681 0.296036 -0.075599
v -0.119277 0.359220 -0.060521
v -0.301773 0.172873 -0.054436
v -0.214780 0.313579 -0.306067
v -0.306022 -0.010878 -0.025026
v -0.315431 -0.009498 0.007855
v -0.318149 -0.013514 0.045275
v -0.282602 0.246727 -0.040283
v -0.230346 0.255576 -0.103524
v -0.256483 0.371458 -0.236774
v 0.066949 -0.001819 -0.224064
v -0.222280 0.312862 -0.283281
v -0.332200 0.160289 0.000565
v -0.248059 -0.016421 -0.117247
v -0.283689 -0.004773 -0.078716
v 0.091061 0.001947 -0.221313
v -0.006693 0.106160 -0.128621
v -0.047443 0.112257 -0.125151
v 0.080631 0.044664 -0.169840
v 0.179216 -0.031367 -0.216978
v 0.111724 -0.006920 -0.226649
v 0.226487 0.133043 -0.105738
v 0.295218 0.042675 -0.128227
v 0.362271 -0.158798 -0.059883
v 0.293257 0.019260 -0.137160
v 0.041582 0.044267 -0.167621
v 0.319221 -0.054619 -0.143015
v 0.048309 0.478855 -0.151376
v 0.178000 0.122381 -0.130885
v 0.435765 -0.136637 -0.033052
v 0.117155 0.096507 -0.148093
v 0.381330 -0.152866 -0.053042
v 0.092716 0.020740 -0.190036
v -0.167519 0.120596 -0.105422
v 0.211679 0.127396 -0.118984
v 0.223571 0.003939 -0.173016
v -0.014762 -0.241836 -0.175687
v 0.053060 0.472795 -0.165845
v 0.077505 0.081702 -0.150923
v -0.223051 -0.287305 -0.042767
v 0.237362 0.062319 -0.138358
v -0.028870 0.124977 -0.108382
v -0.113002 0.122285 -0.121170
v 0.110299 0.120160 -0.126113
v 0.065019 0.474100 -0.174870
v -0.013269 -0.290251 -0.202398
v 0.076547 0.463746 -0.188942
v -0.102424 0.089962 -0.137082
v 0.077174 -0.017771 -0.236164
v -0.181257 0.310204 -0.031396
v -0.140039 0.084220 -0.138066
v 0.087519 0.453678 -0.191644
v 0.007579 -0.307521 -0.197179
v 0.110547 0.041368 -0.168274
v -0.149632 0.326545 -0.043644
v 0.243416 -0.012115 -0.175357
v 0.214464 0.155433 -0.082077
v 0.032577 0.021677 -0.172343
v 0.056284 0.019850 -0.175533
v -0.158424 0.295318 -0.050156
v 0.163267 0.172741 -0.069837
v 0.100744 0.029480 -0.172571
v 0.081963 0.449688 -0.196907
v -0.170906 0.303992 -0.041591
v -0.007930 0.118438 -0.117414
v 0.302593 0.092983 -0.089051
v -0.019005 -0.305373 -0.205163
v 0.074114 0.438817 -0.192078
v 0.204894 0.109918 -0.131417
v -0.175450 0.289673 -0.055177
v 0.334388 0.035031 -0.097641
v 0.395504 -0.115824 -0.015754
v 0.142446 0.132377 -0.117078
v 0.231380 -0.021191 -0.186915
v 0.180933 0.018159 -0.174893
v -0.078488 -0.247754 -0.107578
v 0.101678 0.100857 -0.140996
v 0.081021 0.110321 -0.131940
v 0.386833 -0.102618 0.005631
v 0.275669 0.078027 -0.116919
v -0.074524 0.101833 -0.130395
v 0.443203 -0.155296 -0.033180
v -0.163655 -0.298014 -0.095814
v 0.128279 0.079596 -0.157964
v 0.284461 -0.169829 -0.161933
v 0.181552 0.039764 -0.156451
v -0.052649 0.157274 -0.084606
v 0.278885 0.111333 -0.089224
v -0.171856 -0.311632 -0.094919
v -0.162395 0.274994 -0.056514
v 0.199137 0.034418 -0.160990
v 0.315774 0.044012 -0.112824
v 0.209529 0.054448 -0.149657
v 0.264142 -0.001120 -0.161513
v 0.307890 -0.008942 -0.140813
v 0.177260 0.029424 -0.161958
v -0.066555 -0.248486 -0.139461
v 0.327792 0.020529 -0.108803
v 0.193490 0.139520 -0.113602
v 0.422487 -0.114640 -0.011618
v 0.277226 0.127058 -0.072761
v -0.052259 -0.267372 -0.185710
v -0.000913 0.087592 -0.139767
v -0.166460 0.254076 -0.066342
v 0.243107 0.050629 -0.146645
v 0.183834 -0.013089 -0.210247
v 0.108292 0.145628 -0.105473
v 0.046440 0.012124 -0.189254
v 0.057259 0.064466 -0.160440
v 0.141375 0.036081 -0.164856
v 0.098259 0.160503 -0.087011
v -0.207188 0.443540 -0.350642
v 0.022917 0.108102 -0.127240
v -0.164278 -0.265431 -0.081099
v 0.419329 -0.181884 -0.061664
v -0.045964 -0.295061 -0.200281
v -0.145595 0.243748 -0.061237
v 0.334450 0.049151 -0.087895
v -0.040555 0.135290 -0.101733
v 0.096508 -0.045424 -0.243673
v -0.165808 0.135360 -0.095216
v -0.061004 0.141287 -0.106537
v 0.291185 0.073698 -0.111978
v 0.135173 0.112240 -0.135466
v 0.344536 -0.020988 -0.111597
v 0.135884 -0.010185 -0.224029
v 0.403192 -0.168452 -0.064659
v 0.433460 -0.161746 -0.043189
v 0.250571 0.108182 -0.114460
v 0.066495 0.122788 -0.121496
v -0.221258 -0.117312 0.128370
v 0.262003 -0.039316 -0.175539
v 0.327542 -0.035013 -0.135154
v 0.239925 0.140739 -0.086439
v 0.013484 -0.272774 -0.197649
v 0.102442 0.013237 -0.205942
v -0.148672 -0.311767 -0.104450
v -0.033857 -0.255600 -0.186893
v -0.063116 0.124310 -0.117406
v 0.229520 0.102342 -0.126824
v 0.365137 -0.172661 -0.064625
v -0.117034 -0.301114 -0.110724
v 0.182800 0.001519 -0.200121
v 0.043034 -0.006707 -0.225715
v 0.082423 0.144548 -0.096936
v 0.397019 -0.133082 -0.037997
v 0.128903 0.021633 -0.188341
v -0.130010 0.219655 -0.055323
v -0.099482 0.187748 -0.038020
v 0.167923 0.135497 -0.118736
v 0.132530 0.148232 -0.100400
v 0.016546 0.008487 -0.176762
v -0.073683 -0.299274 -0.187568
v -0.136156 0.205810 -0.067382
v -0.116270 0.202283 -0.052374
v 0.158307 0.014091 -0.193528
v 0.104468 0.175651 -0.056796
v 0.178494 0.185018 -0.041958
v 0.324359 -0.010030 -0.127639
v -0.205387 0.447817 -0.347413
v -0.029345 0.089385 -0.140163
v 0.167912 0.155298 -0.095474
v 0.024106 -0.004251 -0.212256
v -0.108224 0.183888 -0.053592
v 0.140814 0.175739 -0.063543
v 0.157749 -0.022516 -0.220505
v 0.183372 0.091722 -0.147788
v 0.293608 -0.015801 -0.152003
v -0.132032 0.155823 -0.084716
v -0.101825 0.136550 -0.112957
v 0.043501 0.138863 -0.096092
v -0.191229 0.443180 -0.355512
v -0.122288 -0.292411 -0.107535
v -0.124459 0.181263 -0.068037
v -0.089378 0.179282 -0.038583
v 0.129109 0.180727 -0.052279
v 0.182120 0.170523 -0.073661
v 0.205145 0.170430 -0.063213
v 0.418980 -0.126619 -0.030589
v -0.180760 0.433456 -0.358793
v 0.290579 -0.154093 -0.153697
v 0.322588 0.055876 -0.099586
v 0.304893 0.070717 -0.103892
v -0.108236 0.106381 -0.129252
v -0.024728 0.148747 -0.077286
v -0.117580 0.170240 -0.071651
v -0.037541 0.161525 -0.063054
v 0.436541 -0.125365 -0.021340
v 0.060943 0.159684 -0.065615
v 0.057171 0.087743 -0.147954
v -0.134605 -0.281246 -0.101238
v -0.031800 -0.241293 -0.161982
v 0.215632 -0.001557 -0.183301
v 0.149399 0.025934 -0.172595
v -0.095190 0.170626 -0.071992
v -0.070783 0.168748 -0.068323
v 0.036349 0.149426 -0.078372
v 0.082178 0.162804 -0.073627
v 0.122211 0.166327 -0.082663
v 0.152130 -0.307076 -0.166961
v 0.068146 -0.305583 -0.181462
v 0.034287 -0.307008 -0.191212
v 0.206901 -0.300980 -0.159059
v 0.164615 -0.300115 -0.170128
v -0.119371 0.012411 -0.160916
v -0.138352 0.020083 -0.157455
v 0.002267 0.390515 -0.140638
v 0.213879 -0.283333 -0.162988
v 0.167544 -0.286965 -0.171637
v 0.109472 -0.298486 -0.176839
v 0.076237 -0.292001 -0.183115
v -0.101459 -0.300180 -0.115480
v -0.090699 0.074002 -0.143873
v -0.113977 0.081085 -0.142364
v -0.194945 -0.298357 -0.083994
v 0.023663 0.382501 -0.144009
v 0.121128 -0.288359 -0.178057
v 0.015922 -0.293337 -0.197380
v 0.294727 -0.293765 -0.048176
v 0.103793 -0.272418 -0.180633
v 0.058032 -0.281388 -0.189179
v -0.191791 0.238340 -0.086462
v -0.098397 -0.276496 -0.108084
v -0.208916 -0.293148 -0.072361
v 0.337710 -0.279033 -0.051192
v 0.327495 -0.273621 -0.061262
v 0.171627 -0.272178 -0.171097
v 0.241267 0.031477 -0.161082
v -0.167789 0.068557 -0.134809
v -0.177418 -0.279361 -0.085011
v 0.276381 -0.282782 -0.067553
v 0.143673 -0.262575 -0.176567
v 0.102957 -0.262347 -0.181815
v 0.055146 -0.263389 -0.189695
v 0.008365 -0.255967 -0.192508
v 0.164519 0.078678 -0.151144
v -0.156017 0.007621 -0.153274
v -0.196783 -0.268019 -0.060985
v -0.170110 -0.000219 -0.145005
v 0.306841 -0.266428 -0.070908
v -0.028444 -0.299012 0.206877
v 0.233993 -0.257715 -0.165938
v 0.199814 -0.258614 -0.175543
v 0.167505 -0.250114 -0.185167
v 0.102224 -0.253514 -0.193703
v 0.063485 -0.254056 -0.190793
v 0.294637 -0.255843 -0.078719
v 0.187058 -0.254008 -0.176848
v 0.139877 -0.252328 -0.187850
v 0.136052 -0.239716 -0.201391
v -0.018084 -0.255623 -0.191835
v -0.028851 0.323949 -0.103719
v -0.117364 -0.264049 -0.098520
v 0.335457 -0.242124 -0.078303
v 0.273894 -0.266452 -0.083011
v 0.271760 -0.236873 -0.148400
v 0.217001 -0.251290 -0.174408
v 0.213963 -0.235526 -0.183940
v 0.164129 -0.238121 -0.196725
v 0.099413 -0.243655 -0.201146
v 0.073791 -0.218812 -0.213349
v 0.035314 -0.245721 -0.191173
v 0.349938 -0.250880 -0.070148
v 0.318596 -0.235074 -0.079774
v -0.192803 0.026242 -0.133661
v 0.151501 -0.226466 -0.203605
v 0.102590 -0.229245 -0.207293
v 0.056066 -0.237695 -0.200424
v 0.010263 -0.240371 -0.181863
v -0.293011 0.085602 0.157269
v -0.120287 -0.237384 -0.087734
v -0.281435 0.172772 -0.070935
v 0.344617 -0.219682 -0.081327
v -0.245974 0.026996 -0.108383
v 0.249657 -0.221478 -0.175384
v 0.175561 -0.223403 -0.197208
v 0.012955 -0.220840 -0.185662
v -0.038890 -0.231549 -0.113226
v -0.076381 0.351266 -0.100167
v -0.194051 0.425952 -0.359367
v -0.031596 0.414435 -0.115539
v 0.370499 -0.227611 -0.077676
v -0.115252 0.316443 -0.073586
v 0.276419 -0.207628 -0.158828
v 0.197294 -0.232280 -0.190136
v 0.030962 -0.209786 -0.202458
v -0.025006 -0.219781 -0.103015
v -0.049487 -0.230852 -0.106825
v -0.065694 -0.232142 -0.105069
v -0.094806 -0.241413 -0.098868
v 0.374633 -0.211435 -0.079476
v 0.316417 -0.223175 -0.084154
v 0.225858 -0.222407 -0.183146
v 0.180163 -0.202563 -0.204657
v 0.155922 -0.200017 -0.208652
v 0.147916 -0.213631 -0.204413
v 0.126004 -0.218792 -0.209291
v 0.096159 -0.200552 -0.220637
v 0.045124 -0.185954 -0.222010
v -0.170752 0.204842 -0.084085
v -0.078917 -0.199221 -0.105668
v -0.170733 0.382968 -0.352585
v 0.390657 -0.213240 -0.073262
v -0.048398 0.089344 -0.141014
v 0.248045 -0.205665 -0.186817
v 0.172740 -0.185138 -0.206427
v 0.090067 -0.209834 -0.219342
v -0.035974 -0.216402 -0.100218
v -0.095251 -0.221710 -0.097545
v -0.206202 0.107057 -0.095896
v -0.222233 0.296546 -0.277601
v 0.114419 -0.307031 -0.171917
v 0.231871 -0.199744 -0.192895
v 0.200193 -0.204229 -0.200557
v 0.138742 -0.179404 -0.219123
v 0.117817 -0.199055 -0.216432
v -0.122297 -0.215683 -0.085014
v -0.127053 -0.176555 -0.093033
v -0.230244 0.018328 -0.121335
v 0.373899 -0.198389 -0.077944
v 0.343582 -0.202952 -0.078698
v 0.345521 -0.188106 -0.073925
v 0.097311 -0.179313 -0.224683
v -0.037339 -0.201143 -0.101240
v -0.053221 -0.205180 -0.103101
v 0.053259 -0.299287 0.223061
v 0.403222 -0.186620 -0.070633
v 0.383214 -0.180508 -0.071438
v 0.222923 -0.177712 -0.194761
v 0.198134 -0.189251 -0.201733
v 0.113153 -0.175455 -0.226020
v 0.081208 -0.179900 -0.228979
v 0.070106 -0.160579 -0.237232
v -0.096176 -0.177603 -0.109459
v -0.147439 0.158036 -0.083898
v -0.264545 0.136085 -0.076075
v -0.265048 0.162188 -0.078364
v 0.260277 -0.184572 -0.181164
v 0.184259 -0.165940 -0.207626
v 0.161955 -0.174421 -0.214577
v 0.057990 -0.170193 -0.232393
v -0.023024 -0.191267 -0.109298
v -0.031375 -0.169204 -0.114198
v -0.030283 -0.192151 -0.103836
v -0.054704 -0.185548 -0.106203
v -0.087693 -0.162708 -0.115941
v -0.149113 0.205490 -0.075830
v -0.086895 0.326768 -0.091568
v -0.261300 -0.126887 0.014266
v 0.022246 0.039505 -0.169912
v -0.000451 0.026386 -0.168588
v -0.113880 0.288101 -0.065573
v -0.025899 0.009006 -0.167794
v 0.245709 -0.166113 -0.187769
v -0.055950 0.047143 -0.153405
v -0.108073 -0.195996 -0.099565
v -0.134114 0.262320 -0.052488
v -0.090391 0.022193 -0.159027
v -0.118190 0.033740 -0.158458
v 0.264957 -0.162353 -0.176172
v 0.195183 -0.160344 -0.207655
v 0.140377 -0.153223 -0.224961
v 0.100799 -0.156106 -0.231986
v -0.105482 -0.152012 -0.114078
v -0.125497 0.061653 -0.146325
v -0.140688 0.041082 -0.149559
v -0.160201 0.024887 -0.146076
v -0.154025 0.052284 -0.142474
v 0.004765 0.408718 -0.142542
v 0.262819 -0.140188 -0.182628
v 0.219868 -0.153038 -0.201012
v 0.204122 -0.137610 -0.206414
v 0.053198 -0.144434 -0.241321
v -0.191293 0.208247 -0.088555
v -0.246936 0.249194 -0.076770
v -0.068855 -0.168322 -0.112961
v -0.145248 -0.166853 -0.076486
v -0.176135 -0.162080 -0.070111
v -0.047827 0.363091 -0.117164
v 0.042454 0.366214 -0.137737
v 0.177341 -0.148797 -0.215000
v 0.114240 -0.127617 -0.232414
v 0.090402 -0.135452 -0.235430
v -0.037975 -0.141558 -0.126504
v -0.134122 -0.152815 -0.094939
v -0.185054 -0.147991 -0.082610
v -0.185408 0.173224 -0.090929
v 0.005658 -0.299832 0.228897
v 0.246217 -0.140576 -0.193264
v 0.208275 -0.125456 -0.209783
v 0.172890 -0.134167 -0.215866
v 0.122076 -0.142582 -0.226921
v 0.031643 -0.139867 -0.235526
v -0.090973 0.312349 -0.084458
v -0.122129 -0.141386 -0.109379
v -0.155360 -0.143374 -0.098653
v -0.149610 0.252669 -0.058331
v -0.271849 0.191081 -0.069696
v -0.147296 0.177187 -0.078798
v 0.236603 -0.124399 -0.198682
v 0.178426 -0.121023 -0.219972
v 0.148771 -0.122870 -0.224815
v 0.076466 -0.128768 -0.242665
v -0.203336 0.127522 -0.091863
v -0.052100 -0.155276 -0.118208
v 0.154425 0.097228 -0.149028
v -0.247564 -0.134566 0.046854
v 0.093175 -0.111312 -0.241342
v 0.051975 -0.121943 -0.245385
v 0.025832 -0.110759 -0.243467
v 0.009897 -0.119031 -0.229924
v -0.209250 0.232907 -0.087081
v -0.037341 -0.119598 -0.139819
v -0.069867 -0.126282 -0.133423
v -0.128114 -0.123570 -0.123559
v -0.201208 -0.137313 -0.081939
v 0.091922 0.437842 -0.199375
v -0.244060 0.168360 -0.088215
v -0.306511 0.094384 0.170501
v 0.190063 -0.102889 -0.219315
v -0.187106 0.342216 -0.341473
v -0.084312 -0.107691 -0.139108
v -0.091590 -0.127980 -0.129056
v -0.102930 -0.111976 -0.129977
v -0.153900 -0.127501 -0.121242
v -0.227521 -0.117167 -0.085359
v 0.276464 -0.103959 -0.175607
v 0.226072 -0.105706 -0.200455
v 0.169763 -0.105667 -0.225279
v 0.133213 -0.104854 -0.232175
v 0.106704 -0.100316 -0.239081
v 0.040354 -0.088456 -0.248487
v -0.030899 -0.114258 -0.154344
v -0.054032 -0.110442 -0.137185
v -0.187845 -0.109013 -0.125990
v -0.188301 -0.124146 -0.110109
v 0.021604 0.348390 -0.121695
v 0.259060 -0.111203 -0.185742
v 0.225104 -0.091081 -0.199727
v 0.204652 -0.100001 -0.208908
v 0.068739 -0.085637 -0.245627
v 0.062088 -0.102955 -0.247558
v -0.119185 -0.109243 -0.130680
v -0.154763 -0.104355 -0.137289
v -0.214794 -0.113113 -0.103251
v -0.247798 0.118451 -0.080638
v -0.051419 0.068712 -0.149965
v 0.200117 -0.074020 -0.212141
v 0.117245 -0.082414 -0.240389
v 0.010094 -0.093126 -0.236789
v -0.057481 0.325365 -0.101423
v -0.194135 -0.094837 -0.133299
v -0.217735 -0.095854 -0.118260
v -0.238990 -0.100271 -0.095085
v -0.182866 0.401135 -0.364056
v 0.303393 -0.095525 -0.154111
v 0.244596 -0.078522 -0.190102
v 0.100423 -0.076864 -0.242602
v 0.024984 -0.091177 -0.245089
v -0.052091 -0.092099 -0.143086
v -0.083677 -0.085516 -0.145061
v -0.118782 -0.095638 -0.140723
v -0.219892 0.184621 -0.092032
v 0.290283 -0.079723 -0.162658
v 0.184128 -0.076362 -0.220950
v 0.170429 -0.083640 -0.224542
v 0.062917 -0.067425 -0.249217
v 0.049258 -0.056170 -0.248314
v -0.267138 0.216243 -0.068189
v -0.015213 0.372681 -0.130670
v -0.039856 -0.087664 -0.146856
v -0.108031 -0.078168 -0.147898
v -0.139657 -0.083320 -0.148827
v 0.267335 -0.072205 -0.178250
v 0.208166 -0.055588 -0.205744
v 0.154437 -0.049201 -0.226757
v 0.143775 -0.078917 -0.231632
v 0.142646 -0.058219 -0.234725
v 0.122067 -0.059009 -0.240339
v -0.026694 0.059767 -0.153437
v -0.057719 -0.065509 -0.153041
v -0.166987 -0.074653 -0.146864
v -0.070971 0.050384 -0.154394
v 0.086965 -0.059428 -0.245621
v 0.025080 -0.064731 -0.244792
v 0.004146 -0.070497 -0.235965
v -0.038412 -0.072434 -0.162108
v -0.086948 -0.063125 -0.152537
v -0.116831 -0.061515 -0.157148
v -0.142017 -0.063488 -0.157085
v -0.310281 0.088554 0.048911
v -0.227337 0.087130 0.187613
v -0.027508 0.390854 -0.126577
v -0.200486 -0.165567 0.064725
v 0.303629 -0.063274 -0.150300
v 0.228679 -0.039965 -0.196343
v -0.216071 0.031328 -0.123471
v -0.184971 -0.064640 -0.144453
v -0.206044 -0.072743 -0.135253
v -0.091535 0.357496 -0.089010
v 0.205445 -0.032058 -0.206202
v 0.182743 -0.046219 -0.216376
v 0.127102 -0.037188 -0.235140
v 0.005537 -0.050131 -0.234627
v -0.044008 -0.045980 -0.163401
v -0.055570 -0.046411 -0.159998
v -0.153148 -0.041112 -0.155765
v -0.178490 -0.040409 -0.145799
v -0.224027 0.157445 -0.091161
v 0.221328 0.024932 -0.164779
v 0.035510 0.416970 -0.160306
v 0.068260 -0.035788 -0.244730
v 0.024542 -0.024529 -0.232899
v -0.121727 -0.050600 -0.158362
v -0.214136 -0.044222 -0.135616
v -0.221556 0.068888 -0.106156
v 0.300605 -0.040980 -0.152199
v -0.142304 0.110885 -0.122428
v 0.103012 -0.026585 -0.235611
v -0.274717 0.092150 -0.051319
v 0.047862 -0.022617 -0.237882
v 0.035833 -0.039411 -0.242312
v 0.011500 -0.027517 -0.228016
v -0.108238 -0.017999 -0.159479
v -0.040503 -0.307107 -0.206125
v -0.026498 -0.313149 -0.200321
v 0.010704 -0.313767 -0.182750
v 0.058478 -0.313123 -0.173989
v 0.117218 -0.312000 -0.163526
v 0.178355 -0.309602 -0.154508
v 0.216930 -0.306569 -0.142924
v -0.074557 -0.310139 -0.187604
v -0.026895 -0.313293 -0.184808
v 0.177306 -0.310259 -0.143706
v -0.083856 -0.312854 -0.159982
v 0.022549 -0.313023 -0.166716
v 0.085133 -0.311656 -0.155538
v 0.134309 -0.310837 -0.146634
v 0.153803 -0.308741 -0.132565
v 0.003718 -0.311581 -0.157085
v 0.075768 -0.309248 -0.145047
v 0.194395 -0.310045 -0.126448
v 0.067447 -0.301412 -0.139718
v 0.132724 -0.301283 -0.129061
v 0.156501 -0.298656 -0.123141
v -0.037011 -0.311968 -0.152717
v 0.010128 -0.301203 -0.147017
v 0.187602 -0.302616 -0.112109
v 0.198967 -0.307279 -0.104948
v 0.217473 -0.308618 -0.121652
v -0.046164 -0.302434 -0.124297
v 0.132081 -0.288337 -0.119912
v -0.059139 -0.313089 -0.168755
v -0.067456 -0.311085 -0.108744
v -0.018363 -0.302889 -0.145979
v 0.041072 -0.290116 -0.135731
v 0.087434 -0.288949 -0.127597
v 0.167856 -0.291972 -0.113705
v 0.226851 -0.308966 -0.062084
v -0.102488 -0.310412 -0.126418
v -0.100678 -0.313065 -0.112914
v -0.027754 -0.292635 -0.130241
v 0.000952 -0.288360 -0.135678
v 0.100902 -0.285133 -0.113928
v 0.178205 -0.289596 -0.099275
v 0.183162 -0.307710 -0.062317
v 0.206678 -0.309383 -0.077535
v 0.250330 -0.303017 -0.066290
v 0.045193 -0.286509 -0.120137
v 0.138968 -0.284369 -0.100394
v 0.164563 -0.285156 -0.088518
v 0.183710 -0.296993 -0.081691
v 0.248022 -0.306755 -0.056565
v -0.087951 -0.313180 -0.111482
v -0.014049 -0.287144 -0.119353
v -0.121232 -0.312516 -0.109183
v 0.022108 -0.287423 -0.104072
v 0.165382 -0.289372 -0.066371
v 0.194187 -0.309914 -0.037889
v 0.295134 -0.301816 -0.028347
v -0.144304 -0.313545 -0.093901
v 0.043980 -0.287839 -0.070231
v 0.229398 -0.309076 -0.034900
v 0.255031 -0.307892 -0.017593
v -0.060113 -0.299884 -0.084679
v 0.071218 -0.287101 -0.068989
v 0.156872 -0.304150 -0.034746
v 0.217260 -0.302313 -0.026669
v 0.224021 -0.299544 -0.027832
v 0.267578 -0.307651 -0.026149
v 0.312095 -0.301733 -0.010462
v -0.184349 -0.312269 -0.088124
v -0.187196 -0.313377 -0.073237
v -0.051827 -0.287770 -0.084515
v 0.096126 -0.285863 -0.085429
v 0.165353 -0.310082 -0.021050
v 0.193571 -0.300626 -0.023364
v 0.299126 -0.306052 0.004058
v -0.127589 -0.313710 -0.056117
v -0.068383 -0.311863 -0.056470
v 0.128781 -0.285561 -0.061117
v 0.176986 -0.305257 -0.012918
v 0.252826 -0.301108 -0.001367
v 0.328819 -0.298062 0.003958
v -0.201722 -0.311942 -0.078629
v 0.140660 -0.293424 -0.022100
v 0.161124 -0.310469 0.014016
v 0.170258 -0.311131 0.000605
v 0.274696 -0.308290 0.010142
v 0.290805 -0.305710 0.035997
v -0.201488 -0.150194 0.094258
v -0.094781 -0.313156 -0.051377
v -0.026493 -0.289440 -0.049470
v -0.020866 -0.288778 -0.048932
v 0.032773 -0.289075 -0.023454
v 0.268496 -0.306896 0.044897
v 0.365570 -0.280234 -0.000606
v -0.157938 -0.313895 -0.047876
v -0.047940 -0.313012 -0.023132
v 0.090995 -0.287925 -0.014572
v 0.137672 -0.287084 -0.034374
v 0.143259 -0.303560 -0.004076
v 0.137573 -0.299785 0.020124
v 0.259827 -0.297769 0.025473
v -0.221787 -0.309330 -0.050806
v -0.211993 -0.312575 -0.047777
v -0.190083 -0.313669 -0.032175
v -0.098291 -0.313690 -0.028339
v 0.125760 -0.289557 0.020653
v 0.317813 -0.298471 0.037290
v 0.337311 -0.292981 0.029793
v -0.091142 -0.312647 -0.013534
v -0.054785 -0.311440 -0.002578
v 0.095736 -0.288627 0.033693
v 0.255936 -0.301779 0.047120
v 0.376716 -0.273756 0.035954
v -0.229600 -0.299460 -0.038731
v -0.224558 -0.308776 -0.025043
v 0.001265 -0.290124 -0.005745
v 0.059310 -0.288969 0.006026
v 0.186725 -0.306761 0.046940
v 0.266733 -0.301348 0.084156
v 0.358038 -0.277093 0.060463
v -0.120463 -0.312947 -0.005253
v -0.098522 -0.303110 -0.005007
v 0.137566 -0.295616 0.040985
v 0.149591 -0.306965 0.034024
v 0.159778 -0.307829 0.050635
v 0.213462 -0.309155 0.063934
v 0.218854 -0.308918 0.064809
v 0.235219 -0.307777 0.067123
v 0.299174 -0.299497 0.055918
v -0.057796 -0.299097 0.008992
v -0.011736 -0.311140 0.029227
v 0.248607 -0.305057 0.098009
v 0.273964 -0.289909 0.105298
v 0.318372 -0.288879 0.071709
v 0.398103 -0.256485 0.059985
v -0.155984 -0.142643 0.134338
v -0.203027 -0.311910 -0.001668
v -0.034393 -0.312001 0.017510
v -0.009132 -0.309633 0.037735
v 0.153648 -0.299176 0.062673
v 0.378063 -0.256218 0.085080
v -0.211013 0.082700 0.154769
v -0.153166 -0.313066 0.025786
v -0.130071 -0.313259 0.025510
v -0.039659 -0.301343 0.033343
v -0.004267 -0.303900 0.042886
v 0.007519 -0.291779 0.034388
v 0.139182 -0.289685 0.058784
v 0.325934 -0.275084 0.092592
v -0.215192 -0.308642 0.003869
v -0.134248 -0.314682 0.035126
v 0.168008 -0.295007 0.081147
v 0.179266 -0.304892 0.078877
v 0.188167 -0.307248 0.077541
v 0.345750 -0.274779 0.082290
v 0.131191 -0.286693 0.083090
v 0.161501 -0.286789 0.087055
v 0.191362 -0.296180 0.100403
v 0.213038 -0.306798 0.116672
v 0.260027 -0.295341 0.124267
v 0.294421 -0.284456 0.093958
v -0.308648 0.090927 0.145158
v 0.052521 -0.289396 0.057835
v 0.196971 -0.295370 0.112495
v 0.363387 -0.252031 0.103290
v -0.290915 0.101602 0.193565
v -0.236429 0.076162 0.155868
v -0.119907 -0.154879 0.130245
v -0.174334 -0.311024 0.040564
v -0.044586 -0.304378 0.072243
v 0.067713 -0.287124 0.105033
v -0.273106 0.079861 0.149115
v -0.319235 0.101560 0.122946
v -0.215038 -0.131685 0.114072
v -0.260475 0.080977 0.172921
v -0.246909 0.070957 0.145077
v -0.143143 -0.310455 0.091062
v -0.052927 -0.303733 0.079211
v -0.037446 -0.310187 0.070760
v 0.011561 -0.291147 0.056482
v 0.180536 -0.285260 0.105912
v 0.224673 -0.306712 0.144334
v 0.243683 -0.302639 0.142564
v -0.184086 -0.145534 0.117690
v 0.349479 -0.254595 0.108206
v -0.270005 -0.116318 0.035887
v -0.135108 -0.138947 0.144079
v -0.232887 0.280326 -0.195292
v -0.159983 -0.105731 0.166097
v -0.162674 -0.171407 -0.059029
v -0.179575 -0.308033 0.074691
v -0.071610 -0.312830 0.092435
v 0.191254 -0.292312 0.128399
v 0.188918 -0.306528 0.140615
v -0.319138 0.107290 0.174232
v -0.193802 -0.102224 0.155614
v -0.189145 -0.167878 -0.045591
v 0.171976 -0.282663 0.125146
v 0.249480 -0.295445 0.156436
v -0.201350 -0.159768 -0.055795
v -0.188296 -0.173416 -0.024879
v -0.150785 -0.192279 -0.021349
v -0.239359 -0.112523 0.115634
v -0.175582 -0.309343 0.117975
v -0.097316 -0.308821 0.110896
v 0.037311 -0.288378 0.097232
v 0.229790 -0.302668 0.166531
v -0.212101 0.092147 0.187399
v -0.226177 0.281057 -0.225729
v -0.214434 -0.160895 -0.028281
v -0.293615 -0.081755 0.038298
v -0.326294 0.111981 0.080890
v -0.314095 0.100111 0.076592
v -0.223549 0.098365 0.208709
v -0.138681 -0.123656 0.153858
v -0.254064 0.066875 0.132726
v -0.171566 -0.181910 -0.004949
v -0.195560 -0.305820 0.105230
v -0.154246 -0.308948 0.140618
v -0.123030 -0.308686 0.132194
v -0.035128 -0.307389 0.131899
v -0.015237 -0.289458 0.120594
v 0.119219 -0.283397 0.142873
v 0.208011 -0.305032 0.173452
v -0.242125 0.105262 0.215591
v -0.270908 0.100049 0.194237
v -0.238040 -0.127253 0.094111
v -0.263331 -0.092361 0.104360
v -0.192519 -0.307091 0.127591
v -0.029040 -0.309338 0.143968
v 0.170334 -0.306906 0.177800
v 0.203482 -0.299682 0.183949
v -0.168091 -0.119149 0.152957
v -0.314879 0.104849 0.100216
v -0.209292 -0.171147 0.007793
v -0.282491 0.115085 0.203925
v -0.071701 -0.308700 0.124779
v 0.086521 -0.282548 0.153940
v 0.130250 -0.306542 0.188905
v -0.188717 -0.179447 0.020730
v -0.157821 -0.188141 0.022630
v 0.024365 -0.284407 0.152024
v 0.051026 -0.283617 0.156827
v 0.059750 -0.306917 0.178950
v 0.161854 -0.301643 0.191040
v -0.295505 0.091924 0.110399
v -0.297649 0.088360 0.130125
v -0.240224 -0.142264 -0.022497
v -0.222568 -0.162565 -0.001292
v -0.171089 -0.182804 0.038698
v -0.097530 -0.307876 0.158567
v -0.065745 -0.307664 0.162457
v 0.008849 -0.307716 0.177859
v 0.128403 -0.299595 0.200590
v -0.268177 0.077249 0.129531
v -0.163663 -0.160427 0.101989
v -0.119562 -0.135128 0.146470
v -0.114137 -0.120293 0.157231
v -0.231233 -0.154049 0.031808
v -0.209125 -0.170506 0.032574
v -0.058423 -0.303675 0.172790
v 0.102844 -0.305906 0.198675
v -0.196567 -0.124067 0.136935
v -0.209597 0.287824 -0.253690
v -0.225715 -0.140496 0.082203
v -0.243245 -0.142903 0.006172
v -0.191742 -0.301064 0.158750
v -0.045792 -0.301172 0.184682
v 0.095882 -0.300898 0.208656
v -0.295227 0.118073 0.201966
v -0.182543 -0.162365 0.085757
v -0.199423 -0.171606 0.046768
v -0.155683 -0.176858 0.070043
v -0.186914 -0.305988 0.156822
v -0.131183 -0.308223 0.174288
v 0.051689 -0.306673 0.207780
v 0.085743 -0.292305 0.213004
v -0.243505 0.089526 0.194566
v -0.253854 -0.126011 -0.020610
v -0.231291 -0.154138 0.015704
v -0.258265 -0.119973 0.063409
v -0.171678 -0.307549 0.170219
v -0.136236 -0.305912 0.185098
v -0.091547 -0.304880 0.178089
v -0.029950 -0.305077 0.195862
v -0.003213 -0.305519 0.214418
v 0.065769 -0.304676 0.212271
v -0.192449 0.318833 -0.304399
v -0.198568 0.281585 -0.209918
v -0.175980 0.359953 -0.348420
v -0.182071 0.300919 -0.213237
v -0.081221 0.276515 -0.057830
v -0.194585 0.265573 -0.144793
v -0.199838 0.306762 -0.300427
v 0.090691 0.374418 -0.159112
v -0.179330 0.360429 -0.353650
v -0.218952 0.243231 -0.090462
v -0.173057 0.238500 -0.079170
v 0.085681 0.402956 -0.185457
v -0.184428 0.369704 -0.357295
v -0.000946 0.327394 -0.103588
v 0.049417 0.338222 -0.104466
v -0.199771 0.300456 -0.280635
v -0.112948 0.271217 -0.056374
v -0.017639 0.312013 -0.086438
v -0.203630 0.314453 -0.313329
v 0.088501 0.425104 -0.197864
v -0.227583 0.286443 -0.249632
v -0.187010 0.281909 -0.180573
v -0.180943 0.254208 -0.085459
v -0.129207 0.241337 -0.049206
v -0.058041 0.298826 -0.080962
v -0.189935 0.299105 -0.233717
v -0.187885 0.331334 -0.327084
v -0.197071 0.247837 -0.095203
v -0.205200 0.267825 -0.167313
v -0.189597 0.309410 -0.255827
v 0.019479 0.323754 -0.087320
v 0.063615 0.356028 -0.131473
v -0.221404 0.257461 -0.123784
v -0.084249 0.294103 -0.076134
v -0.180117 0.272453 -0.114433
v -0.184553 0.258714 -0.105635
v -0.207593 0.256754 -0.124175
v -0.114886 0.253945 -0.038927
v -0.002583 0.350661 -0.123152
v -0.195173 0.255110 -0.111782
v -0.145409 0.224900 -0.067772
v -0.210963 0.273928 -0.195247
v -0.170138 0.391666 -0.361096
v 0.073059 0.380561 -0.159893
v -0.213785 0.294518 -0.276874
v -0.139522 -0.190682 0.041031
vn -0.8653 0.0937 -0.4924
vn -0.9008 -0.0252 -0.4335
vn -0.8626 -0.1258 -0.4900
vn -0.9747 -0.2128 -0.0687
vn -0.9246 -0.2670 -0.2717
vn -0.9573 0.2477 -0.1489
vn -0.1381 0.9578 0.2520
vn -0.0880 0.9216 0.3781
vn -0.2233 0.8775 0.4245
vn 0.1465 0.8712 0.4686
vn 0.3356 0.8537 0.3981
vn 0.5245 0.7055 0.4767
vn 0.1171 0.8542 0.5065
vn -0.2032 0.7746 0.5990
vn -0.6116 0.5108 0.6043
vn -0.2073 0.7160 0.6666
vn -0.5388 0.7584 0.3669
vn -0.0882 0.9933 0.0745
vn -0.1716 0.9826 0.0716
vn -0.0912 0.9775 0.1900
vn 0.5535 0.8045 0.2156
vn 0.6689 0.6171 0.4146
vn 0.7690 0.6171 0.1666
vn -0.8495 -0.5274 -0.0157
vn -0.8144 -0.5639 0.1374
vn -0.9422 -0.3288 -0.0643
vn 0.3504 -0.9024 -0.2508
vn 0.0340 -0.9180 -0.3951
vn 0.6090 -0.7639 -0.2137
vn -0.9157 -0.3981 0.0542
vn -0.9911 -0.0930 0.0957
vn -0.9890 -0.1289 -0.0725
vn 0.7551 0.5899 0.2862
vn 0.6666 0.6010 0.4409
vn 0.8317 0.2915 0.4726
vn -0.5043 0.8619 0.0532
vn -0.6123 0.7530 -0.2411
vn -0.4290 0.8495 0.3070
vn -0.2048 0.9514 0.2298
vn -0.7641 -0.6342 -0.1183
vn -0.8674 -0.4427 -0.2271
vn 0.2550 0.9000 0.3534
vn -0.1289 0.9181 0.3749
vn 0.3013 0.8599 0.4120
vn 0.7999 0.5373 0.2672
vn 0.7603 0.5428 0.3568
vn 0.8547 0.4293 0.2918
vn 0.7558 0.5447 0.3635
vn 0.6556 0.6985 0.2868
vn 0.8557 0.4865 0.1762
vn -0.3549 0.2443 -0.9024
vn -0.7138 -0.5221 -0.4668
vn -0.2458 -0.7570 -0.6054
vn 0.5184 0.8200 0.2426
vn 0.2582 0.9173 0.3030
vn 0.6924 0.6883 0.2164
vn 0.4922 0.8257 0.2756
vn 0.3044 0.7546 0.5812
vn 0.1093 0.8702 0.4805
vn 0.6360 0.6896 0.3464
vn -0.1508 0.8930 0.4240
vn -0.4269 0.4002 -0.8109
vn -0.1659 0.1966 -0.9664
vn -0.1550 0.2025 -0.9669
vn -0.3086 0.9092 0.2796
vn -0.3336 0.8729 0.3561
vn -0.3197 0.8179 0.4784
vn -0.9260 0.3776 0.0038
vn -0.9564 0.2678 0.1168
vn -0.9276 0.3641 -0.0832
vn -0.1783 0.9301 -0.3211
vn -0.2111 0.9668 -0.1437
vn -0.1334 0.9811 -0.1401
vn -0.7525 -0.5742 -0.3225
vn -0.8106 0.2805 -0.5140
vn -0.7683 -0.1652 -0.6184
vn -0.8999 -0.4298 -0.0738
vn -0.9945 -0.0685 -0.0789
vn -0.9900 -0.0947 0.1042
vn -0.8660 -0.4371 0.2429
vn -0.9236 -0.3421 0.1731
vn -0.2037 0.9783 -0.0369
vn -0.1423 0.9890 -0.0402
vn -0.3317 0.9055 -0.2648
vn -0.1790 0.6261 -0.7589
vn -0.3201 0.8736 -0.3666
vn -0.2364 0.9639 -0.1228
vn -0.2239 0.9737 -0.0432
vn -0.0855 0.9956 -0.0384
vn -0.3933 0.3426 -0.8532
vn -0.3441 0.0206 -0.9387
vn -0.1600 0.0679 -0.9848
vn -0.9840 0.1674 -0.0614
vn -0.9504 0.3105 -0.0168
vn -0.0855 0.9400 -0.3302
vn -0.6847 0.6427 0.3436
vn -0.4828 0.7476 0.4560
vn -0.5047 0.8083 0.3031
vn 0.0937 0.6441 0.7592
vn 0.2575 0.5833 0.7704
vn 0.1543 0.7866 0.5978
vn -0.2637 0.9630 0.0551
vn -0.1801 0.9702 0.1622
vn -0.9867 0.1510 -0.0600
vn -0.9700 0.1499 -0.1915
vn -0.0375 0.9993 -0.0065
vn -0.1915 0.8933 0.4066
vn -0.2883 0.9408 0.1781
vn -0.3089 0.9248 0.2219
vn -0.3697 0.8617 0.3476
vn -0.0381 0.9686 -0.2458
vn 0.0048 0.9938 -0.1115
vn -0.8007 -0.5825 0.1397
vn -0.8348 -0.5495 0.0344
vn 0.5891 0.7098 0.3861
vn 0.8740 0.4728 0.1124
vn -0.8754 0.2682 -0.4021
vn -0.8706 0.4010 -0.2849
vn -0.7798 0.2632 -0.5680
vn 0.0919 0.9462 -0.3103
vn 0.0975 0.5382 -0.8371
vn 0.2869 0.5087 -0.8117
vn 0.2911 0.7435 -0.6020
vn 0.4944 0.8168 0.2972
vn -0.1572 0.8799 0.4484
vn -0.2597 0.8655 0.4283
vn -0.6232 0.7266 0.2891
vn -0.2582 0.9622 0.0866
vn 0.0066 0.9388 0.3443
vn -0.1114 0.9218 0.3714
vn -0.0304 0.8465 0.5316
vn -0.9735 -0.0417 -0.2249
vn -0.9992 0.0105 -0.0375
vn -0.9714 0.1474 -0.1862
vn -0.5145 0.7819 0.3521
vn -0.6909 -0.7205 -0.0589
vn -0.6795 -0.7307 0.0665
vn -0.7918 -0.5648 -0.2325
vn -0.1480 0.8330 0.5331
vn -0.0638 0.7677 0.6376
vn 0.6154 0.3373 0.7123
vn 0.1907 0.5189 0.8333
vn 0.5577 0.6238 0.5476
vn -0.8867 -0.4130 0.2080
vn -0.9812 -0.1130 0.1567
vn -0.9492 -0.3144 0.0151
vn -0.3865 -0.3094 0.8688
vn -0.1520 0.0468 0.9873
vn -0.4128 0.1880 0.8912
vn 0.0511 0.2952 0.9541
vn -0.2755 0.4429 0.8532
vn -0.4197 0.8262 -0.3758
vn -0.2216 0.9309 0.2903
vn 0.2042 0.9181 0.3396
vn -0.3325 0.7508 0.5708
vn -0.3019 0.8258 0.4763
vn 0.0057 0.5397 0.8418
vn -0.2060 0.6997 0.6841
vn 0.3449 0.9343 0.0899
vn -0.8253 -0.5630 0.0437
vn -0.3518 -0.2380 0.9053
vn -0.2027 0.5797 0.7892
vn -0.2321 0.6901 0.6855
vn -0.4344 0.5587 0.7065
vn 0.2347 0.9473 0.2182
vn 0.3500 0.7766 0.5239
vn -0.4550 0.7845 0.4212
vn -0.5189 0.4786 0.7083
vn -0.5973 0.2020 0.7762
vn -0.3738 0.5250 0.7646
vn -0.9290 0.3094 -0.2029
vn 0.0471 -0.5733 -0.8180
vn -0.0372 -0.4321 -0.9011
vn 0.0766 -0.4916 -0.8675
vn 0.1359 0.0856 -0.9870
vn -0.0990 0.0616 -0.9932
vn -0.0250 0.1124 -0.9933
vn -0.3808 0.8252 0.4172
vn 0.0849 0.9786 0.1872
vn 0.2660 0.8101 0.5225
vn -0.0589 0.0231 0.9980
vn 0.0356 0.5162 0.8558
vn 0.9252 0.2118 -0.3149
vn 0.8383 0.2824 -0.4664
vn 0.8632 0.3092 -0.3991
vn -0.9129 -0.3725 -0.1671
vn -0.9437 -0.3308 0.0093
vn -0.2084 0.9635 -0.1682
vn -0.2448 0.9695 0.0097
vn -0.9866 0.0255 -0.1610
vn -0.9945 -0.0657 -0.0817
vn 0.8440 0.4993 0.1958
vn 0.1371 0.9904 -0.0202
vn 0.0617 0.9931 0.0998
vn 0.0469 0.6361 0.7702
vn -0.6644 0.5293 0.5277
vn -0.9486 0.2788 0.1496
vn -0.8572 -0.0286 0.5142
vn 0.1584 0.9772 -0.1416
vn -0.4051 -0.3860 0.8288
vn -0.1437 -0.0949 0.9851
vn 0.3440 0.2620 0.9017
vn 0.2492 0.3887 0.8870
vn 0.0333 0.2871 -0.9573
vn 0.0472 0.4828 -0.8744
vn 0.1442 0.1921 -0.9707
vn 0.5340 -0.7869 0.3091
vn 0.4636 -0.8850 -0.0442
vn 0.5632 -0.7509 0.3448
vn -0.9331 0.0660 -0.3536
vn -0.9116 0.2695 -0.3103
vn -0.8469 0.3652 -0.3865
vn 0.1151 -0.0279 -0.9930
vn 0.0478 -0.2816 -0.9583
vn -0.0376 -0.1380 -0.9897
vn -0.5761 0.2763 -0.7693
vn -0.2920 -0.0808 -0.9530
vn -0.0812 -0.2761 0.9577
vn -0.1372 0.8046 0.5777
vn 0.0524 0.7142 0.6980
vn -0.7926 0.2258 -0.5664
vn -0.8708 0.0901 -0.4833
vn -0.9536 -0.1283 -0.2724
vn 0.3007 0.1138 -0.9469
vn 0.2673 -0.1786 -0.9469
vn 0.4907 0.1666 -0.8553
vn 0.2118 0.0990 0.9723
vn 0.2347 0.5187 0.8221
vn -0.2150 -0.6399 0.7378
vn 0.0464 -0.5777 0.8149
vn 0.3923 -0.0948 -0.9149
vn 0.9230 0.2818 -0.2620
vn 0.8909 -0.1666 -0.4225
vn -0.9479 0.0191 -0.3181
vn -0.2928 -0.2397 -0.9256
vn -0.2094 -0.4233 -0.8814
vn -0.0771 -0.5309 -0.8439
vn 0.9183 0.2956 -0.2632
vn 0.8778 0.4347 -0.2012
vn 0.9375 0.3307 -0.1083
vn 0.5676 -0.3300 -0.7543
vn 0.6680 -0.4254 -0.6106
vn 0.6199 -0.6034 -0.5016
vn -0.1800 -0.3967 -0.9001
vn 0.4544 -0.8592 -0.2351
vn 0.8233 -0.5442 -0.1614
vn 0.9312 -0.3267 -0.1618
vn 0.1987 0.3083 0.9303
vn 0.1909 0.4749 0.8591
vn 0.0666 0.5002 0.8633
vn 0.4503 -0.5434 -0.7084
vn 0.8767 0.4793 -0.0397
vn 0.9297 0.3680 0.0167
vn 0.7493 -0.2360 -0.6187
vn 0.6717 0.2917 -0.6809
vn 0.8557 0.2346 -0.4613
vn 0.6847 0.3688 -0.6286
vn -0.2640 0.9593 0.0999
vn 0.0129 0.9793 0.2018
vn -0.2057 0.1585 0.9657
vn -0.3717 0.3165 0.8728
vn -0.5374 0.1981 0.8197
vn 0.2472 -0.2914 0.9241
vn 0.3281 -0.2349 0.9150
vn 0.0709 -0.5609 0.8248
vn 0.0525 -0.1723 0.9836
vn 0.3940 0.5008 0.7707
vn 0.5674 -0.8222 0.0449
vn 0.4582 -0.8863 -0.0676
vn 0.5333 -0.8304 -0.1614
vn 0.8166 -0.0824 -0.5713
vn 0.8681 -0.2904 -0.4025
vn 0.9620 0.0186 -0.2725
vn 0.9853 0.0540 -0.1618
vn 0.9924 0.0502 -0.1122
vn -0.6425 0.5921 -0.4864
vn -0.5932 0.8030 0.0574
vn -0.7493 0.6276 0.2114
vn -0.9251 0.2294 -0.3025
vn -0.8613 -0.0989 -0.4983
vn -0.8445 0.3039 -0.4411
vn -0.7037 -0.7094 -0.0389
vn -0.6980 -0.6866 -0.2032
vn -0.6952 -0.6851 -0.2174
vn -0.2454 0.2641 0.9327
vn -0.2067 0.3239 0.9232
vn -0.2459 0.0213 0.9691
vn 0.0933 -0.3022 0.9487
vn 0.0195 0.2055 0.9785
vn 0.0868 0.2145 0.9729
vn 0.0367 0.4238 0.9050
vn 0.2587 0.4063 0.8764
vn 0.3749 0.4642 0.8025
vn 0.2429 0.5956 0.7657
vn 0.3169 -0.3431 0.8842
vn 0.1109 -0.1346 0.9847
vn 0.1156 -0.4343 0.8933
vn 0.5778 0.3554 0.7347
vn 0.4293 0.1809 0.8849
vn 0.9185 0.3867 -0.0821
vn 0.9934 0.1038 0.0494
vn -0.9605 0.2727 0.0557
vn -0.9580 0.2549 0.1313
vn -0.9441 0.3194 0.0820
vn -0.8190 -0.0322 -0.5729
vn -0.7963 0.0587 -0.6020
vn -0.0037 0.9097 -0.4153
vn 0.0384 0.8530 0.5204
vn -0.2218 0.3692 0.9025
vn 0.8355 -0.5188 -0.1810
vn 0.7951 -0.5599 -0.2332
vn 0.9572 -0.2697 -0.1053
vn 0.0573 -0.4457 0.8933
vn -0.0715 -0.7391 0.6698
vn -0.0063 -0.3592 0.9333
vn 0.0833 0.5844 0.8072
vn 0.0687 0.7470 0.6613
vn 0.0883 0.6049 0.7914
vn 0.9814 -0.1083 -0.1585
vn 0.7022 -0.7117 0.0227
vn 0.8276 -0.3830 0.4103
vn -0.9833 0.1536 0.0980
vn -0.0078 -0.5948 -0.8039
vn -0.0971 -0.6009 -0.7934
vn 0.2480 -0.8411 -0.4807
vn 0.9732 0.2251 0.0474
vn 0.9775 0.2008 -0.0648
vn 0.9961 0.0853 -0.0209
vn -0.2220 0.9369 -0.2700
vn -0.9287 -0.3637 -0.0724
vn 0.2752 0.9180 -0.2855
vn 0.0229 -0.9980 0.0590
vn 0.0254 -0.9965 0.0793
vn 0.0199 -0.9979 0.0609
vn 0.3218 -0.4025 0.8570
vn 0.2136 -0.2839 0.9347
vn 0.1407 -0.7071 0.6929
vn 0.1707 0.0165 0.9852
vn 0.9905 -0.0700 -0.1181
vn 0.9434 0.2117 -0.2554
vn 0.9176 0.3709 -0.1429
vn 0.7833 -0.4652 -0.4123
vn 0.7374 -0.6077 -0.2949
vn 0.4452 -0.6078 -0.6575
vn 0.9637 -0.2606 0.0578
vn -0.3148 0.1291 0.9404
vn -0.4439 0.0081 0.8960
vn -0.3496 0.1610 0.9230
vn 0.2185 0.5831 0.7825
vn 0.3912 0.5988 0.6988
vn 0.0916 0.6116 0.7858
vn 0.1411 0.1829 0.9730
vn 0.2274 0.3920 0.8914
vn 0.2443 -0.1573 0.9569
vn 0.2079 -0.2567 0.9439
vn 0.6537 0.2734 0.7056
vn 0.2796 0.6065 0.7443
vn 0.9595 -0.0237 -0.2808
vn 0.9718 0.0392 -0.2324
vn 0.8933 -0.0934 -0.4396
vn 0.1682 0.9600 0.2238
vn 0.3341 0.9360 -0.1111
vn 0.4605 0.8871 -0.0314
vn 0.4543 0.8802 -0.1372
vn -0.2827 -0.3768 0.8821
vn -0.2425 -0.2227 0.9442
vn -0.4600 -0.3252 0.8262
vn -0.4708 -0.1482 0.8697
vn -0.2199 0.2571 0.9410
vn 0.9133 -0.0441 -0.4048
vn 0.9363 0.0644 -0.3453
vn -0.0178 -0.2773 0.9606
vn -0.0831 -0.3795 0.9215
vn -0.0544 -0.2748 0.9600
vn -0.0903 0.5282 0.8443
vn -0.1393 0.6968 0.7036
vn 0.1059 0.6573 0.7461
vn 0.1564 -0.0833 0.9842
vn 0.2193 -0.0758 0.9727
vn 0.1613 0.0216 0.9867
vn 0.5168 0.2752 0.8107
vn 0.5328 0.2843 0.7971
vn 0.3450 0.5875 0.7320
vn -0.0808 -0.2754 0.9579
vn -0.2373 -0.1868 0.9533
vn 0.7400 -0.1804 0.6479
vn 0.7613 -0.2741 0.5876
vn 0.7038 -0.0768 0.7063
vn -0.6955 -0.6901 0.2003
vn -0.8008 -0.4476 0.3979
vn 0.8649 0.3891 0.3170
vn 0.8555 0.5042 0.1182
vn 0.8274 0.4868 0.2800
vn -0.5190 -0.1744 -0.8368
vn -0.4386 -0.1729 -0.8819
vn -0.5486 -0.3638 -0.7528
vn -0.0593 -0.2430 0.9682
vn -0.2093 0.1176 0.9708
vn -0.0680 0.3127 0.9474
vn 0.1136 -0.1094 0.9875
vn 0.3472 -0.4647 0.8146
vn 0.5029 -0.3307 0.7986
vn -0.3423 -0.4317 -0.8345
vn -0.5238 -0.3440 -0.7793
vn -0.2936 -0.6230 -0.7250
vn -0.1747 0.0512 0.9833
vn 0.8704 -0.4489 -0.2023
vn 0.7745 0.5656 0.2834
vn 0.7339 0.5015 0.4581
vn 0.8200 0.4277 0.3804
vn -0.0910 0.3022 0.9489
vn -0.0693 0.4341 0.8982
vn 0.1038 0.1322 0.9858
vn -0.0258 -0.3012 0.9532
vn -0.1528 -0.0560 0.9867
vn 0.1383 -0.2019 0.9696
vn 0.4830 0.2848 -0.8280
vn 0.6308 0.0594 -0.7737
vn -0.9744 -0.1627 0.1554
vn -0.9882 -0.0719 0.1354
vn -0.9483 0.2707 -0.1655
vn -0.3188 0.7128 0.6248
vn 0.3354 -0.6655 -0.6668
vn 0.2294 -0.8297 -0.5088
vn 0.4836 -0.7798 -0.3975
vn -0.2917 -0.8049 -0.5168
vn -0.3037 -0.8607 -0.4087
vn -0.3192 -0.9066 -0.2761
vn -0.1744 -0.3312 0.9273
vn -0.1848 -0.2166 0.9586
vn 0.0162 -0.1207 0.9926
vn 0.0014 0.1266 0.9920
vn -0.1405 0.7172 0.6826
vn 0.0023 0.5025 0.8646
vn 0.2934 0.1383 0.9459
vn -0.7195 -0.2217 -0.6582
vn -0.7027 -0.1602 -0.6933
vn -0.9043 -0.0956 -0.4161
vn -0.1508 -0.1140 0.9820
vn 0.0446 0.2584 0.9650
vn 0.2750 -0.0378 0.9607
vn 0.0954 -0.2065 0.9738
vn 0.0040 0.1078 0.9942
vn -0.8820 -0.3508 -0.3146
vn -0.9818 0.0718 -0.1758
vn -0.6385 -0.7550 -0.1494
vn -0.1146 0.3704 0.9218
vn 0.5565 0.1427 0.8185
vn 0.2810 0.0275 0.9593
vn 0.0572 0.3887 0.9196
vn -0.4697 0.1347 -0.8725
vn -0.7450 0.3066 -0.5924
vn -0.5913 0.5469 -0.5927
vn 0.0156 -0.0651 0.9978
vn 0.4208 -0.5694 0.7062
vn -0.4374 -0.3175 0.8414
vn -0.7124 -0.1652 0.6820
vn -0.4944 -0.1179 0.8612
vn 0.2487 0.9639 0.0950
vn 0.3756 0.8581 0.3501
vn -0.2727 0.3255 -0.9053
vn -0.3649 0.4202 -0.8308
vn -0.3159 0.3466 -0.8832
vn -0.1644 -0.5279 0.8333
vn -0.0585 -0.4881 0.8708
vn 0.1830 0.1604 0.9699
vn 0.0422 0.4151 0.9088
vn 0.1779 -0.0399 0.9832
vn 0.2582 0.1880 0.9476
vn 0.1490 0.2055 0.9672
vn 0.9951 -0.0670 -0.0722
vn 0.8765 0.3002 -0.3764
vn 0.8079 -0.2280 -0.5434
vn -0.0402 0.6645 0.7462
vn -0.1279 -0.5241 0.8420
vn -0.0648 0.8797 0.4711
vn -0.6305 -0.6203 -0.4667
vn -0.7222 -0.4690 -0.5084
vn -0.0583 0.0242 -0.9980
vn 0.1072 0.2032 -0.9732
vn -0.1248 -0.1471 0.9812
vn -0.0265 0.5096 0.8600
vn 0.2960 0.0485 0.9539
vn 0.0674 0.1012 0.9926
vn -0.0420 0.0919 0.9949
vn 0.9871 -0.0945 0.1289
vn 0.9913 0.1299 0.0211
vn 0.9518 0.1417 0.2721
vn 0.1323 0.3335 0.9334
vn -0.2409 0.3463 0.9067
vn 0.0742 0.7760 0.6264
vn -0.0813 0.6739 0.7343
vn 0.1451 0.0877 -0.9855
vn 0.3170 -0.8976 -0.3065
vn 0.0220 -0.9396 -0.3416
vn -0.0598 -0.5754 0.8157
vn 0.0443 -0.3079 0.9504
vn -0.0708 -0.0301 0.9970
vn 0.0247 0.2839 0.9585
vn 0.2798 0.2811 0.9180
vn 0.0830 0.2131 0.9735
vn -0.1462 0.1649 0.9754
vn 0.2755 0.2103 0.9380
vn 0.2420 0.2615 0.9344
vn 0.2364 0.2428 0.9408
vn 0.0751 0.6721 0.7366
vn 0.3740 -0.9191 0.1242
vn 0.3492 -0.9364 -0.0338
vn -0.1736 0.9354 0.3081
vn -0.3472 0.2169 -0.9124
vn -0.0123 -0.3407 0.9401
vn 0.0263 0.1405 0.9897
vn -0.1850 -0.5661 0.8033
vn 0.2315 0.4623 0.8560
vn 0.1200 0.4033 0.9072
vn -0.1390 0.4957 0.8573
vn -0.0659 0.6285 0.7750
vn 0.3518 0.2420 0.9043
vn 0.4229 0.2565 0.8691
vn 0.5686 0.2120 0.7948
vn 0.1202 0.4321 0.8938
vn 0.2993 0.7144 0.6325
vn 0.6760 -0.6918 -0.2539
vn 0.8468 -0.4857 -0.2170
vn 0.8140 -0.5751 -0.0813
vn 0.3547 0.4236 0.8335
vn -0.5668 0.7718 -0.2882
vn -0.4636 0.7530 -0.4669
vn -0.6983 0.5779 -0.4223
vn 0.7711 0.4837 0.4141
vn 0.8557 0.3560 0.3755
vn -0.1484 -0.2864 0.9466
vn -0.3768 -0.2079 0.9027
vn -0.3699 -0.3424 0.8637
vn -0.4548 0.1046 0.8844
vn -0.4774 -0.4715 0.7414
vn 0.1418 -0.2267 0.9636
vn -0.0501 0.1739 0.9835
vn 0.0176 0.3480 0.9373
vn -0.0115 0.5224 0.8526
vn 0.0560 0.6288 0.7756
vn -0.1307 -0.0991 0.9864
vn 0.1230 -0.1569 0.9799
vn -0.0884 -0.3231 0.9422
vn 0.3005 0.5345 0.7899
vn 0.2790 0.4769 0.8335
vn 0.2044 0.4468 0.8710
vn 0.8818 0.4405 0.1685
vn 0.8355 0.5375 0.1140
vn -0.0182 -0.3439 0.9388
vn 0.0933 0.4293 0.8983
vn 0.2425 -0.0002 0.9701
vn 0.0408 0.5353 0.8437
vn -0.0601 0.9024 0.4266
vn 0.0899 0.7279 0.6797
vn -0.4215 0.6755 0.6050
vn 0.1804 -0.0376 0.9829
vn 0.0408 0.1748 0.9838
vn 0.1803 0.1338 0.9745
vn 0.1308 0.3972 0.9084
vn 0.1571 0.3674 0.9167
vn 0.0184 0.3415 0.9397
vn 0.9984 -0.0320 0.0457
vn 0.9529 0.2492 0.1728
vn 0.9983 -0.0361 0.0462
vn 0.2539 0.4792 0.8402
vn 0.9182 0.0100 0.3960
vn 0.1758 -0.9540 -0.2428
vn 0.0636 -0.9737 -0.2187
vn 0.5277 -0.8144 -0.2413
vn -0.0881 0.4204 0.9031
vn 0.3406 -0.0855 0.9363
vn -0.2161 0.9149 0.3410
vn -0.1501 0.8779 0.4546
vn 0.2462 -0.1441 -0.9584
vn 0.6252 -0.5061 -0.5942
vn -0.9243 -0.3471 0.1584
vn -0.9771 0.2090 -0.0409
vn -0.6600 -0.7512 0.0062
vn 0.1129 0.2086 0.9715
vn 0.0281 0.3263 0.9449
vn 0.0845 -0.5736 0.8148
vn 0.3160 -0.4757 0.8209
vn 0.0758 -0.2810 0.9567
vn -0.1817 -0.2822 0.9420
vn 0.2632 0.2018 0.9434
vn 0.2125 0.2323 0.9491
vn 0.3170 0.1700 0.9331
vn -0.1747 0.5996 0.7810
vn -0.6283 0.0610 0.7756
vn -0.7986 0.4070 0.4434
vn 0.0953 -0.2586 0.9613
vn 0.1278 -0.6133 0.7795
vn -0.1376 0.4057 0.9036
vn 0.0141 0.5619 0.8271
vn 0.2827 -0.7879 -0.5470
vn 0.6926 -0.6623 -0.2857
vn -0.2152 0.1419 0.9662
vn 0.2741 -0.1890 0.9429
vn 0.3672 -0.1313 0.9208
vn 0.2859 0.0787 0.9550
vn 0.3045 0.0630 0.9504
vn -0.9884 0.0605 0.1392
vn -0.9511 -0.0206 -0.3083
vn -0.9982 -0.0002 -0.0608
vn 0.3983 -0.5745 0.7150
vn -0.2407 0.7268 0.6432
vn 0.1910 0.4754 0.8588
vn 0.3829 0.1278 0.9149
vn 0.3166 0.5805 0.7502
vn 0.5218 0.3278 0.7876
vn 0.7992 0.5460 -0.2512
vn 0.5456 0.2514 -0.7995
vn -0.1196 0.3013 -0.9460
vn 0.1535 0.1283 0.9798
vn 0.0870 -0.8107 -0.5790
vn 0.4344 -0.7974 -0.4188
vn 0.3735 0.3015 0.8773
vn -0.8459 0.3572 -0.3960
vn -0.7012 0.5382 -0.4676
vn 0.0028 0.4402 0.8979
vn 0.4722 0.8199 0.3235
vn 0.7050 -0.1314 -0.6969
vn 0.5623 0.0091 -0.8269
vn 0.5484 -0.0231 -0.8359
vn -0.1943 -0.2732 0.9421
vn 0.1363 -0.1116 0.9844
vn 0.1736 0.1620 0.9714
vn 0.1582 0.3408 0.9267
vn -0.0656 0.7191 0.6918
vn -0.1452 -0.5888 -0.7952
vn -0.0019 -0.8076 -0.5897
vn 0.2531 -0.8614 -0.4403
vn 0.1428 -0.7580 -0.6364
vn 0.2785 -0.9194 -0.2779
vn 0.5369 0.2523 0.8050
vn 0.3755 0.2245 0.8992
vn -0.1030 -0.0309 0.9942
vn 0.0643 0.6012 0.7965
vn 0.0170 0.6413 0.7671
vn 0.9922 -0.0343 0.1202
vn 0.9479 0.0769 0.3090
vn 0.6576 -0.7494 -0.0771
vn 0.1273 0.3513 0.9276
vn -0.1236 -0.1617 0.9791
vn -0.0790 -0.0423 0.9960
vn 0.2069 0.4443 0.8717
vn 0.7324 -0.6555 -0.1840
vn 0.2903 -0.0373 0.9562
vn 0.0292 -0.0035 0.9996
vn 0.1117 0.4645 0.8785
vn -0.9658 -0.2218 0.1342
vn -0.1361 -0.1176 0.9837
vn 0.0303 0.0275 0.9992
vn 0.0742 0.2074 0.9754
vn -0.9657 0.2107 0.1519
vn 0.9818 -0.1887 -0.0216
vn -0.0113 0.6481 0.7615
vn 0.2638 0.3196 0.9101
vn 0.1430 -0.1853 0.9722
vn 0.0429 -0.1695 0.9846
vn 0.0072 -0.1014 0.9948
vn 0.9922 0.0475 0.1156
vn -0.6848 0.7283 -0.0254
vn -0.4480 0.8907 -0.0770
vn 0.0263 0.0783 0.9966
vn -0.0834 0.2048 0.9752
vn -0.1743 -0.0100 0.9846
vn -0.0300 0.3050 0.9519
vn 0.1017 0.1386 0.9851
vn 0.0585 -0.0659 0.9961
vn -0.1589 -0.0397 0.9865
vn -0.2299 0.0358 0.9726
vn 0.0149 0.3676 0.9299
vn 0.9357 0.3006 -0.1845
vn 0.9353 0.3492 0.0578
vn 0.9760 -0.2177 -0.0086
vn 0.3918 -0.7755 -0.4951
vn 0.3582 -0.6817 -0.6379
vn 0.4091 -0.9102 -0.0651
vn 0.4806 -0.7131 0.5105
vn 0.1707 -0.1203 0.9780
vn -0.2375 0.1889 0.9528
vn 0.1901 0.3960 0.8984
vn -0.0120 0.5672 0.8235
vn 0.0731 0.5789 0.8121
vn -0.0005 0.6550 0.7557
vn -0.1041 0.8018 0.5884
vn -0.3779 0.9202 0.1024
vn -0.4414 0.8922 -0.0959
vn -0.6095 0.7834 0.1211
vn 0.5807 0.0276 0.8137
vn 0.2816 0.4840 0.8285
vn -0.1144 0.7069 0.6980
vn -0.0240 0.5785 0.8153
vn 0.0316 0.7027 0.7108
vn -0.1022 0.6793 0.7267
vn -0.1360 0.3597 0.9231
vn 0.9283 0.0829 -0.3624
vn 0.9269 -0.1342 -0.3505
vn 0.6233 0.0357 0.7812
vn 0.2802 -0.1139 0.9532
vn 0.2017 -0.1288 0.9709
vn 0.1124 0.0222 0.9934
vn -0.0316 -0.0940 0.9951
vn -0.1892 0.0036 0.9819
vn -0.2072 0.3791 0.9019
vn -0.1310 0.4910 0.8612
vn 0.2854 -0.1543 0.9459
vn 0.9125 0.3928 0.1142
vn 0.9408 0.3089 0.1395
vn 0.3455 -0.9270 -0.1457
vn 0.6736 -0.7058 -0.2192
vn -0.3735 0.5314 0.7604
vn 0.0395 0.4121 0.9103
vn 0.3317 -0.0588 0.9415
vn 0.3360 -0.1963 0.9212
vn 0.1469 -0.1426 0.9788
vn -0.1770 0.5327 0.8276
vn 0.1855 0.3015 0.9353
vn 0.2799 0.3027 0.9111
vn 0.0248 0.0262 0.9993
vn 0.7671 -0.2089 0.6066
vn 0.3589 -0.1493 0.9214
vn -0.1035 -0.2629 0.9593
vn -0.1465 -0.2674 0.9524
vn -0.1941 0.4743 0.8587
vn 0.5101 0.1427 0.8482
vn 0.7197 -0.0838 0.6892
vn 0.7517 0.6248 0.2113
vn 0.4883 0.8587 0.1556
vn 0.3592 -0.1626 0.9190
vn 0.1677 -0.1580 0.9731
vn -0.0881 0.6389 0.7643
vn -0.0460 0.7746 0.6308
vn -0.0515 -0.1655 0.9849
vn -0.1048 0.5177 0.8491
vn -0.0687 0.4068 0.9109
vn 0.1248 0.0855 0.9885
vn 0.2505 -0.1912 0.9490
vn -0.0190 0.0518 0.9985
vn -0.0342 0.2044 0.9783
vn -0.5213 -0.8004 -0.2959
vn -0.9570 -0.1302 -0.2594
vn -0.9842 0.1711 -0.0448
vn -0.4812 -0.1937 0.8550
vn -0.1399 0.4035 0.9042
vn 0.3046 0.4000 0.8644
vn 0.0514 0.6350 0.7708
vn 0.6703 -0.6431 -0.3703
vn -0.0979 -0.2413 0.9655
vn -0.4812 -0.3083 0.8206
vn -0.6572 -0.1112 0.7455
vn -0.3899 0.0395 0.9200
vn 0.0281 0.2264 0.9736
vn 0.9919 0.1122 0.0594
vn 0.9747 0.1867 0.1233
vn 0.6180 -0.3764 0.6902
vn 0.1171 0.0986 0.9882
vn 0.3381 0.4020 0.8509
vn 0.2977 0.5456 0.7834
vn -0.8672 -0.2138 0.4498
vn -0.8784 0.0420 0.4761
vn 0.7798 0.1597 -0.6053
vn 0.8258 0.3972 -0.4003
vn 0.2558 0.9660 0.0377
vn -0.3487 -0.1572 0.9239
vn -0.4058 0.1679 0.8984
vn 0.8432 0.4033 -0.3555
vn 0.8106 0.5057 -0.2952
vn 0.2116 0.8063 0.5524
vn 0.1763 0.6202 0.7644
vn 0.9095 0.2872 0.3005
vn 0.9842 0.0737 0.1610
vn 0.7290 -0.6331 -0.2603
vn 0.8456 -0.4874 -0.2177
vn -0.3149 0.8416 0.4388
vn -0.5072 0.7046 0.4962
vn -0.3158 0.7334 0.6021
vn -0.6628 -0.2501 0.7058
vn -0.1742 0.1562 0.9722
vn -0.2596 0.5699 0.7796
vn -0.2228 0.4400 0.8699
vn -0.1144 0.7142 -0.6905
vn -0.1141 0.6249 -0.7723
vn -0.1466 0.6074 -0.7807
vn 0.0779 0.0288 0.9965
vn -0.0112 -0.0833 -0.9965
vn 0.9610 -0.2684 -0.0661
vn -0.7733 -0.0289 0.6334
vn -0.7940 -0.1432 0.5909
vn -0.8209 -0.2754 0.5003
vn -0.9333 -0.0381 0.3570
vn -0.9958 -0.0830 0.0396
vn -0.8945 -0.2961 0.3349
vn 0.7179 -0.3301 0.6129
vn -0.4022 0.3580 0.8426
vn -0.2127 0.4614 0.8613
vn -0.2769 0.6453 0.7119
vn -0.1592 0.8466 0.5078
vn -0.1917 -0.0956 -0.9768
vn -0.2416 -0.3991 -0.8845
vn -0.0446 0.7920 0.6090
vn 0.1442 0.9057 0.3986
vn 0.3792 0.9252 0.0132
vn -0.4019 0.3544 0.8443
vn -0.0241 0.6197 0.7845
vn -0.3673 0.7715 0.5196
vn -0.6180 0.4714 0.6292
vn 0.5477 0.2498 0.7985
vn -0.1165 0.3332 0.9356
vn 0.2385 -0.8993 -0.3666
vn 0.5052 -0.8497 -0.1509
vn 0.7093 0.0326 0.7041
vn 0.3190 0.4792 0.8177
vn -0.1241 0.8507 0.5108
vn -0.2925 0.3935 0.8716
vn 0.1034 0.3477 0.9319
vn 0.0121 0.8176 0.5757
vn -0.0633 0.2342 0.9701
vn -0.1684 0.6427 0.7474
vn -0.1082 0.6034 0.7900
vn -0.9474 0.0967 -0.3051
vn 0.1879 0.9002 0.3929
vn 0.7561 0.2866 0.5884
vn 0.8129 0.3756 0.4451
vn 0.4624 0.8686 0.1779
vn -0.1638 0.3668 0.9158
vn 0.4164 -0.1240 0.9007
vn 0.3411 0.9141 0.2193
vn -0.9599 0.2202 -0.1735
vn -0.9881 -0.1082 0.1092
vn -0.9545 -0.2419 -0.1746
vn -0.2754 0.5699 0.7742
vn 0.5906 0.3212 -0.7403
vn 0.5833 0.2155 0.7832
vn 0.3808 0.2595 0.8875
vn -0.5179 0.1610 0.8401
vn -0.7784 -0.1277 0.6147
vn -0.1137 -0.3286 -0.9376
vn -0.6309 -0.3544 -0.6902
vn -0.4733 -0.4117 -0.7788
vn 0.3119 0.7041 0.6380
vn 0.3245 0.6905 0.6465
vn 0.2373 0.5452 0.8040
vn 0.0252 0.2661 0.9636
vn 0.4818 -0.0952 0.8711
vn 0.2546 0.0661 0.9648
vn 0.1573 0.7102 0.6862
vn -0.9747 0.1915 -0.1148
vn -0.8921 0.4168 0.1743
vn -0.7252 0.6789 -0.1146
vn 0.3915 0.8577 -0.3332
vn -0.4599 0.8749 0.1519
vn -0.4840 0.8467 -0.2212
vn 0.5361 -0.8440 0.0129
vn -0.0481 0.3042 0.9514
vn -0.3273 0.2320 -0.9160
vn -0.5884 0.4038 -0.7005
vn -0.1856 0.3123 -0.9317
vn 0.2841 0.0294 0.9583
vn 0.3234 -0.0046 0.9463
vn 0.2747 0.4813 0.8324
vn -0.2615 0.2153 0.9409
vn -0.4977 -0.3595 0.7893
vn 0.0275 0.9952 -0.0936
vn 0.1787 0.9630 0.2018
vn -0.2308 -0.6071 -0.7604
vn -0.5457 0.0423 0.8369
vn -0.3880 -0.2675 0.8820
vn -0.2841 0.0456 0.9577
vn -0.2420 -0.0821 0.9668
vn 0.5444 0.3480 0.7633
vn -0.1529 0.1945 0.9689
vn -0.4131 0.3247 0.8508
vn -0.1290 0.5292 0.8387
vn -0.2702 0.5572 0.7852
vn 0.6964 -0.1594 -0.6998
vn 0.6435 -0.1559 -0.7494
vn 0.5677 0.0114 -0.8232
vn 0.2767 -0.0806 0.9576
vn -0.5834 0.8104 0.0534
vn -0.2434 -0.2532 0.9363
vn 0.0923 -0.1033 0.9904
vn -0.3898 -0.3983 0.8303
vn -0.6803 -0.1939 0.7068
vn -0.4122 -0.2737 0.8690
vn -0.0372 -0.2496 0.9676
vn -0.2322 0.4406 0.8672
vn -0.4184 0.5192 0.7452
vn 0.3379 0.8742 0.3486
vn -0.0065 -0.9909 0.1342
vn -0.0706 -0.8574 0.5098
vn 0.0029 -0.9951 0.0991
vn -0.1623 0.3098 0.9369
vn -0.2557 0.6324 0.7313
vn -0.0173 0.0619 0.9979
vn -0.5305 -0.2333 0.8150
vn -0.2907 -0.3599 0.8866
vn -0.2794 -0.1492 0.9485
vn -0.1915 -0.1854 0.9638
vn 0.0236 -0.0257 0.9994
vn -0.0656 0.2068 0.9762
vn -0.2380 0.6671 0.7060
vn -0.8085 0.1437 -0.5707
vn -0.7952 0.2283 -0.5617
vn 0.3269 0.9320 0.1566
vn -0.1947 0.5058 0.8404
vn -0.2602 0.7539 0.6033
vn 0.5555 -0.7336 -0.3914
vn 0.9281 -0.1270 -0.3501
vn -0.0758 -0.2547 0.9640
vn -0.0706 0.0932 0.9931
vn -0.2635 -0.5269 0.8080
vn -0.3084 -0.2734 0.9111
vn -0.1427 -0.0479 0.9886
vn -0.1360 0.1557 0.9784
vn -0.1620 0.3627 0.9177
vn 0.3700 0.4684 0.8023
vn -0.2731 -0.3625 0.8911
vn -0.2787 -0.1876 0.9419
vn -0.1995 -0.1132 0.9733
vn -0.0831 0.3903 0.9169
vn -0.0271 0.1517 0.9881
vn 0.9623 0.1802 -0.2035
vn -0.0391 0.1372 0.9898
vn -0.0397 -0.3086 -0.9503
vn -0.3065 0.9481 0.0850
vn -0.2745 -0.0265 0.9612
vn 0.0521 0.1084 0.9927
vn -0.0891 0.9133 0.3974
vn -0.3099 0.8188 0.4833
vn -0.0252 0.7151 0.6985
vn -0.9398 0.3075 0.1493
vn 0.3562 -0.0434 0.9334
vn 0.2499 0.0306 0.9678
vn 0.4796 0.0041 0.8775
vn 0.7927 -0.1470 0.5916
vn -0.4807 0.8018 0.3550
vn 0.5916 0.4753 0.6512
vn 0.4818 0.4706 0.7391
vn 0.4578 0.3420 0.8206
vn 0.4417 -0.1605 0.8827
vn 0.5576 -0.4476 0.6991
vn 0.4404 0.3066 0.8438
vn 0.3943 -0.1840 0.9004
vn 0.4544 -0.2227 0.8625
vn 0.0956 -0.8962 0.4332
vn 0.2597 -0.5077 0.8214
vn 0.2391 -0.5426 0.8052
vn 0.5192 0.3991 0.7557
vn 0.4339 0.2746 0.8581
vn 0.5306 0.3236 0.7834
vn 0.5760 0.0796 0.8136
vn 0.4204 -0.2336 0.8768
vn 0.4346 -0.1745 0.8835
vn 0.3043 -0.0688 0.9501
vn 0.6795 -0.1741 0.7127
vn 0.8600 -0.1155 0.4971
vn 0.7979 -0.2568 0.5453
vn 0.9451 0.0739 -0.3184
vn -0.2516 0.0312 0.9673
vn 0.2646 -0.3049 0.9149
vn 0.7576 0.1322 0.6392
vn 0.6269 -0.3824 0.6788
vn -0.1880 -0.4952 -0.8482
vn -0.0017 -0.6318 -0.7751
vn 0.4509 -0.4494 0.7712
vn 0.4606 -0.6055 0.6490
vn 0.4462 -0.3425 0.8268
vn 0.6494 -0.6507 -0.3935
vn 0.6617 -0.6886 -0.2966
vn 0.7078 -0.5598 -0.4310
vn 0.6918 -0.0145 -0.7219
vn 0.6773 -0.2735 -0.6830
vn 0.7542 -0.2984 -0.5850
vn 0.4289 0.5558 0.7121
vn 0.1804 0.7914 0.5841
vn 0.4814 -0.1770 0.8584
vn 0.4940 -0.2206 0.8410
vn 0.5045 -0.2378 0.8300
vn 0.9052 0.3435 0.2504
vn -0.6545 0.4504 -0.6073
vn 0.4546 0.3682 0.8110
vn 0.4398 -0.2234 0.8699
vn 0.4355 -0.1727 0.8834
vn 0.8072 -0.0540 0.5878
vn 0.0789 -0.3331 0.9396
vn -0.1950 -0.6061 0.7711
vn 0.0655 -0.8422 0.5352
vn 0.6228 0.2785 0.7311
vn 0.7182 0.5166 -0.4662
vn 0.7914 0.4970 -0.3558
vn 0.7967 0.4117 -0.4425
vn 0.7051 0.2114 0.6769
vn -0.9675 0.2408 0.0775
vn -0.9062 0.1105 0.4082
vn -0.9949 0.0810 -0.0605
vn 0.3431 0.5371 0.7706
vn 0.7028 0.3444 0.6225
vn 0.5312 0.3902 0.7521
vn 0.4779 0.4198 0.7716
vn 0.3332 -0.1277 0.9342
vn 0.1683 0.7241 0.6689
vn 0.3142 -0.7970 0.5157
vn 0.0281 -0.7039 -0.7097
vn 0.7598 -0.4147 0.5007
vn 0.6115 -0.6071 0.5075
vn -0.7036 -0.7104 -0.0184
vn 0.6412 -0.1389 0.7547
vn 0.7745 0.3011 0.5563
vn 0.6730 0.0834 0.7349
vn 0.7962 -0.3545 0.4903
vn 0.4887 -0.5084 0.7090
vn 0.5627 -0.6919 0.4524
vn 0.2199 0.6302 0.7446
vn 0.8425 0.0403 0.5372
vn 0.9357 0.0007 0.3528
vn 0.4732 -0.7485 0.4646
vn 0.5317 -0.7936 0.2959
vn 0.8478 -0.2133 0.4856
vn 0.7793 0.3261 0.5352
vn 0.8364 -0.0643 0.5443
vn 0.8008 -0.2544 0.5422
vn 0.8129 -0.0931 0.5749
vn 0.6859 -0.0246 0.7273
vn 0.7296 -0.1928 0.6562
vn 0.8161 0.2456 0.5232
vn 0.8354 0.3357 0.4353
vn 0.7586 0.3500 0.5495
vn -0.0915 0.1264 -0.9877
vn -0.0844 0.2330 -0.9688
vn 0.6050 -0.7266 0.3255
vn 0.4097 -0.8485 0.3350
vn 0.7560 -0.5214 0.3957
vn 0.8235 0.0842 0.5610
vn 0.9309 -0.3242 -0.1684
vn 0.6315 0.4477 0.6331
vn 0.8082 -0.0344 0.5880
vn 0.7677 -0.0218 0.6405
vn 0.7067 -0.0607 0.7049
vn 0.6251 0.0931 0.7750
vn 0.6253 0.0331 0.7797
vn 0.5501 0.1197 0.8265
vn 0.3354 0.6463 0.6854
vn 0.6935 0.3911 0.6051
vn 0.5903 -0.2142 0.7783
vn 0.5465 -0.0012 0.8374
vn 0.5489 -0.0456 0.8347
vn 0.7719 -0.0160 0.6355
vn 0.8319 0.0622 0.5515
vn 0.7518 -0.0274 0.6588
vn 0.7435 0.1297 0.6561
vn -0.0024 0.4195 -0.9078
vn -0.0005 0.3894 -0.9211
vn 0.0380 0.2762 -0.9603
vn 0.4122 0.1318 0.9015
vn 0.7315 0.3000 0.6123
vn 0.8637 0.3425 0.3698
vn 0.7940 0.2629 0.5481
vn 0.4626 0.2241 0.8578
vn 0.5130 -0.0847 0.8542
vn 0.5472 -0.5701 0.6129
vn 0.3769 0.5273 0.7615
vn 0.6490 0.4231 0.6323
vn 0.5549 0.2947 0.7780
vn 0.4817 -0.4803 0.7330
vn 0.8781 -0.0146 0.4782
vn 0.7592 0.0689 0.6472
vn 0.0025 0.2364 -0.9716
vn -0.1399 0.4121 -0.9004
vn 0.8433 -0.0419 0.5359
vn 0.4775 -0.3330 0.8130
vn 0.6191 -0.3946 0.6790
vn 0.5380 -0.3743 0.7553
vn 0.4610 -0.1574 0.8733
vn 0.6668 -0.3792 0.6415
vn 0.6115 -0.0187 0.7910
vn 0.5909 -0.1889 0.7843
vn 0.3855 0.1255 0.9141
vn 0.4917 -0.1322 0.8607
vn 0.7260 -0.4084 0.5533
vn 0.5213 -0.6059 -0.6009
vn 0.5816 -0.5203 0.6253
vn 0.5994 -0.3418 0.7238
vn 0.5090 0.3374 0.7919
vn 0.5087 0.4626 0.7261
vn 0.6111 0.3655 0.7020
vn 0.7403 -0.1273 0.6601
vn 0.5960 -0.4160 0.6868
vn 0.5914 -0.0251 0.8060
vn -0.0207 0.3236 -0.9460
vn 0.5787 -0.0316 0.8149
vn -0.1429 -0.0821 0.9863
vn 0.1925 0.0757 0.9784
vn -0.8470 -0.3123 -0.4301
vn 0.2907 0.0014 0.9568
vn 0.7089 -0.6442 0.2871
vn 0.6066 -0.4688 0.6421
vn 0.4511 -0.8878 0.0916
vn 0.5413 0.4852 0.6867
vn 0.7903 0.1451 0.5953
vn -0.4890 -0.5423 -0.6832
vn 0.1490 -0.7235 -0.6740
vn 0.4407 -0.4228 0.7918
vn 0.6339 0.0502 0.7718
vn 0.7386 0.0408 0.6729
vn 0.4666 -0.4424 0.7659
vn 0.4377 0.5241 0.7305
vn 0.5714 0.2717 0.7744
vn 0.6886 0.0207 0.7248
vn 0.7415 -0.1883 0.6440
vn 0.6345 0.3388 0.6947
vn 0.5847 -0.5653 0.5819
vn 0.5361 0.4553 0.7108
vn 0.2527 0.7769 0.5766
vn 0.6696 0.0941 0.7368
vn 0.5537 -0.4211 0.7184
vn 0.6435 -0.2350 0.7285
vn 0.6169 0.3537 0.7031
vn 0.4446 0.5125 0.7346
vn 0.6150 0.3639 0.6995
vn 0.5505 0.2220 0.8048
vn 0.7903 -0.0103 0.6126
vn 0.5384 0.4783 -0.6938
vn 0.0638 -0.7184 -0.6927
vn 0.7016 0.0220 0.7122
vn -0.2030 -0.5181 0.8309
vn 0.3075 0.1717 0.9359
vn 0.4494 -0.8631 0.2305
vn 0.2675 0.6930 0.6694
vn 0.9275 0.2542 0.2741
vn 0.5787 -0.7951 -0.1813
vn 0.5332 0.1308 0.8358
vn 0.6201 -0.0613 0.7821
vn 0.2478 -0.1116 0.9624
vn 0.6639 0.4089 0.6261
vn 0.7782 -0.0080 0.6280
vn 0.1130 -0.9076 0.4044
vn 0.0095 -0.9233 0.3840
vn 0.0191 -0.9914 0.1296
vn 0.5928 -0.4386 0.6754
vn -0.4715 0.1673 -0.8659
vn -0.3307 0.2202 -0.9177
vn 0.7360 0.1797 0.6527
vn 0.8593 0.1521 0.4883
vn 0.1878 -0.4844 0.8545
vn 0.2593 0.1934 0.9462
vn 0.6707 -0.5665 0.4787
vn 0.7063 0.4087 0.5780
vn 0.5709 0.4816 0.6649
vn 0.7591 -0.0532 0.6488
vn 0.5730 -0.0288 0.8191
vn 0.5816 -0.2210 0.7829
vn 0.5987 -0.1725 0.7822
vn 0.6972 -0.2622 0.6673
vn 0.6114 -0.1658 0.7737
vn 0.8482 0.1313 0.5131
vn 0.8981 0.0728 0.4337
vn -0.2724 -0.9432 -0.1900
vn -0.4348 -0.8739 -0.2174
vn 0.5139 0.0771 0.8544
vn 0.7771 -0.0153 0.6292
vn 0.9010 0.0867 0.4250
vn 0.5061 -0.4672 0.7250
vn 0.5433 -0.1280 0.8297
vn 0.5215 0.0242 0.8529
vn 0.6085 0.2839 0.7410
vn 0.1044 -0.5437 -0.8328
vn 0.6022 -0.1192 0.7894
vn 0.5126 -0.1153 0.8508
vn 0.3376 -0.7705 -0.5407
vn 0.4278 -0.6903 -0.5835
vn 0.4723 -0.7943 -0.3822
vn -0.5319 0.3740 0.7598
vn 0.8079 0.3690 0.4595
vn 0.9733 -0.0930 0.2100
vn 0.8634 -0.4169 0.2841
vn 0.6187 0.2967 0.7275
vn 0.8613 0.5065 0.0395
vn 0.5808 -0.1403 0.8018
vn 0.5738 0.1404 0.8069
vn -0.8115 0.3057 -0.4980
vn -0.6629 -0.2064 -0.7197
vn -0.3587 0.3685 -0.8577
vn 0.8207 0.0957 0.5632
vn 0.7927 0.3094 0.5253
vn 0.4357 0.0971 0.8949
vn 0.5577 -0.2741 0.7835
vn 0.5430 0.1920 0.8175
vn 0.6392 -0.0517 0.7673
vn 0.6430 -0.2519 0.7233
vn 0.6467 -0.3316 0.6869
vn 0.5602 0.0586 0.8263
vn 0.5322 0.0497 0.8451
vn 0.9330 0.2082 0.2935
vn -0.7558 -0.6332 0.1667
vn 0.8446 0.2344 0.4814
vn 0.3844 0.4507 0.8057
vn 0.5847 -0.1795 0.7911
vn -0.9768 -0.1755 0.1230
vn -0.9857 -0.1330 -0.1030
vn 0.6081 0.0054 0.7938
vn 0.6436 -0.2046 0.7375
vn 0.7588 0.1532 0.6331
vn 0.2551 0.0410 0.9660
vn 0.5230 -0.4767 0.7066
vn 0.6812 -0.2114 -0.7009
vn 0.7635 -0.1092 -0.6366
vn 0.6892 -0.3195 -0.6503
vn -0.5071 0.7516 -0.4219
vn -0.6178 0.7028 -0.3527
vn -0.3347 -0.2713 -0.9024
vn 0.8725 0.1392 0.4683
vn -0.4618 0.1430 -0.8754
vn -0.5776 0.2696 -0.7705
vn -0.4372 0.2424 -0.8661
vn 0.1340 -0.9781 -0.1595
vn 0.2158 -0.9355 -0.2798
vn 0.7607 0.1786 0.6241
vn 0.8990 -0.4359 0.0425
vn 0.9562 -0.2929 0.0018
vn 0.6358 -0.0214 0.7716
vn -0.4263 -0.0661 -0.9022
vn -0.6013 -0.4560 0.6561
vn -0.7576 0.0230 0.6524
vn -0.6454 -0.3386 0.6847
vn -0.9944 -0.0530 0.0916
vn 0.8662 -0.0256 0.4991
vn 0.1788 -0.0156 0.9838
vn -0.1312 -0.6818 -0.7197
vn -0.2821 -0.5471 -0.7881
vn -0.2400 0.2390 -0.9409
vn -0.5789 0.3678 -0.7277
vn -0.2659 -0.9432 -0.1992
vn 0.3981 0.7922 -0.4626
vn 0.1943 -0.6303 0.7517
vn 0.1321 0.1049 0.9857
vn -0.1419 0.0129 0.9898
vn 0.4188 -0.6891 0.5914
vn 0.8284 -0.5184 -0.2120
vn 0.8001 -0.5262 -0.2879
vn 0.7766 -0.5643 -0.2801
vn -0.8688 -0.4951 -0.0125
vn 0.0773 0.7096 -0.7003
vn 0.6766 0.7335 0.0651
vn 0.4092 -0.0923 0.9078
vn 0.1316 0.8226 0.5532
vn 0.9250 -0.2025 0.3215
vn 0.7974 -0.5255 0.2967
vn 0.9215 -0.3209 0.2188
vn 0.6260 0.7219 -0.2950
vn 0.5010 0.6918 -0.5201
vn 0.1818 0.8957 -0.4059
vn 0.7879 -0.6134 0.0545
vn 0.7173 0.6955 -0.0430
vn 0.9056 0.3953 0.1538
vn -0.1935 -0.2841 -0.9391
vn 0.2890 0.2567 -0.9223
vn 0.5587 0.5787 -0.5941
vn 0.3133 -0.0228 0.9494
vn 0.0884 -0.9606 -0.2635
vn -0.8231 0.4965 0.2757
vn -0.5146 0.8021 0.3029
vn 0.0088 0.9322 0.3617
vn 0.6061 -0.1606 0.7790
vn 0.5526 0.0528 0.8317
vn -0.4940 0.1058 -0.8630
vn -0.6251 0.3362 -0.7044
vn -0.5088 0.0718 -0.8579
vn -0.7943 -0.5888 0.1497
vn 0.6178 -0.2903 0.7308
vn 0.9771 0.1493 0.1513
vn 0.8760 0.4215 0.2343
vn 0.9185 0.2920 0.2665
vn 0.5741 -0.6379 -0.5133
vn 0.7167 -0.6648 0.2108
vn 0.2131 -0.9769 -0.0185
vn 0.3859 -0.9136 0.1283
vn -0.2104 0.2703 -0.9395
vn 0.4353 0.7029 0.5625
vn 0.2463 0.7171 0.6520
vn 0.4505 -0.1464 0.8807
vn 0.3256 -0.5040 -0.8000
vn -0.9209 0.0448 0.3872
vn -0.9583 0.1149 0.2618
vn -0.9486 -0.1875 0.2550
vn -0.2881 0.7382 -0.6100
vn 0.9431 0.0284 0.3314
vn 0.8739 0.2344 0.4259
vn 0.0516 -0.8276 0.5589
vn 0.8096 0.3344 0.4824
vn 0.6561 -0.6410 0.3983
vn 0.3668 0.3070 0.8782
vn 0.3691 0.5406 0.7560
vn -0.1209 -0.0118 -0.9926
vn -0.0469 -0.0164 -0.9988
vn -0.1057 0.0007 -0.9944
vn 0.3193 -0.0508 0.9463
vn 0.0146 -0.9997 -0.0209
vn 0.0174 -0.9997 -0.0144
vn 0.0302 -0.9993 -0.0201
vn 0.9720 0.0650 0.2258
vn -0.1322 0.5932 -0.7941
vn 0.3774 -0.8820 -0.2821
vn 0.2826 -0.0245 0.9589
vn 0.6012 0.1282 0.7888
vn 0.8340 -0.0709 -0.5471
vn 0.5240 -0.2189 0.8231
vn -0.4860 0.8098 -0.3288
vn -0.4748 0.8419 -0.2566
vn -0.6804 0.4722 -0.5604
vn 0.8931 -0.0578 -0.4461
vn -0.1038 -0.0368 -0.9939
vn 0.2859 0.3747 0.8820
vn 0.9564 0.2118 -0.2011
vn 0.4020 -0.3537 -0.8446
vn 0.5780 0.2608 0.7732
vn 0.9925 -0.1217 -0.0069
vn -0.2546 0.8004 0.5427
vn -0.6292 -0.7771 0.0144
vn -0.0295 0.1621 -0.9863
vn 0.3064 0.8091 0.5015
vn -0.7110 0.6173 0.3368
vn -0.7370 0.6030 0.3052
vn -0.9219 0.3212 0.2164
vn 0.8364 -0.1422 0.5293
vn -0.1485 0.1482 -0.9778
vn 0.0392 0.9254 -0.3770
vn -0.7112 -0.6823 0.1691
vn 0.8503 0.5052 -0.1475
vn -0.0233 -0.0744 -0.9970
vn -0.0230 -0.0800 -0.9965
vn -0.0282 -0.0329 -0.9991
vn -0.8117 0.4394 0.3848
vn -0.9563 0.1648 0.2413
vn -0.9176 0.2702 0.2915
vn 0.9332 -0.3485 -0.0881
vn -0.8943 -0.3721 0.2485
vn -0.9808 0.1333 0.1425
vn 0.9413 -0.3204 -0.1063
vn 0.9691 -0.2033 -0.1394
vn 0.9993 -0.0367 0.0035
vn 0.9937 0.1087 -0.0273
vn 0.9558 0.2744 0.1055
vn -0.8987 -0.4357 -0.0511
vn -0.5244 0.0479 0.8501
vn -0.7702 0.2084 0.6028
vn -0.6550 -0.3235 0.6829
vn -0.7343 -0.6104 0.2970
vn -0.9746 -0.1076 0.1964
vn -0.3808 -0.5889 0.7129
vn 0.0287 -0.9994 0.0205
vn 0.0320 -0.9992 0.0221
vn -0.8896 0.2921 0.3510
vn -0.8955 -0.0706 0.4395
vn -0.9642 0.0584 0.2586
vn -0.9106 0.3581 0.2061
vn -0.5113 0.5552 -0.6560
vn -0.8659 0.4739 0.1603
vn 0.9923 0.1219 0.0207
vn -0.9975 0.0627 -0.0320
vn 0.6406 0.1896 -0.7441
vn -0.9267 -0.2968 -0.2303
vn 0.6716 -0.2255 -0.7057
vn 0.2400 -0.7656 0.5969
vn 0.3832 -0.7640 0.5190
vn 0.2779 -0.8938 0.3521
vn -0.0159 -0.9993 0.0343
vn -0.0088 -0.9979 0.0634
vn 0.5310 0.0998 -0.8415
vn 0.6334 0.1683 -0.7553
vn 0.8982 0.2615 0.3534
vn 0.9268 -0.2018 -0.3168
vn -0.9515 -0.0859 -0.2956
vn -0.9373 0.2440 0.2489
vn -0.8652 0.2787 0.4168
vn -0.6629 0.6385 -0.3910
vn 0.9572 0.2457 0.1531
vn 0.7531 -0.5586 -0.3476
vn -0.8553 0.3310 -0.3987
vn -0.8639 -0.3133 -0.3944
vn 0.5895 -0.5495 -0.5920
vn 0.3664 -0.8662 -0.3399
vn 0.1436 0.8011 -0.5811
vn 0.1866 0.8045 -0.5639
vn 0.2008 0.8351 -0.5122
vn 0.7995 -0.2645 -0.5394
vn 0.7960 -0.0229 -0.6048
vn 0.7211 -0.1601 -0.6741
vn 0.7615 -0.4637 -0.4529
vn 0.7123 -0.4030 -0.5747
vn 0.4609 -0.4319 -0.7753
vn 0.3217 -0.6218 -0.7140
vn -0.9123 0.2069 -0.3533
vn 0.7530 0.0494 -0.6562
vn 0.7275 -0.0597 -0.6835
vn 0.7475 -0.0535 -0.6621
vn -0.0048 0.4125 -0.9110
vn -0.8786 -0.3230 0.3519
vn -0.7353 -0.5201 -0.4346
vn -0.8385 0.5439 0.0336
vn -0.8402 -0.5336 0.0964
vn 0.8564 0.1379 -0.4975
vn 0.7401 0.2956 -0.6041
vn 0.1075 0.2187 -0.9699
vn 0.0084 0.6341 -0.7732
vn -0.0994 0.2659 -0.9589
vn -0.3642 -0.5834 -0.7260
vn -0.2883 -0.6822 -0.6720
vn 0.6018 0.0861 -0.7940
vn 0.6802 -0.0159 -0.7329
vn 0.7907 0.2753 -0.5468
vn 0.6897 0.1904 -0.6986
vn 0.7687 0.2604 -0.5842
vn -0.6804 -0.7194 0.1397
vn -0.8859 -0.0521 -0.4609
vn -0.8456 -0.2955 -0.4446
vn 0.7850 -0.1000 -0.6114
vn -0.9417 -0.0456 -0.3332
vn 0.7488 -0.2105 -0.6285
vn 0.8124 -0.2232 -0.5387
vn 0.6880 -0.1418 -0.7117
vn 0.6428 -0.1368 -0.7537
vn 0.6226 -0.0391 -0.7815
vn -0.8933 0.0135 -0.4493
vn 0.1792 0.9339 -0.3095
vn 0.1739 0.9680 -0.1808
vn 0.2738 0.9405 -0.2014
vn -0.0213 0.8288 -0.5592
vn 0.0018 0.8709 -0.4915
vn 0.0152 0.7168 -0.6971
vn -0.3009 -0.5340 -0.7901
vn -0.1625 -0.2497 -0.9546
vn -0.1838 0.8208 0.5408
vn 0.5971 -0.7077 0.3776
vn 0.7261 -0.5873 0.3576
vn -0.9931 -0.0959 0.0678
vn -0.9959 0.0792 0.0428
vn 0.6962 0.3584 -0.6220
vn 0.8248 -0.3108 -0.4724
vn 0.8058 -0.4916 -0.3302
vn -0.9763 -0.1340 0.1701
vn 0.5622 -0.7990 -0.2134
vn -0.4870 -0.4152 0.7684
vn -0.3442 -0.5112 0.7875
vn -0.5577 0.6280 -0.5427
vn -0.2504 0.6230 -0.7410
vn -0.2395 0.9015 -0.3605
vn -0.5028 0.7603 -0.4113
vn 0.8254 0.0047 -0.5645
vn 0.8465 -0.1344 -0.5151
vn -0.6834 0.2858 -0.6717
vn -0.5476 0.3656 -0.7527
vn 0.8779 -0.2278 -0.4212
vn 0.7690 -0.3452 -0.5380
vn 0.7183 -0.6511 -0.2452
vn 0.6709 -0.6080 -0.4246
vn 0.5385 -0.7891 -0.2955
vn -0.5868 0.7097 0.3899
vn -0.8921 0.4158 0.1766
vn 0.8363 -0.2922 -0.4640
vn 0.4164 -0.5112 0.7519
vn 0.5720 -0.7967 0.1950
vn 0.3929 -0.9074 0.1492
vn -0.3904 0.7818 0.4862
vn -0.4500 0.7663 0.4585
vn -0.9597 0.1168 -0.2556
vn 0.0243 -0.9628 -0.2691
vn 0.1152 -0.7611 -0.6384
vn 0.1106 -0.9367 -0.3321
vn 0.6005 0.0294 -0.7991
vn 0.3138 0.0971 -0.9445
vn -0.2389 -0.3405 -0.9094
vn -0.6106 -0.3430 -0.7138
vn -0.4772 0.8784 -0.0271
vn -0.3963 0.8601 0.3212
vn -0.7046 0.6314 0.3238
vn -0.9279 -0.1504 -0.3412
vn 0.1825 -0.7890 0.5867
vn -0.8610 0.1695 -0.4796
vn -0.7868 0.5109 -0.3463
vn -0.6830 0.4162 -0.6002
vn -0.2128 0.6995 -0.6822
vn -0.1244 0.4704 -0.8736
vn -0.3358 0.4984 -0.7993
vn 0.6659 0.4416 -0.6013
vn 0.6078 0.3382 -0.7184
vn -0.7176 -0.6560 0.2339
vn 0.9261 0.1848 0.3289
vn -0.3522 -0.4003 0.8460
vn -0.6634 -0.1778 0.7269
vn -0.0099 0.3321 -0.9432
vn -0.4267 -0.7164 -0.5520
vn 0.2405 -0.4426 0.8639
vn 0.6055 -0.0211 -0.7956
vn -0.0278 -0.4053 -0.9138
vn 0.0032 -0.3755 -0.9268
vn 0.5622 -0.7577 0.3314
vn -0.1173 0.6898 -0.7144
vn 0.9225 0.3411 0.1808
vn -0.8074 0.5470 -0.2210
vn -0.6522 0.7041 0.2808
vn 0.9175 -0.1468 -0.3697
vn 0.8474 0.4735 0.2404
vn -0.0905 0.9036 -0.4187
vn 0.0803 0.8918 -0.4453
vn 0.0059 0.8484 -0.5294
vn 0.7725 -0.2809 -0.5695
vn 0.3033 0.4846 -0.8205
vn 0.5960 0.0591 -0.8008
vn 0.1908 0.4482 -0.8734
vn 0.6450 -0.1133 -0.7557
vn -0.8515 0.3996 0.3394
vn 0.8079 0.5683 -0.1559
vn 0.4758 -0.2365 -0.8472
vn -0.0083 -0.9898 0.1422
vn 0.0062 -0.9949 0.1006
vn -0.0778 -0.8153 0.5738
vn -0.0839 -0.7970 0.5981
vn 0.0392 -0.9835 0.1764
vn -0.6694 -0.4314 -0.6048
vn -0.5734 -0.5656 -0.5927
vn -0.3174 -0.6782 -0.6628
vn -0.9737 0.1750 -0.1461
vn -0.9060 -0.3969 -0.1473
vn -0.8642 -0.3961 -0.3104
vn -0.1752 -0.3237 -0.9298
vn 0.9052 0.3201 0.2796
vn 0.1852 -0.4561 -0.8704
vn 0.9582 0.1203 0.2597
vn -0.2320 -0.6271 0.7436
vn -0.4055 -0.8140 0.4160
vn -0.2804 -0.7917 0.5428
vn -0.5048 0.6358 0.5839
vn 0.2579 0.4331 -0.8636
vn 0.1202 0.5151 -0.8487
vn 0.1912 0.6870 -0.7011
vn 0.6098 0.1186 -0.7836
vn 0.9610 0.1604 0.2252
vn 0.6785 -0.7229 0.1307
vn -0.2898 -0.2693 -0.9184
vn -0.7828 -0.2607 -0.5651
vn 0.9227 0.2708 0.2742
vn 0.8306 0.4585 0.3161
vn -0.7560 -0.5760 0.3110
vn -0.8639 -0.3860 0.3235
vn -0.7952 -0.5621 0.2272
vn -0.1632 -0.2077 -0.9645
vn -0.5129 -0.2432 -0.8233
vn 0.6301 -0.6885 0.3591
vn 0.0569 -0.9828 -0.1757
vn -0.0348 -0.9991 -0.0251
vn -0.0762 -0.9049 -0.4187
vn 0.5285 -0.3845 -0.7569
vn 0.8111 0.5488 0.2026
vn -0.7752 -0.0069 -0.6317
vn 0.5596 0.7338 0.3852
vn 0.6592 0.7473 0.0834
vn 0.6411 0.6562 0.3981
vn 0.7012 0.7107 -0.0571
vn -0.5869 -0.7418 -0.3245
vn -0.5104 0.7957 0.3260
vn 0.3935 0.8798 -0.2666
vn 0.7444 0.6672 -0.0266
vn 0.5610 0.7968 0.2244
vn 0.3066 0.8025 0.5119
vn -0.0883 0.9903 0.1069
vn -0.0765 0.9558 0.2837
vn -0.5881 0.7991 -0.1248
vn 0.1461 0.9359 0.3205
vn 0.0004 0.9515 0.3076
vn 0.3723 0.9149 -0.1561
vn 0.2857 0.9575 0.0387
vn 0.2074 0.9334 0.2928
vn -0.0919 0.9079 0.4090
vn -0.2227 0.7960 0.5628
vn 0.0642 0.9970 -0.0438
vn -0.1352 0.9864 0.0932
vn 0.0580 0.9670 -0.2479
vn 0.2169 0.9397 0.2644
vn -0.6179 0.4223 -0.6632
vn 0.6424 0.7659 -0.0283
vn 0.0193 0.4130 -0.9105
vn 0.0968 0.9951 0.0200
vn 0.2639 0.9641 -0.0290
vn -0.8404 0.4284 -0.3319
vn -0.4190 0.8904 -0.1778
vn 0.1618 0.9810 0.1071
vn 0.0392 0.9807 0.1916
vn 0.0453 0.9113 0.4092
vn 0.3438 0.8767 -0.3364
vn 0.3478 0.9241 -0.1585
vn 0.1765 0.9618 -0.2090
vn -0.0130 0.9989 -0.0453
vn -0.6807 0.5280 -0.5077
vn 0.0932 0.9874 -0.1280
vn 0.0192 0.9986 -0.0493
vn -0.0247 0.9991 -0.0341
vn 0.2595 0.9656 0.0127
vn 0.4047 0.9140 -0.0294
vn 0.1775 0.9613 0.2106
vn 0.6061 0.7274 0.3217
vn 0.0454 0.8789 0.4749
vn -0.9363 -0.3032 0.1773
vn -0.7831 0.5203 0.3406
vn -0.4570 -0.5960 0.6603
vn -0.8884 -0.1797 0.4225
vn -0.7057 0.6192 -0.3443
vn -0.9163 0.1471 -0.3724
vn 0.5175 0.7987 0.3071
vn 0.6972 0.5720 0.4322
vn -0.0250 0.9011 0.4329
vn -0.3880 0.9151 0.1103
vn 0.1761 0.7563 -0.6301
vn 0.0052 0.9985 0.0546
vn 0.2273 0.9517 -0.2063
vn 0.0077 0.9437 0.3307
vn -0.7105 0.6121 0.3471
vn -0.0075 0.9308 -0.3655
vn -0.3605 -0.1673 -0.9177
vn -0.9866 0.1206 0.1100
vn 0.0056 0.8217 0.5699
vn -0.5588 0.8010 -0.2148
vn -0.8797 0.2811 0.3835
vn -0.9178 0.3785 0.1197
vn -0.9894 0.1366 0.0494
vn -0.1304 0.9544 -0.2684
vn 0.2239 0.9700 -0.0945
vn -0.8525 0.5077 -0.1246
vn 0.6509 0.5926 0.4744
vn -0.5203 0.4939 -0.6967
vn -0.5529 0.2228 -0.8029
vn -0.7774 0.2930 -0.5566
vn 0.8136 0.5813 -0.0136
vn -0.8494 0.2534 0.4630
vn -0.9015 0.3058 0.3062
vn 0.7603 0.6222 0.1865
vn -0.9902 -0.1361 -0.0306
vn 0.7728 0.6327 0.0499
vn -0.0816 -0.1903 -0.9783
vn 0.0415 -0.3378 -0.9403
vn -0.6811 0.7320 0.0170
vn 0.7624 0.5699 -0.3066
vn 0.5365 0.6042 0.5891
vn 0.5682 0.7117 0.4130
vn -0.5937 0.5652 0.5727
vn -0.5538 0.7718 0.3125
vn 0.0484 0.3365 -0.9404
vn 0.0142 0.5067 -0.8620
vn 0.2337 0.3381 -0.9116
vn 0.7482 0.6629 -0.0281
vn 0.6973 0.7050 0.1293
vn 0.6213 0.7288 0.2879
vn 0.7521 0.6434 -0.1426
vn 0.6743 0.7384 0.0076
vn 0.6098 0.7803 0.1389
vn 0.6541 0.6527 -0.3823
vn 0.7200 0.6442 -0.2580
vn -0.8967 0.2351 -0.3749
vn -0.0774 0.9215 -0.3805
vn -0.4914 0.3001 -0.8176
vn 0.6467 0.7529 -0.1219
vn 0.5160 0.7969 0.3142
vn 0.7037 0.5849 -0.4034
vn -0.7981 -0.5618 0.2177
vn 0.3902 0.8400 0.3770
vn 0.0311 0.8753 0.4826
vn 0.5775 0.8147 -0.0531
vn 0.5587 0.8283 0.0417
vn 0.4707 0.8617 0.1893
vn 0.3524 0.8027 0.4810
vn 0.5745 0.7600 -0.3040
vn 0.5615 0.8109 -0.1647
vn 0.4312 0.8972 0.0953
vn 0.3991 0.8766 0.2688
vn 0.4904 0.8238 -0.2845
vn 0.0196 0.2210 -0.9751
vn -0.7396 0.3961 -0.5442
vn -0.7767 -0.2402 -0.5823
vn -0.4732 -0.4352 -0.7660
vn -0.8441 -0.5361 -0.0101
vn -0.5430 0.6441 0.5388
vn -0.8559 -0.3241 0.4030
vn -0.9744 -0.0061 -0.2249
vn -0.3265 -0.8227 0.4653
vn -0.2674 -0.8931 0.3619
vn -0.3692 0.8010 0.4712
vn -0.4907 0.7308 0.4745
vn -0.6583 0.5294 0.5352
vn -0.3490 0.8001 0.4878
vn -0.2754 0.6477 0.7104
vn -0.4206 0.0293 0.9068
vn -0.5845 -0.0793 -0.8075
vn -0.3273 -0.0755 -0.9419
vn -0.5841 0.2401 -0.7754
vn -0.4767 0.6791 0.5582
vn -0.8145 -0.3603 0.4548
vn -0.6865 -0.3326 0.6466
vn -0.8137 0.2377 0.5305
vn -0.1915 -0.7609 -0.6200
vn -0.8029 -0.3209 0.5023
vn -0.8054 -0.3257 0.4953
vn -0.8494 0.0360 0.5264
vn -0.7255 0.4451 0.5248
vn 0.1550 0.3512 -0.9234
vn 0.0181 -0.9996 -0.0206
vn 0.0244 -0.9993 -0.0290
vn 0.0477 -0.9987 -0.0202
vn -0.7801 0.4477 -0.4370
vn -0.6260 0.4604 0.6293
vn -0.5465 0.2467 0.8003
vn -0.7647 -0.1936 0.6146
vn -0.6750 0.4354 0.5957
vn -0.4161 0.2562 -0.8725
vn -0.6941 0.2488 0.6756
vn -0.6849 0.7100 -0.1638
vn -0.6399 -0.3420 0.6881
vn -0.9781 0.1197 0.1703
vn -0.9144 0.3459 0.2104
vn -0.6000 0.3757 0.7063
vn -0.7246 0.2768 0.6311
vn -0.7766 -0.0731 0.6257
vn -0.2547 0.0707 -0.9644
vn -0.2677 0.1948 -0.9436
vn -0.3775 0.1119 -0.9192
vn -0.3666 -0.0050 -0.9304
vn -0.3460 0.1279 -0.9295
vn -0.3590 0.1132 -0.9264
vn -0.7864 -0.0000 -0.6177
vn -0.6238 -0.2453 -0.7421
vn -0.7277 -0.5830 0.3613
vn -0.2856 -0.8557 0.4316
vn -0.7805 0.2312 0.5808
vn -0.9772 0.1242 0.1723
vn -0.5030 0.7176 0.4817
vn -0.2310 -0.8278 0.5112
vn -0.6167 -0.3741 0.6926
vn -0.8368 0.5460 -0.0414
vn -0.5772 0.5187 0.6307
vn -0.4745 0.6515 0.5919
vn 0.5383 0.7022 -0.4659
vn -0.2806 -0.2596 0.9241
vn -0.5033 -0.1750 0.8462
vn -0.5069 -0.0741 0.8588
vn -0.9682 0.1378 -0.2087
vn -0.1605 -0.0883 0.9831
vn -0.6542 0.1419 0.7429
vn -0.7181 0.0706 0.6923
vn -0.9316 -0.2297 -0.2817
vn -0.6310 -0.3399 0.6974
vn -0.6330 -0.4823 0.6055
vn -0.8405 0.4089 -0.3556
vn -0.9820 -0.0403 -0.1847
vn 0.1773 -0.5496 -0.8164
vn 0.2301 -0.6439 -0.7297
vn -0.6416 -0.1615 0.7498
vn -0.3700 -0.3323 0.8676
vn -0.7537 0.2819 0.5937
vn -0.6108 -0.0152 0.7917
vn -0.3771 0.1912 -0.9062
vn -0.4448 0.3409 -0.8282
vn -0.3355 0.3283 -0.8830
vn -0.7420 -0.0052 0.6704
vn -0.6654 -0.1472 0.7318
vn -0.1216 -0.3799 0.9170
vn -0.5075 -0.3693 -0.7785
vn -0.0609 -0.5817 0.8111
vn -0.0368 0.1956 -0.9800
vn -0.0682 0.2939 -0.9534
vn -0.9302 0.3667 0.0159
vn -0.7728 0.6211 -0.1306
vn -0.4731 0.1480 -0.8685
vn -0.6448 0.2702 -0.7150
vn -0.5080 0.2038 -0.8369
vn -0.7657 0.3909 0.5108
vn 0.2847 0.2989 -0.9108
vn 0.4352 0.3182 -0.8422
vn 0.4051 0.2865 -0.8682
vn -0.7181 -0.6790 -0.1525
vn -0.7794 0.1258 0.6138
vn -0.5861 0.1694 -0.7923
vn -0.8734 0.1274 0.4701
vn -0.7967 0.4021 0.4512
vn -0.7386 0.6481 0.1857
vn -0.7644 0.1492 0.6273
vn -0.3085 -0.2757 -0.9104
vn -0.5818 0.3914 -0.7130
vn -0.3635 0.0903 -0.9272
vn -0.9105 -0.3934 0.1271
vn -0.6763 0.1070 0.7288
vn -0.3827 -0.9213 0.0686
vn -0.8819 -0.2245 0.4146
vn -0.8449 -0.0770 0.5294
vn -0.8258 0.1226 0.5505
vn -0.7057 0.3736 0.6020
vn -0.7066 0.4524 -0.5442
vn -0.7404 -0.2900 0.6064
vn -0.8394 -0.1704 0.5161
vn -0.7754 0.2686 0.5715
vn -0.4657 -0.7831 -0.4121
vn -0.6040 0.0877 0.7921
vn -0.6928 0.3784 0.6138
vn -0.7684 0.0237 0.6395
vn -0.5254 0.0019 -0.8509
vn -0.2799 -0.0423 -0.9591
vn -0.1319 -0.2058 -0.9697
vn -0.6917 0.1629 0.7036
vn -0.0971 -0.8895 0.4465
vn -0.1293 0.1170 -0.9847
vn 0.4597 0.7762 -0.4315
vn -0.6346 0.6229 0.4574
vn -0.7990 -0.1466 0.5832
vn -0.7608 -0.3891 0.5193
vn -0.7256 0.2182 0.6526
vn -0.3689 0.8964 -0.2455
vn -0.7106 0.3953 0.5820
vn -0.6571 0.5382 0.5277
vn -0.6091 0.4814 0.6303
vn -0.7796 -0.1530 0.6072
vn -0.7695 0.0712 0.6346
vn -0.7524 -0.3598 0.5517
vn 0.1542 0.2154 -0.9643
vn 0.1807 0.4075 -0.8952
vn 0.1393 0.2768 -0.9508
vn -0.3592 0.0734 -0.9304
vn -0.5951 0.0999 -0.7974
vn -0.5201 -0.0153 -0.8540
vn -0.7171 -0.5552 0.4214
vn 0.0985 -0.2186 -0.9708
vn 0.2269 -0.5908 -0.7742
vn 0.0460 0.2111 -0.9764
vn -0.8030 0.0922 0.5889
vn -0.0075 0.1427 -0.9897
vn -0.6062 0.7743 0.1815
vn -0.6984 -0.0294 -0.7151
vn -0.5658 -0.1474 -0.8113
vn -0.6039 -0.3008 -0.7381
vn -0.4216 -0.0031 -0.9068
vn -0.0554 -0.9937 0.0979
vn 0.0168 -0.9998 -0.0071
vn -0.3821 0.4409 -0.8122
vn -0.3566 -0.6367 0.6837
vn -0.0247 0.3528 -0.9354
vn -0.6297 -0.4427 0.6384
vn -0.5675 0.0160 -0.8232
vn 0.3328 -0.5099 -0.7932
vn -0.3578 -0.0734 -0.9309
vn 0.3303 0.4311 -0.8397
vn 0.3586 0.4299 -0.8286
vn 0.3296 0.3182 -0.8889
vn -0.0891 0.6605 -0.7455
vn -0.0275 0.5992 -0.8002
vn -0.0387 0.6357 -0.7710
vn -0.4436 0.0694 -0.8935
vn 0.1193 0.8387 -0.5314
vn -0.0517 0.3846 -0.9216
vn -0.1992 0.6290 -0.7515
vn 0.1093 0.8585 -0.5010
vn 0.1627 0.7165 -0.6784
vn 0.1072 0.6133 -0.7825
vn -0.0454 0.7293 -0.6827
vn 0.1425 0.7342 -0.6638
vn 0.3065 0.6788 -0.6673
vn 0.3914 0.4498 -0.8028
vn 0.5551 0.3230 -0.7665
vn -0.8606 -0.2847 -0.4222
vn -0.3848 0.5900 -0.7098
vn -0.6601 -0.1923 -0.7261
vn -0.6511 -0.5171 -0.5557
vn -0.6515 -0.3085 -0.6931
vn -0.4629 -0.3666 -0.8071
vn -0.9603 0.0096 -0.2788
vn -0.8888 -0.0856 -0.4502
vn -0.4509 -0.6557 -0.6057
vn -0.9378 -0.1594 -0.3084
vn -0.5254 -0.6075 -0.5958
vn -0.6481 -0.5793 -0.4944
vn -0.9820 0.0452 -0.1832
vn -0.9656 0.0181 -0.2593
vn -0.7180 -0.5726 -0.3957
vn -0.6281 0.7517 -0.2009
vn -0.5636 -0.6507 -0.5089
vn -0.9380 -0.2719 -0.2152
vn -0.9635 -0.1771 -0.2010
vn -0.6421 -0.6562 -0.3964
vn -0.8678 -0.4045 -0.2887
vn -0.0197 0.7902 -0.6126
vn 0.2809 0.5925 -0.7550
vn 0.2722 0.4722 -0.8384
vn -0.4863 0.7155 -0.5016
vn -0.5461 0.6930 -0.4708
vn -0.2993 -0.9350 -0.1902
vn -0.9804 0.1329 -0.1458
vn -0.0339 0.6127 -0.7896
vn 0.0446 0.4863 -0.8726
vn -0.0503 0.7233 -0.6887
vn -0.1414 -0.9879 0.0638
vn -0.4031 -0.8699 0.2842
vn -0.1652 -0.9716 0.1692
vn -0.7632 -0.6255 0.1620
vn -0.0376 -0.9991 -0.0193
vn -0.3700 -0.8991 -0.2338
vn -0.1144 0.7258 -0.6784
vn -0.0916 0.3773 -0.9215
vn -0.7067 -0.3057 -0.6380
vn -0.7298 -0.2842 -0.6218
vn -0.8080 -0.1322 -0.5741
vn -0.8461 0.0999 -0.5236
vn -0.8971 -0.3940 -0.2001
vn 0.6008 0.4759 -0.6422
vn 0.5637 0.3243 -0.7597
vn -0.7829 -0.3579 -0.5089
vn -0.8634 -0.2938 -0.4101
vn -0.3956 0.7795 -0.4857
vn -0.6881 0.5687 -0.4506
vn -0.8537 0.3367 -0.3972
vn -0.7140 -0.6221 -0.3211
vn 0.1785 0.4920 -0.8521
vn -0.0561 0.3851 -0.9212
vn 0.1264 0.5608 -0.8182
vn 0.1244 0.3348 -0.9341
vn -0.8653 -0.2983 -0.4027
vn -0.9244 -0.1466 -0.3521
vn -0.8909 0.1492 -0.4290
vn -0.9952 0.0572 0.0795
vn -0.8463 -0.2750 -0.4561
vn -0.9313 0.0191 -0.3636
vn -0.9037 -0.3458 -0.2524
vn -0.9081 -0.2598 -0.3284
vn -0.9098 -0.2759 -0.3101
vn -0.9576 -0.2754 -0.0841
vn 0.1273 0.4030 -0.9063
vn -0.8155 -0.1396 -0.5617
vn -0.9073 -0.2798 -0.3138
vn -0.8602 0.1709 -0.4805
vn -0.8896 -0.2984 -0.3456
vn -0.6689 0.2341 -0.7055
vn -0.6758 0.4892 -0.5513
vn -0.5241 0.5273 -0.6688
vn -0.9241 -0.1598 -0.3471
vn -0.7938 -0.4421 0.4175
vn -0.6166 0.1702 -0.7687
vn -0.6955 0.3858 -0.6061
vn -0.7051 -0.6122 -0.3579
vn 0.0574 0.1387 -0.9887
vn 0.1118 -0.4278 -0.8969
vn -0.2546 -0.9148 0.3136
vn -0.1595 -0.9867 0.0319
vn -0.0033 -0.9974 0.0714
vn -0.9750 -0.2078 -0.0787
vn 0.3117 0.7942 -0.5216
vn 0.1774 0.7973 -0.5769
vn -0.8609 0.3616 -0.3579
vn -0.3936 0.8548 -0.3383
vn -0.8932 -0.2518 -0.3725
vn -0.3200 0.6674 -0.6725
vn -0.7506 -0.6431 -0.1518
vn -0.9829 0.1669 -0.0774
vn -0.8976 -0.3551 -0.2612
vn -0.9560 0.2841 -0.0725
vn -0.6126 0.2332 -0.7552
vn -0.6060 -0.0583 -0.7933
vn -0.6535 0.1766 -0.7360
vn -0.9217 0.2653 -0.2829
vn 0.1913 -0.5339 -0.8236
vn -0.8101 -0.5260 -0.2591
vn -0.6648 0.5943 -0.4526
vn -0.8264 0.5040 -0.2513
vn -0.9506 0.1734 -0.2574
vn -0.9439 -0.1539 -0.2922
vn -0.2606 -0.5359 -0.8030
vn -0.9738 -0.2276 0.0024
vn 0.4960 0.3617 -0.7894
vn 0.6072 0.1936 -0.7706
vn -0.1636 0.3275 -0.9306
vn -0.7806 -0.6015 -0.1698
vn -0.8085 0.5064 -0.2997
vn -0.9418 -0.1171 -0.3150
vn 0.5286 0.6174 -0.5826
vn 0.4642 0.5450 -0.6982
vn 0.4179 0.5029 -0.7566
vn 0.0206 -0.9973 0.0704
vn -0.6648 -0.5799 -0.4709
vn -0.6023 -0.5247 -0.6016
vn -0.5097 -0.7013 -0.4985
vn -0.6084 -0.7705 0.1901
vn -0.9860 -0.1260 -0.1091
vn -0.9144 0.2905 -0.2819
vn -0.8412 0.3963 -0.3678
vn 0.1639 0.2449 -0.9556
vn 0.0044 0.7201 -0.6938
vn -0.0588 0.7142 -0.6975
vn 0.4563 0.4974 -0.7378
vn 0.3707 0.5212 -0.7687
vn -0.9227 -0.3700 -0.1081
vn -0.6016 -0.3631 -0.7115
vn -0.7124 -0.2752 -0.6456
vn -0.5656 -0.1422 -0.8123
vn -0.2844 -0.9108 0.2992
vn -0.1682 0.8638 -0.4749
vn -0.6404 0.6770 -0.3628
vn 0.2664 0.8532 -0.4485
vn -0.4716 -0.8313 -0.2942
vn -0.5496 -0.7701 -0.3238
vn -0.6790 -0.6848 -0.2646
vn -0.9480 -0.1910 -0.2545
vn -0.7442 -0.0817 -0.6630
vn -0.7411 -0.0226 -0.6710
vn -0.6025 0.0571 -0.7961
vn -0.6858 0.1761 -0.7062
vn -0.0865 0.5609 -0.8233
vn -0.9924 -0.1147 -0.0454
vn -0.8601 -0.1972 -0.4704
vn -0.7388 0.2124 -0.6396
vn -0.9795 -0.0272 -0.1998
vn -0.0902 0.5403 -0.8366
vn -0.7525 -0.1499 -0.6413
vn -0.0484 0.9288 -0.3674
vn 0.2364 0.8470 -0.4762
vn 0.1932 -0.5746 -0.7953
vn 0.2084 -0.0623 -0.9761
vn 0.4665 0.1668 -0.8687
vn 0.4614 0.4336 -0.7740
vn 0.4927 0.4124 -0.7663
vn 0.2091 -0.0882 -0.9739
vn -0.8008 0.0740 -0.5944
vn 0.3546 0.6839 -0.6376
vn -0.7053 -0.4254 -0.5671
vn 0.3854 0.3823 -0.8398
vn 0.4768 0.2147 -0.8524
vn 0.0160 0.6815 -0.7317
vn 0.0153 -0.9998 -0.0089
vn 0.1528 0.3439 -0.9265
vn -0.9785 0.0957 -0.1830
vn -0.0908 0.5769 -0.8118
vn -0.1713 0.5425 -0.8224
vn -0.7516 -0.3322 -0.5699
vn -0.7833 -0.1171 -0.6105
vn 0.0264 -0.9993 -0.0277
vn -0.0638 0.6359 -0.7691
vn -0.0886 0.6743 -0.7331
vn -0.1043 0.7785 -0.6189
vn 0.1905 0.2741 -0.9426
vn -0.9000 -0.1608 -0.4052
vn -0.6723 -0.3253 -0.6650
vn -0.6103 -0.7054 -0.3604
vn -0.7936 -0.2990 -0.5299
vn 0.0071 0.5174 -0.8557
vn -0.8390 -0.0375 -0.5428
vn -0.8664 0.3593 -0.3468
vn -0.8094 -0.4299 -0.3999
vn -0.8359 -0.3975 -0.3786
vn -0.8980 -0.0464 -0.4374
vn -0.8439 0.1580 -0.5128
vn -0.7551 0.2833 -0.5912
vn -0.5981 0.3128 -0.7379
vn -0.6747 0.7177 -0.1724
vn -0.0479 0.6978 -0.7147
vn -0.4881 -0.6912 -0.5330
vn -0.5900 -0.7007 -0.4011
vn -0.7993 0.2459 -0.5483
vn -0.7066 -0.1433 -0.6929
vn -0.8787 0.1909 -0.4375
vn -0.7358 0.4696 -0.4879
vn -0.4149 0.8457 -0.3357
vn -0.5776 0.3560 -0.7346
vn -0.6563 -0.6753 -0.3365
vn -0.5458 -0.5685 -0.6156
vn -0.6929 -0.6622 -0.2852
vn -0.8592 -0.3747 -0.3485
vn -0.9138 0.0879 -0.3965
vn -0.7880 0.1547 -0.5959
vn -0.9128 -0.1405 -0.3834
vn -0.9503 0.0212 -0.3106
vn -0.2277 0.7644 -0.6032
vn 0.0675 -0.9968 0.0438
vn -0.6172 0.1717 -0.7679
vn -0.7351 0.5411 -0.4085
vn -0.5795 0.7809 -0.2330
vn -0.7285 -0.2410 -0.6412
vn -0.8630 0.0434 -0.5034
vn -0.6683 -0.0204 -0.7436
vn -0.7510 0.1887 -0.6328
vn 0.4572 0.2489 -0.8538
vn 0.5087 0.2710 -0.8172
vn -0.7623 0.4068 -0.5033
vn -0.8227 -0.4875 -0.2925
vn 0.5561 0.4886 -0.6723
vn -0.7539 0.6118 -0.2394
vn -0.6835 -0.6838 -0.2554
vn 0.5440 0.1052 -0.8325
vn 0.3250 0.4082 -0.8531
vn 0.4073 0.1530 -0.9004
vn 0.5814 0.5815 -0.5691
vn -0.2126 0.7982 -0.5636
vn -0.0011 0.7996 -0.6006
vn 0.4726 0.6360 -0.6100
vn 0.0495 0.4201 -0.9061
vn 0.3997 0.7585 -0.5147
vn 0.4407 0.6089 -0.6595
vn 0.8289 0.1091 -0.5487
vn -0.0514 -0.9511 0.3046
vn -0.0139 -0.6437 0.7651
vn 0.0725 -0.7344 0.6748
vn -0.2396 -0.9708 -0.0060
vn -0.2415 -0.9566 -0.1633
vn 0.2565 0.4531 -0.8537
vn 0.2391 0.6586 -0.7135
vn 0.1342 0.5685 -0.8117
vn -0.1206 0.8793 -0.4608
vn 0.2961 0.6718 -0.6789
vn 0.3501 0.6903 -0.6332
vn 0.1041 0.5266 -0.8437
vn 0.0231 -0.9972 0.0704
vn 0.0407 0.5153 -0.8560
vn 0.5350 0.4249 -0.7303
vn -0.0084 0.4114 -0.9114
vn -0.2325 -0.9696 -0.0766
vn -0.2198 0.8769 -0.4275
vn 0.5571 0.5797 -0.5947
vn -0.2981 0.6147 -0.7302
vn -0.2609 -0.9555 0.1379
vn 0.0009 -0.9995 0.0329
vn 0.3277 0.3136 -0.8912
vn -0.3691 0.2586 -0.8927
vn 0.1197 0.1683 -0.9784
vn -0.0149 0.8284 -0.5600
vn -0.2665 0.8503 -0.4538
vn 0.2774 -0.5545 -0.7846
vn 0.2937 0.3454 -0.8913
vn 0.5618 0.2701 -0.7820
vn 0.4335 0.1897 -0.8810
vn -0.0285 0.3511 -0.9359
vn 0.0530 0.4360 -0.8984
vn -0.0423 0.4164 -0.9082
vn -0.5744 -0.8086 -0.1272
vn -0.1256 0.4412 -0.8886
vn 0.5747 0.2930 -0.7641
vn 0.0939 0.7262 -0.6810
vn 0.1431 0.4189 -0.8967
vn -0.0991 0.6783 -0.7280
vn -0.2050 0.6707 -0.7129
vn -0.2336 0.5283 -0.8163
vn -0.3220 0.5603 -0.7631
vn 0.1740 -0.1908 -0.9661
vn 0.2891 0.2835 -0.9144
vn 0.4747 0.3829 -0.7925
vn 0.1218 0.6826 -0.7205
vn 0.3207 0.1934 -0.9272
vn 0.5402 0.6142 -0.5753
vn -0.1355 0.5199 -0.8434
vn -0.0895 0.7710 -0.6306
vn -0.0452 0.4381 -0.8978
vn -0.0953 0.6419 -0.7608
vn -0.0003 0.6669 -0.7452
vn 0.0842 0.8839 -0.4600
vn 0.0611 0.4866 -0.8715
vn 0.1046 0.7611 -0.6401
vn -0.0066 0.4650 -0.8853
vn 0.1490 0.8710 -0.4682
vn -0.4296 -0.6992 0.5715
vn 0.0646 0.1400 -0.9880
vn 0.1350 0.5527 -0.8224
vn 0.2054 -0.5376 0.8178
vn 0.2249 0.6100 -0.7598
vn 0.2915 0.8103 -0.5083
vn 0.3544 0.0985 -0.9299
vn -0.6461 -0.6300 -0.4309
vn 0.2258 0.2198 -0.9491
vn 0.0932 0.6165 -0.7818
vn -0.0224 0.4835 -0.8750
vn 0.5137 0.0946 -0.8528
vn -0.5327 -0.2014 -0.8220
vn -0.5640 -0.0914 -0.8207
vn -0.4627 0.3561 -0.8118
vn -0.2630 -0.1110 -0.9584
vn -0.3849 -0.2780 -0.8801
vn -0.3051 0.0169 -0.9522
vn -0.4123 0.1366 -0.9007
vn 0.4325 -0.2383 -0.8696
vn -0.1516 0.2999 -0.9418
vn -0.2132 0.3817 -0.8994
vn 0.1920 -0.0315 -0.9809
vn 0.0483 0.2560 -0.9655
vn 0.2601 -0.3156 -0.9125
vn -0.1892 -0.4166 -0.8892
vn 0.5215 -0.0186 -0.8530
vn -0.4063 -0.2414 -0.8813
vn -0.4252 -0.2216 -0.8776
vn -0.3687 0.1802 -0.9119
vn -0.4791 -0.6655 -0.5723
vn -0.3196 -0.6012 -0.7324
vn -0.3636 -0.7030 -0.6112
vn -0.5023 -0.1013 -0.8587
vn -0.5163 -0.4891 -0.7030
vn 0.1224 -0.3158 -0.9409
vn -0.2457 0.2301 -0.9416
vn -0.2567 0.1828 -0.9491
vn -0.4377 0.1478 -0.8869
vn 0.0670 -0.0203 -0.9975
vn -0.0931 -0.4927 -0.8652
vn -0.0266 -0.9984 -0.0505
vn -0.2313 0.1448 -0.9620
vn -0.2857 0.0032 -0.9583
vn -0.2889 0.2874 -0.9132
vn -0.1232 0.0171 -0.9922
vn -0.4643 0.0003 -0.8857
vn -0.0492 -0.3404 -0.9390
vn -0.4081 -0.5231 -0.7482
vn 0.1184 -0.2188 -0.9686
vn -0.2567 -0.1253 -0.9583
vn 0.0685 -0.4270 -0.9017
vn -0.0604 0.3584 -0.9316
vn 0.0616 -0.2799 -0.9581
vn -0.3313 -0.3795 -0.8639
vn 0.0279 -0.3014 -0.9531
vn -0.3569 -0.7216 -0.5933
vn -0.3983 -0.2619 -0.8791
vn -0.2491 -0.2982 -0.9214
vn -0.4021 -0.3154 -0.8596
vn -0.1079 -0.3136 -0.9434
vn -0.0296 -0.9990 0.0349
vn -0.2401 -0.2516 -0.9376
vn -0.0117 -0.1414 -0.9899
vn -0.1793 -0.2841 -0.9419
vn 0.3281 -0.3583 -0.8741
vn 0.2487 0.2541 -0.9346
vn -0.3441 -0.4149 -0.8423
vn 0.6070 -0.1284 -0.7842
vn 0.4781 0.0351 -0.8776
vn -0.1077 0.2372 -0.9655
vn 0.4252 -0.4955 -0.7574
vn -0.2614 -0.3635 -0.8942
vn 0.4356 0.0536 -0.8985
vn 0.3850 -0.3272 -0.8630
vn 0.4215 -0.1146 -0.8996
vn 0.4537 -0.1138 -0.8839
vn 0.4070 0.0171 -0.9133
vn 0.3924 0.0934 -0.9151
vn 0.3450 -0.4210 -0.8389
vn 0.3068 -0.0803 -0.9484
vn 0.2928 -0.1837 -0.9384
vn -0.2193 0.2882 -0.9321
vn 0.3064 -0.1736 -0.9359
vn 0.4162 0.0312 -0.9087
vn -0.6399 -0.7467 0.1817
vn 0.3079 -0.3527 -0.8836
vn 0.4174 0.0690 -0.9061
vn -0.5770 -0.8158 0.0385
vn -0.3467 -0.9380 0.0051
vn 0.3158 -0.3860 -0.8668
vn 0.2374 -0.2196 -0.9463
vn 0.4544 -0.0005 -0.8908
vn 0.2039 -0.2055 -0.9572
vn 0.3036 -0.0985 -0.9477
vn 0.4619 0.0736 -0.8839
vn 0.0967 -0.2479 -0.9640
vn 0.0960 -0.4257 -0.8998
vn 0.1864 -0.4564 -0.8700
vn 0.2429 -0.0607 -0.9681
vn 0.2710 -0.2484 -0.9300
vn 0.3353 -0.4432 -0.8313
vn 0.1103 -0.1922 -0.9751
vn 0.2891 -0.0966 -0.9524
vn 0.1665 -0.0799 -0.9828
vn 0.2414 -0.1699 -0.9554
vn 0.2676 -0.2582 -0.9283
vn 0.4725 -0.1431 -0.8696
vn 0.3550 0.1036 -0.9291
vn 0.2783 0.1244 -0.9524
vn 0.2042 -0.3492 -0.9145
vn 0.2576 -0.2082 -0.9435
vn 0.3611 0.0767 -0.9294
vn -0.0425 -0.2142 -0.9759
vn 0.2351 -0.1078 -0.9660
vn 0.2559 0.0298 -0.9662
vn 0.2127 -0.6340 -0.7435
vn 0.3356 -0.4846 -0.8078
vn 0.2970 -0.2284 -0.9272
vn 0.3597 0.1399 -0.9225
vn 0.2140 -0.2355 -0.9480
vn 0.2114 -0.1758 -0.9615
vn 0.2086 -0.2035 -0.9566
vn 0.2104 -0.3036 -0.9293
vn 0.1238 -0.4542 -0.8823
vn 0.2967 -0.0445 -0.9539
vn 0.1215 -0.7136 -0.6900
vn 0.2220 -0.2669 -0.9378
vn 0.2223 -0.0509 -0.9736
vn 0.1252 -0.1264 -0.9840
vn 0.1173 -0.5146 -0.8494
vn 0.2282 -0.1553 -0.9612
vn 0.4154 0.0347 -0.9090
vn 0.2374 -0.0620 -0.9694
vn 0.1434 -0.0745 -0.9869
vn 0.1546 -0.3068 -0.9391
vn 0.2272 0.0406 -0.9730
vn 0.1657 -0.2817 -0.9451
vn 0.2067 -0.1008 -0.9732
vn 0.2243 -0.1756 -0.9586
vn 0.1111 -0.4674 -0.8770
vn 0.0061 -0.5130 -0.8584
vn 0.1123 -0.2880 -0.9510
vn 0.1885 -0.1444 -0.9714
vn -0.0719 -0.8135 0.5771
vn 0.0306 -0.7121 -0.7014
vn 0.0831 -0.4351 -0.8966
vn 0.1804 -0.1636 -0.9699
vn 0.2016 -0.2354 -0.9508
vn 0.0329 -0.3800 -0.9244
vn 0.1601 -0.2816 -0.9461
vn 0.1238 -0.0808 -0.9890
vn 0.2554 -0.1710 -0.9516
vn 0.2656 -0.1401 -0.9538
vn 0.1235 -0.0384 -0.9916
vn 0.1228 0.0097 -0.9924
vn -0.1110 -0.4431 -0.8896
vn 0.1042 -0.3214 -0.9412
vn 0.2042 -0.1853 -0.9612
vn 0.8592 -0.5077 -0.0635
vn -0.1171 -0.6042 0.7882
vn -0.5603 -0.0938 -0.8230
vn 0.1172 -0.0448 -0.9921
vn 0.0008 -0.4043 -0.9146
vn 0.0706 -0.2827 -0.9566
vn 0.4441 -0.8825 0.1548
vn 0.0938 -0.0388 -0.9948
vn -0.0444 -0.1043 -0.9936
vn -0.4307 -0.6991 -0.5707
vn -0.1894 -0.4678 -0.8633
vn -0.1683 -0.3750 -0.9116
vn 0.3519 -0.8333 0.4264
vn -0.0708 -0.1782 -0.9815
vn 0.1947 -0.8552 0.4804
vn -0.0848 -0.9950 -0.0521
vn 0.0399 -0.9770 0.2096
vn -0.3437 -0.3936 -0.8526
vn -0.1418 -0.2542 -0.9567
vn -0.0781 0.1181 -0.9899
vn -0.4921 -0.1515 -0.8573
vn -0.5712 -0.7955 -0.2023
vn -0.7545 -0.4414 -0.4856
vn -0.0869 -0.0404 -0.9954
vn -0.1829 -0.1345 -0.9739
vn -0.4203 -0.3257 -0.8469
vn -0.4244 -0.8628 0.2746
vn -0.3458 -0.1953 -0.9178
vn -0.3233 -0.0661 -0.9440
vn -0.2887 0.0986 -0.9523
vn -0.2879 -0.5413 0.7900
vn -0.2432 -0.8606 0.4475
vn 0.0504 -0.9978 0.0426
vn 0.1056 -0.9918 0.0721
vn -0.2075 -0.9782 -0.0017
vn -0.1715 -0.9825 -0.0722
vn 0.1373 -0.9402 0.3118
vn 0.0138 -0.9998 0.0157
vn 0.1782 -0.5607 0.8086
vn 0.0347 -0.9990 -0.0294
vn -0.1777 -0.9838 0.0225
vn 0.0353 -0.9790 0.2008
vn -0.1564 -0.9462 0.2833
vn -0.4771 -0.8782 -0.0327
vn -0.1911 -0.9097 -0.3686
vn 0.0418 -0.9991 0.0085
vn 0.4603 -0.8802 0.1156
vn -0.6675 -0.7027 0.2462
vn -0.5254 -0.7309 0.4356
vn -0.3654 -0.9038 0.2229
vn -0.2976 -0.9323 0.2057
vn -0.4342 -0.8941 0.1103
vn 0.4036 -0.8752 0.2666
vn -0.0215 -0.9983 0.0544
vn 0.0052 -1.0000 0.0036
vn -0.1261 -0.6227 0.7722
vn -0.1229 -0.9914 -0.0449
vn -0.6349 -0.7710 0.0497
vn 0.0910 -0.9482 0.3042
vn 0.0628 -0.9585 0.2780
vn 0.2271 -0.9688 0.0991
vn -0.0253 -0.9993 0.0277
vn -0.4302 -0.8736 0.2276
vn -0.4412 -0.8885 0.1265
vn 0.1829 -0.9829 -0.0219
vn 0.0008 -0.9992 -0.0388
vn 0.0300 -0.9992 -0.0278
vn -0.8206 -0.5290 -0.2165
vn -0.1544 -0.9686 0.1947
vn -0.4907 -0.8602 0.1388
vn -0.4838 -0.8705 -0.0911
vn -0.4666 -0.8812 0.0760
vn 0.3236 -0.8757 0.3583
vn 0.0581 -0.9983 0.0024
vn 0.3898 -0.9208 -0.0113
vn -0.6256 -0.7802 0.0041
vn 0.2608 -0.9515 -0.1631
vn 0.1732 -0.9785 0.1121
vn -0.6016 -0.6806 0.4183
vn 0.3352 -0.9148 0.2252
vn -0.6510 -0.7375 -0.1796
vn -0.8921 -0.4517 0.0074
vn -0.6980 -0.7146 0.0458
vn -0.6630 -0.7037 -0.2554
vn -0.3840 -0.9127 -0.1400
vn 0.0655 -0.9977 -0.0159
vn 0.1478 -0.9874 -0.0567
vn -0.4728 -0.8811 -0.0072
vn -0.0562 -0.9924 0.1093
vn -0.4876 -0.7997 0.3503
vn -0.1191 -0.8310 0.5434
vn -0.4070 -0.8167 0.4092
vn -0.6882 -0.5598 0.4615
vn -0.3140 -0.9408 0.1277
vn 0.0190 -0.9961 0.0859
vn 0.2963 -0.9403 0.1676
vn 0.0040 -0.9944 0.1055
vn -0.2881 -0.9534 0.0898
vn -0.2606 -0.8382 0.4791
vn -0.3004 -0.6512 0.6969
vn -0.3637 -0.9038 0.2256
vn -0.4898 -0.7013 0.5179
vn -0.1302 -0.9341 0.3325
vn 0.2654 -0.9283 0.2603
vn 0.0314 -0.9970 0.0706
vn -0.6742 -0.7155 0.1832
vn -0.5168 -0.8184 -0.2514
vn -0.7058 -0.6287 0.3264
vn -0.5830 -0.8069 -0.0955
vn -0.6879 -0.7258 0.0066
vn -0.6627 -0.7452 0.0738
vn -0.0826 -0.8630 0.4983
vn -0.3324 -0.8413 0.4262
vn -0.6446 -0.6133 0.4565
vn -0.5597 -0.7576 0.3358
vn -0.5839 -0.7339 0.3472
vn 0.1628 -0.9199 0.3568
vn -0.3410 -0.9193 -0.1964
vn -0.4477 -0.8922 -0.0600
vn -0.5489 -0.7868 0.2823
vn -0.6136 -0.6137 0.4968
vn -0.4469 -0.8615 -0.2409
vn -0.1855 -0.9822 -0.0280
vn -0.4748 -0.8730 0.1117
vn -0.3386 -0.9358 -0.0978
vn -0.3182 -0.9479 0.0149
vn -0.3621 -0.9039 0.2278
vn -0.4588 -0.7494 0.4774
vn -0.0357 -0.9993 0.0147
vn -0.3807 -0.8565 0.3485
vn -0.4757 -0.6689 0.5712
vn -0.4947 -0.5329 0.6865
vn -0.1346 -0.9873 0.0848
vn -0.4229 -0.8037 0.4186
vn 0.2347 -0.9717 -0.0265
vn -0.0304 -0.9971 -0.0692
vn -0.0044 -1.0000 -0.0069
vn -0.2725 -0.9435 0.1887
vn -0.3462 -0.6693 0.6574
vn -0.2343 -0.9650 0.1177
vn -0.2248 -0.9742 0.0181
vn -0.2628 -0.9129 0.3122
vn -0.2968 -0.8642 0.4062
vn -0.3178 -0.7920 0.5212
vn 0.0099 -0.9999 -0.0023
vn -0.0407 -0.9988 0.0287
vn -0.2323 -0.7500 0.6193
vn -0.2364 -0.6291 0.7405
vn -0.0509 -0.9963 -0.0698
vn -0.3817 -0.9082 -0.1717
vn -0.0201 -0.9997 -0.0165
vn 0.0400 -0.9991 0.0115
vn 0.0611 -0.9978 -0.0261
vn -0.0806 -0.9966 0.0162
vn 0.0273 -0.9995 -0.0179
vn -0.0446 -0.9972 0.0601
vn -0.1425 -0.9827 0.1187
vn -0.0169 -0.9990 0.0421
vn -0.0896 -0.6427 0.7609
vn 0.3108 -0.9435 0.1147
vn 0.1667 -0.9803 0.1059
vn -0.0184 -0.9301 0.3669
vn 0.1404 -0.7278 0.6713
vn -0.0080 -0.9996 0.0274
vn -0.2619 -0.9263 0.2709
vn 0.1215 -0.9682 0.2189
vn 0.1332 -0.9905 -0.0333
vn 0.5421 -0.7382 0.4016
vn 0.7782 -0.6101 0.1486
vn -0.1905 -0.5713 0.7983
vn 0.1894 -0.7340 0.6522
vn 0.3700 -0.7995 0.4732
vn 0.3894 -0.9049 0.1720
vn 0.0204 -0.8883 0.4588
vn -0.4027 -0.7106 0.5769
vn -0.0191 -0.9958 0.0896
vn 0.0154 -0.9996 0.0228
vn -0.0242 -0.6632 0.7480
vn 0.0927 -0.9892 0.1138
vn 0.0710 -0.9973 -0.0201
vn 0.0583 -0.8894 0.4533
vn -0.1868 -0.9228 0.3370
vn -0.3354 -0.9255 0.1758
s 1
f 1069//1 1647//2 1578//3
f 1058//4 909//5 939//6
f 421//7 1176//8 238//9
f 1055//10 1101//11 1042//12
f 238//9 1059//13 1126//14
f 1254//15 30//16 1261//17
f 1065//18 1071//19 1//20
f 1037//21 1130//22 1120//23
f 1570//24 2381//25 1585//26
f 2434//27 2502//28 2473//29
f 1632//30 1654//31 1646//32
f 1144//33 1166//34 669//35
f 1202//36 1440//37 305//38
f 1071//19 1090//39 1//20
f 1555//40 1570//24 1584//41
f 1184//42 1174//43 404//44
f 65//45 432//46 12//47
f 1032//48 1085//49 574//50
f 1789//51 2207//52 2223//53
f 1154//54 1118//55 1184//42
f 1141//56 1086//57 1154//54
f 99//58 1117//59 342//60
f 404//44 1174//43 419//61
f 489//62 2000//63 1998//64
f 1118//55 1174//43 1184//42
f 1196//65 403//66 136//67
f 1495//68 717//69 1490//70
f 1804//71 402//72 1207//73
f 2272//74 1398//75 891//76
f 1100//77 1002//78 804//79
f 1596//80 1595//81 2381//25
f 208//82 420//83 1207//73
f 402//72 208//82 1207//73
f 1455//84 1935//85 1925//86
f 1176//8 1059//13 238//9
f 1150//87 1040//88 348//89
f 1957//90 1537//91 2051//92
f 1124//93 1189//94 939//6
f 1804//71 1207//73 1823//95
f 1381//96 1300//97 1109//98
f 383//99 384//100 1182//101
f 1085//49 1086//57 1141//56
f 1040//88 1046//102 132//103
f 220//104 1495//68 1188//105
f 420//83 261//106 1207//73
f 261//106 420//83 1065//18
f 1055//10 1133//107 1101//11
f 1054//108 421//7 403//66
f 182//109 1109//98 2//110
f 1181//111 1207//73 320//112
f 545//113 1570//24 1561//114
f 35//115 342//60 432//46
f 1024//116 574//50 1141//56
f 432//46 342//60 12//47
f 1489//117 1081//118 1547//119
f 1181//111 320//112 1805//120
f 1516//121 1683//122 1507//123
f 357//124 1117//59 1047//125
f 1561//114 1570//24 1555//40
f 1090//39 1196//65 1206//126
f 1047//125 1203//127 1051//128
f 1165//129 202//130 1121//131
f 1099//132 341//133 301//134
f 1174//43 240//135 419//61
f 922//136 921//137 833//138
f 1121//131 1080//139 385//140
f 815//141 21//142 1183//143
f 35//115 99//58 342//60
f 1083//144 398//145 262//146
f 106//147 94//148 1317//149
f 94//148 292//150 1317//149
f 292//150 95//151 1317//149
f 940//152 1039//153 1033//154
f 1300//97 1306//155 433//156
f 21//142 212//157 471//158
f 1120//23 1131//159 1037//21
f 833//138 921//137 688//160
f 1117//59 357//124 342//60
f 106//147 271//161 94//148
f 386//162 227//163 1375//164
f 1130//22 1044//165 1053//166
f 419//61 240//135 219//167
f 1255//168 1244//169 32//170
f 1557//171 1081//118 1489//117
f 2062//172 2120//173 2109//174
f 2034//175 2110//176 430//177
f 23//178 315//179 1111//180
f 291//181 94//148 271//161
f 291//181 292//150 94//148
f 50//182 386//162 95//151
f 964//183 734//184 665//185
f 1616//186 1585//26 1611//187
f 445//188 1084//189 402//72
f 574//50 1085//49 1141//56
f 1654//31 341//133 1653//190
f 220//104 1188//105 1640//191
f 342//60 69//192 12//47
f 417//193 261//106 328//194
f 292//150 50//182 95//151
f 204//195 227//163 386//162
f 50//182 204//195 386//162
f 1276//196 1471//197 1311//198
f 1206//126 1196//65 136//67
f 1033//154 1055//10 1042//12
f 1037//21 1044//165 1130//22
f 1180//199 320//112 417//193
f 1121//131 202//130 1080//139
f 325//200 203//201 271//161
f 291//181 76//202 292//150
f 292//150 237//203 50//182
f 2159//204 1696//205 1767//206
f 583//207 929//208 850//209
f 1584//41 1585//26 1616//186
f 1495//68 1490//70 1188//105
f 1557//171 1489//117 1660//210
f 1078//211 1069//1 1494//212
f 1972//213 1992//214 1971//215
f 183//216 1226//217 2000//63
f 325//200 429//218 203//201
f 292//150 76//202 237//203
f 1152//219 227//163 1143//220
f 1488//221 1412//222 1489//117
f 1638//223 1646//32 1653//190
f 1947//224 1869//225 2468//226
f 203//201 306//227 291//181
f 306//227 76//202 291//181
f 237//203 248//228 50//182
f 204//195 1143//220 227//163
f 2395//229 14//230 429//218
f 1502//231 881//232 2500//233
f 1//20 1090//39 202//130
f 1652//234 1653//190 1099//132
f 2117//235 1863//236 2496//237
f 50//182 248//228 204//195
f 160//238 792//239 994//240
f 884//241 888//242 857//243
f 544//244 2117//235 2496//237
f 1090//39 1206//126 202//130
f 2463//245 879//246 2492//247
f 429//218 306//227 203//201
f 498//248 188//249 418//250
f 865//251 884//241 857//243
f 994//240 998//252 1014//253
f 884//241 897//254 888//242
f 1795//255 948//256 1802//257
f 208//82 1035//258 1071//19
f 1065//18 1//20 1066//259
f 377//260 435//261 1377//262
f 304//263 429//218 14//230
f 304//263 306//227 429//218
f 73//264 60//265 74//266
f 248//228 592//267 204//195
f 846//268 2264//269 829//270
f 897//254 912//271 906//272
f 1004//273 991//274 992//275
f 1422//276 1421//277 1233//278
f 980//279 10//280 303//281
f 1058//4 922//136 909//5
f 2436//282 2449//283 2418//284
f 394//285 435//261 377//260
f 435//261 475//286 446//287
f 475//286 474//288 446//287
f 336//289 337//290 361//291
f 338//292 235//293 372//294
f 624//295 148//296 129//297
f 812//298 306//227 596//299
f 1726//300 992//275 1019//301
f 945//302 1514//303 1511//304
f 1069//1 1627//305 1628//306
f 1812//307 1823//95 1181//111
f 1165//129 1121//131 169//308
f 447//309 475//286 435//261
f 2487//310 2458//311 901//312
f 42//313 59//314 46//315
f 401//316 7//317 187//318
f 1010//319 970//320 797//321
f 1513//322 220//104 1640//191
f 2474//323 2491//324 2462//325
f 594//326 307//327 1014//253
f 398//145 1513//322 1640//191
f 307//327 594//326 1026//328
f 545//113 2381//25 1570//24
f 403//66 421//7 238//9
f 445//188 402//72 127//329
f 1611//187 1631//330 1616//186
f 1805//120 1180//199 1148//331
f 394//285 447//309 435//261
f 2341//332 2413//333 2376//334
f 75//335 74//266 60//265
f 541//336 47//337 42//313
f 47//337 59//314 42//313
f 541//336 42//313 28//338
f 917//339 931//340 1103//341
f 897//254 906//272 883//342
f 2484//343 2068//344 779//345
f 888//242 883//342 857//243
f 261//106 1065//18 328//194
f 363//346 1307//347 349//348
f 377//260 363//346 394//285
f 444//349 747//350 464//351
f 323//352 338//292 362//353
f 92//354 116//355 74//266
f 592//267 634//356 97//357
f 982//358 1027//359 1004//273
f 1020//360 982//358 1004//273
f 1084//189 1054//108 1035//258
f 208//82 402//72 1084//189
f 421//7 1119//361 1176//8
f 1207//73 1181//111 1823//95
f 1179//362 1187//363 1160//364
f 263//365 296//366 1343//367
f 1298//368 296//366 1307//347
f 1307//347 296//366 349//348
f 405//369 363//346 349//348
f 405//369 394//285 363//346
f 405//369 447//309 394//285
f 362//353 372//294 384//100
f 338//292 372//294 362//353
f 983//370 1004//273 987//371
f 122//372 134//373 139//374
f 415//375 440//376 414//377
f 75//335 92//354 74//266
f 226//378 186//379 246//380
f 796//381 787//382 700//383
f 1119//361 1059//13 1176//8
f 122//372 114//384 91//385
f 624//295 129//297 116//355
f 641//386 558//387 631//388
f 1311//198 1318//389 1487//390
f 100//391 1162//392 1170//393
f 1653//190 341//133 1099//132
f 1316//394 1983//395 273//396
f 263//365 277//397 296//366
f 296//366 358//398 349//348
f 436//399 447//309 405//369
f 109//400 554//401 570//402
f 504//403 1385//404 2501//405
f 115//406 122//372 91//385
f 2068//344 2460//407 779//345
f 43//408 777//409 163//410
f 378//411 405//369 349//348
f 358//398 378//411 349//348
f 448//412 447//309 436//399
f 448//412 476//413 447//309
f 78//414 77//415 108//416
f 75//335 60//265 47//337
f 1764//417 2481//418 1795//255
f 717//69 714//419 1512//420
f 1490//70 717//69 1501//421
f 238//9 1126//14 168//422
f 1878//423 1866//424 826//425
f 2025//426 2360//427 2367//428
f 251//429 278//430 263//365
f 278//430 277//397 263//365
f 277//397 318//431 296//366
f 296//366 318//431 358//398
f 318//431 350//432 358//398
f 378//411 436//399 405//369
f 384//100 372//294 1182//101
f 454//433 440//376 415//375
f 987//371 1004//273 992//275
f 493//434 476//413 448//412
f 323//352 788//435 338//292
f 403//66 238//9 136//67
f 1565//436 1503//437 1474//438
f 297//439 277//397 278//430
f 297//439 318//431 277//397
f 358//398 350//432 378//411
f 378//411 388//440 436//399
f 476//413 493//434 500//441
f 73//264 105//442 60//265
f 323//352 337//290 312//443
f 953//444 1573//445 2358//446
f 142//447 161//448 119//449
f 454//433 443//450 440//376
f 1862//451 1871//452 1405//453
f 297//439 319//454 318//431
f 560//455 47//337 541//336
f 170//456 1323//457 111//458
f 357//124 1047//125 1050//459
f 1119//361 98//460 1059//13
f 1838//461 1877//462 1900//463
f 2359//464 230//465 251//429
f 350//432 364//466 378//411
f 449//467 448//412 436//399
f 449//467 493//434 448//412
f 185//468 186//379 226//378
f 443//450 469//469 479//470
f 874//471 165//472 2480//473
f 463//474 444//349 464//351
f 64//475 105//442 91//385
f 1182//101 440//376 1129//476
f 1958//477 1651//478 2502//28
f 1238//479 2034//175 191//480
f 251//429 279//481 278//430
f 278//430 279//481 297//439
f 364//466 388//440 378//411
f 483//482 493//434 449//467
f 134//373 148//296 139//374
f 244//483 268//484 259//485
f 910//486 942//487 930//488
f 105//442 115//406 91//385
f 24//489 30//16 18//490
f 1132//491 487//492 1059//13
f 1869//225 1947//224 2021//493
f 2497//494 2494//495 2463//245
f 2359//464 2385//496 230//465
f 230//465 280//497 251//429
f 251//429 280//497 279//481
f 279//481 308//498 297//439
f 297//439 308//498 319//454
f 319//454 364//466 318//431
f 364//466 350//432 318//431
f 388//440 395//499 436//399
f 436//399 395//499 449//467
f 493//434 472//500 500//441
f 122//372 129//297 134//373
f 125//501 142//447 124//502
f 373//503 400//504 393//505
f 24//489 557//506 30//16
f 2264//269 2278//507 2251//508
f 1261//17 30//16 1269//509
f 1730//510 1862//451 1877//462
f 252//511 280//497 230//465
f 343//512 364//466 319//454
f 364//466 343//512 388//440
f 63//513 64//475 91//385
f 399//514 393//505 416//515
f 416//515 444//349 463//474
f 162//516 189//517 142//447
f 768//518 373//503 326//519
f 189//517 661//520 177//521
f 189//517 199//522 661//520
f 847//523 887//524 864//525
f 533//526 747//350 444//349
f 1744//527 1022//528 1418//529
f 1170//393 524//530 729//531
f 121//532 1342//533 128//534
f 1236//535 1244//169 26//536
f 280//497 281//537 279//481
f 281//537 308//498 279//481
f 343//512 319//454 308//498
f 343//512 365//538 388//440
f 388//440 365//538 395//499
f 365//538 406//539 395//499
f 406//539 449//467 395//499
f 483//482 477//540 493//434
f 477//540 491//541 472//500
f 493//434 477//540 472//500
f 78//414 109//400 77//415
f 166//542 174//543 196//544
f 481//545 150//546 814//547
f 63//513 59//314 64//475
f 326//519 373//503 393//505
f 643//548 260//549 43//408
f 230//465 253//550 252//511
f 449//467 441//551 483//482
f 441//551 477//540 483//482
f 415//375 416//515 463//474
f 226//378 246//380 245//552
f 464//351 470//553 454//433
f 323//352 362//353 337//290
f 52//554 37//555 1283//556
f 253//550 281//537 252//511
f 281//537 280//497 252//511
f 309//557 308//498 281//537
f 330//558 343//512 308//498
f 366//559 365//538 343//512
f 441//551 449//467 406//539
f 464//351 814//547 15//560
f 883//342 906//272 887//524
f 337//290 362//353 371//561
f 479//470 498//248 290//562
f 247//563 746//564 1003//565
f 25//566 37//555 557//506
f 640//567 930//488 669//35
f 2486//568 2499//569 2459//570
f 309//557 330//558 308//498
f 343//512 330//558 366//559
f 441//551 437//571 477//540
f 290//562 498//248 418//250
f 124//502 119//449 108//416
f 77//415 124//502 108//416
f 589//572 125//501 109//400
f 570//402 589//572 109//400
f 125//501 162//516 142//447
f 1045//573 433//156 1034//574
f 1207//73 261//106 320//112
f 2004//575 2474//323 2495//576
f 1215//577 1228//578 2285//579
f 365//538 396//580 406//539
f 396//580 422//581 406//539
f 422//581 437//571 441//551
f 406//539 422//581 441//551
f 59//314 47//337 60//265
f 51//582 78//414 66//583
f 361//291 371//561 383//99
f 196//544 215//584 214//585
f 463//474 454//433 415//375
f 27//586 41//587 535//588
f 53//589 1283//556 37//555
f 84//590 1299//591 1283//556
f 1805//120 320//112 1180//199
f 254//592 253//550 222//593
f 254//592 281//537 253//550
f 309//557 366//559 330//558
f 396//580 365//538 366//559
f 456//594 477//540 437//571
f 484//595 491//541 477//540
f 2480//473 2485//596 2493//597
f 418//250 188//249 187//318
f 53//589 85//598 1283//556
f 85//598 84//590 1283//556
f 420//83 1071//19 1065//18
f 264//599 281//537 254//592
f 298//600 309//557 281//537
f 368//601 366//559 367//602
f 368//601 396//580 366//559
f 1639//603 1564//604 1139//605
f 560//455 48//606 47//337
f 82//607 471//158 212//157
f 25//566 38//608 37//555
f 202//130 1206//126 1080//139
f 264//599 298//600 281//537
f 298//600 331//609 309//557
f 309//557 331//609 366//559
f 331//609 367//602 366//559
f 396//580 368//601 422//581
f 422//581 456//594 437//571
f 491//541 1192//610 313//611
f 1699//612 2064//613 1710//614
f 462//615 443//450 479//470
f 371//561 362//353 384//100
f 2502//28 2476//616 2464//617
f 371//561 384//100 383//99
f 21//142 732//618 212//157
f 1571//619 1629//620 1627//305
f 38//608 39//621 53//589
f 37//555 38//608 53//589
f 39//621 85//598 53//589
f 1173//622 1184//42 404//44
f 1006//623 2142//624 1674//625
f 201//626 255//627 254//592
f 255//627 264//599 254//592
f 368//601 407//628 422//581
f 450//629 456//594 422//581
f 450//629 484//595 456//594
f 456//594 484//595 477//540
f 314//630 1192//610 491//541
f 2027//631 2501//405 2489//632
f 2475//633 2471//634 2488//635
f 551//636 492//637 732//618
f 464//351 481//545 814//547
f 1081//118 1494//212 1547//119
f 201//626 231//638 255//627
f 407//628 450//629 422//581
f 484//595 494//639 491//541
f 494//639 327//640 491//541
f 327//640 314//630 491//541
f 876//641 797//321 995//642
f 847//523 856//643 829//270
f 125//501 143//644 162//516
f 134//373 129//297 148//296
f 1564//604 1571//619 1627//305
f 417//193 320//112 261//106
f 328//194 1065//18 1066//259
f 170//456 156//645 201//626
f 156//645 231//638 201//626
f 231//638 282//646 255//627
f 282//646 264//599 255//627
f 450//629 485//647 484//595
f 484//595 485//647 494//639
f 2463//245 2486//568 2479//648
f 159//649 185//468 167//650
f 492//637 68//651 212//157
f 732//618 492//637 212//157
f 68//651 82//607 212//157
f 1311//198 1471//197 1296//652
f 101//653 156//645 111//458
f 332//654 264//599 282//646
f 332//654 298//600 264//599
f 332//654 331//609 298//600
f 331//609 332//654 367//602
f 407//628 423//655 450//629
f 450//629 423//655 485//647
f 804//79 1002//78 1443//656
f 2484//343 779//345 946//657
f 689//658 443//450 462//615
f 440//376 689//658 1129//476
f 166//542 167//650 174//543
f 38//608 31//659 39//621
f 112//660 145//661 101//653
f 101//653 145//661 156//645
f 156//645 256//662 231//638
f 332//654 423//655 368//601
f 367//602 332//654 368//601
f 368//601 423//655 407//628
f 946//657 779//345 920//663
f 1432//664 1261//17 1449//665
f 461//666 478//667 453//668
f 464//351 15//560 470//553
f 31//659 54//669 39//621
f 39//621 54//669 85//598
f 86//670 101//653 85//598
f 145//661 210//671 156//645
f 282//646 283//672 332//654
f 283//672 369//673 332//654
f 369//673 423//655 332//654
f 423//655 408//674 485//647
f 854//675 876//641 965//676
f 78//414 108//416 66//583
f 440//376 443//450 689//658
f 374//677 2465//678 961//679
f 929//208 519//680 979//681
f 54//669 86//670 85//598
f 156//645 241//682 256//662
f 256//662 282//646 231//638
f 256//662 283//672 282//646
f 389//683 423//655 369//673
f 389//683 408//674 423//655
f 408//674 457//684 485//647
f 457//684 49//685 485//647
f 485//647 49//685 494//639
f 494//639 135//686 327//640
f 175//687 83//688 314//630
f 1167//689 1140//690 1483//691
f 196//544 174//543 215//584
f 697//692 16//693 68//651
f 1038//694 82//607 16//693
f 140//695 117//696 141//697
f 1654//31 1653//190 1646//32
f 1234//698 54//669 31//659
f 86//670 112//660 101//653
f 210//671 241//682 156//645
f 923//699 917//339 911//700
f 697//692 34//701 16//693
f 145//661 193//702 210//671
f 256//662 265//703 283//672
f 265//703 310//704 283//672
f 283//672 310//704 369//673
f 310//704 344//705 369//673
f 344//705 370//706 369//673
f 370//706 389//683 369//673
f 409//707 408//674 389//683
f 409//707 466//708 408//674
f 466//708 457//684 408//674
f 466//708 49//685 457//684
f 49//685 135//686 494//639
f 174//543 225//709 215//584
f 1014//253 766//710 602//711
f 826//425 2220//712 2215//713
f 1078//211 1494//212 1081//118
f 1273//714 70//715 86//670
f 120//716 112//660 86//670
f 146//717 145//661 112//660
f 146//717 193//702 145//661
f 265//703 256//662 241//682
f 223//718 265//703 241//682
f 486//719 49//685 466//708
f 175//687 327//640 135//686
f 105//442 122//372 115//406
f 480//720 15//560 681//721
f 225//709 234//722 215//584
f 731//723 34//701 697//692
f 86//670 54//669 1273//714
f 70//715 120//716 86//670
f 193//702 241//682 210//671
f 299//724 310//704 265//703
f 310//704 333//725 344//705
f 344//705 351//726 370//706
f 424//727 466//708 409//707
f 135//686 49//685 175//687
f 214//585 215//584 234//722
f 48//606 75//335 47//337
f 34//701 9//728 1038//694
f 16//693 34//701 1038//694
f 203//201 291//181 271//161
f 9//728 558//387 754//729
f 1195//730 397//731 1120//23
f 120//716 146//717 112//660
f 146//717 194//732 193//702
f 266//733 265//703 223//718
f 266//733 299//724 265//703
f 299//724 333//725 310//704
f 333//725 351//726 344//705
f 382//734 383//99 392//735
f 399//514 416//515 415//375
f 266//733 333//725 299//724
f 351//726 352//736 370//706
f 424//727 486//719 466//708
f 487//492 175//687 49//685
f 7//317 117//696 187//318
f 1182//101 414//377 440//376
f 41//587 42//313 46//315
f 290//562 289//737 497//738
f 2502//28 2464//617 2473//29
f 372//294 399//514 414//377
f 1570//24 1585//26 1584//41
f 1066//259 1//20 1165//129
f 1//20 202//130 1165//129
f 120//716 70//715 102//739
f 157//740 146//717 120//716
f 194//732 223//718 193//702
f 223//718 241//682 193//702
f 352//736 379//741 370//706
f 370//706 379//741 389//683
f 410//742 409//707 389//683
f 2478//743 1409//744 1958//477
f 806//745 945//302 1002//78
f 157//740 194//732 146//717
f 267//746 266//733 223//718
f 267//746 333//725 266//733
f 379//741 410//742 389//683
f 410//742 438//747 409//707
f 438//747 424//727 409//707
f 190//748 205//749 143//644
f 337//290 371//561 361//291
f 2215//713 830//750 826//425
f 1631//330 1646//32 1638//223
f 102//739 157//740 120//716
f 157//740 195//751 194//732
f 195//751 223//718 194//732
f 195//751 211//752 223//718
f 223//718 211//752 267//746
f 267//746 300//753 333//725
f 300//753 334//754 351//726
f 333//725 300//753 351//726
f 351//726 334//754 352//736
f 410//742 411//755 438//747
f 438//747 486//719 424//727
f 487//492 49//685 486//719
f 875//756 594//326 989//757
f 108//416 581//758 66//583
f 225//709 245//552 244//483
f 312//443 336//289 335//759
f 151//760 754//729 107//761
f 274//762 1386//763 300//753
f 352//736 334//754 379//741
f 923//699 1729//764 1096//765
f 244//483 245//552 268//484
f 463//474 464//351 454//433
f 414//377 399//514 415//375
f 15//560 480//720 470//553
f 1647//2 1069//1 1078//211
f 909//5 922//136 833//138
f 387//766 417//193 328//194
f 133//767 157//740 102//739
f 1314//768 133//767 102//739
f 133//767 195//751 157//740
f 1148//331 1179//362 1160//364
f 1046//102 1167//689 182//109
f 379//741 411//755 410//742
f 792//239 339//769 229//770
f 391//771 7//317 668//772
f 185//468 226//378 174//543
f 461//666 290//562 497//738
f 2027//631 504//403 2501//405
f 1196//65 1054//108 403//66
f 728//773 1019//301 752//774
f 2459//570 2483//775 2461//776
f 1291//777 1264//778 55//779
f 133//767 1356//780 195//751
f 195//751 1356//780 211//752
f 412//781 438//747 411//755
f 4//782 486//719 438//747
f 458//783 4//782 438//747
f 4//782 487//492 486//719
f 1720//784 1572//785 1771//786
f 245//552 275//787 268//484
f 1869//225 2021//493 2059//788
f 235//293 399//514 372//294
f 64//475 60//265 105//442
f 836//789 2492//247 879//246
f 1315//790 133//767 1314//768
f 1331//791 1382//792 1356//780
f 1310//793 926//794 1128//795
f 7//317 1121//131 117//696
f 119//449 161//448 611//796
f 380//797 379//741 334//754
f 379//741 380//797 411//755
f 467//798 4//782 458//783
f 495//799 487//492 4//782
f 495//799 1126//14 487//492
f 416//515 400//504 533//526
f 479//470 469//469 498//248
f 74//266 116//355 73//264
f 478//667 461//666 497//738
f 393//505 400//504 416//515
f 61//800 1291//777 55//779
f 505//801 1999//802 2474//323
f 1999//802 2491//324 2474//323
f 199//522 189//517 36//803
f 1164//804 1165//129 169//308
f 1179//362 387//766 249//805
f 390//806 411//755 380//797
f 411//755 390//806 412//781
f 458//783 438//747 412//781
f 495//799 168//422 1126//14
f 480//720 469//469 470//553
f 116//355 122//372 105//442
f 418//250 187//318 140//695
f 185//468 174//543 167//650
f 166//542 148//296 167//650
f 470//553 469//469 443//450
f 40//807 55//779 32//170
f 61//800 71//808 1291//777
f 71//808 103//809 1291//777
f 1184//42 1173//622 1154//54
f 634//356 514//810 97//357
f 425//811 458//783 412//781
f 917//339 923//699 931//340
f 2472//812 2489//632 853//813
f 754//729 641//386 567//814
f 44//815 567//814 1163//816
f 454//433 470//553 443//450
f 40//807 32//170 1249//817
f 33//818 40//807 1249//817
f 56//819 55//779 40//807
f 56//819 61//800 55//779
f 451//820 1265//821 439//822
f 1180//199 417//193 1179//362
f 1099//132 301//134 1077//823
f 1189//94 1058//4 939//6
f 1059//13 221//824 1132//491
f 598//825 1074//826 1075//827
f 412//781 426//828 425//811
f 650//829 186//379 185//468
f 234//722 244//483 259//485
f 226//378 245//552 225//709
f 1033//154 1042//12 1030//830
f 2492//247 836//789 247//563
f 7//317 169//308 1121//131
f 1462//831 1322//832 1482//833
f 425//811 467//798 458//783
f 496//834 4//782 467//798
f 1751//835 2468//226 2480//473
f 290//562 418//250 140//695
f 326//519 789//836 762//837
f 142//447 177//521 161//448
f 165//472 1751//835 2480//473
f 87//838 103//809 71//808
f 103//809 87//838 104//839
f 1180//199 1179//362 1148//331
f 417//193 387//766 1179//362
f 2081//840 2060//841 2031//842
f 1154//54 1173//622 1141//56
f 181//843 131//844 197//845
f 442//846 425//811 426//828
f 614//847 144//848 143//644
f 876//641 1010//319 797//321
f 40//807 45//849 56//819
f 56//819 45//849 61//800
f 87//838 71//808 61//800
f 1563//850 1437//851 1590//852
f 1121//131 385//140 117//696
f 1148//331 1160//364 1137//853
f 1449//665 1459//854 1439//855
f 1028//856 2462//325 929//208
f 442//846 459//857 425//811
f 459//857 467//798 425//811
f 168//422 495//799 4//782
f 496//834 168//422 4//782
f 1763//858 1403//859 1444//860
f 140//695 187//318 117//696
f 244//483 234//722 225//709
f 246//380 740//861 269//862
f 372//294 414//377 1182//101
f 40//807 547//863 45//849
f 45//849 62//864 61//800
f 62//864 87//838 61//800
f 87//838 88//865 104//839
f 1084//189 517//866 1054//108
f 387//766 328//194 1064//867
f 2467//868 2497//494 2485//596
f 286//869 1363//870 302//871
f 205//749 189//517 162//516
f 290//562 140//695 289//737
f 214//585 234//722 224//872
f 393//505 399//514 809//873
f 315//179 1131//159 397//731
f 302//871 321//874 353//875
f 1164//804 169//308 391//771
f 427//876 459//857 442//846
f 217//877 496//834 467//798
f 217//877 168//422 496//834
f 978//878 969//879 2074//880
f 361//291 383//99 382//734
f 269//862 276//881 245//552
f 1440//37 11//882 305//38
f 62//864 88//865 87//838
f 328//194 1066//259 1064//867
f 1066//259 1165//129 1164//804
f 242//883 287//884 302//871
f 1363//870 242//883 302//871
f 287//884 321//874 302//871
f 1179//362 249//805 1187//363
f 983//370 1020//360 1004//273
f 464//351 747//350 481//545
f 788//435 323//352 276//881
f 269//862 245//552 246//380
f 88//865 89//885 1325//886
f 171//887 172//888 242//883
f 360//889 353//875 321//874
f 360//889 1354//890 353//875
f 1057//891 1064//867 1164//804
f 2184//892 2188//893 2183//894
f 460//895 459//857 451//820
f 460//895 467//798 459//857
f 149//896 168//422 217//877
f 149//896 136//67 168//422
f 116//355 129//297 122//372
f 109//400 124//502 77//415
f 159//649 167//650 148//296
f 28//338 42//313 41//587
f 57//897 88//865 62//864
f 45//849 57//897 62//864
f 1336//898 1325//886 89//885
f 89//885 72//899 1336//898
f 147//900 172//888 171//887
f 172//888 258//901 242//883
f 258//901 257//902 242//883
f 257//902 287//884 242//883
f 257//902 321//874 287//884
f 345//903 360//889 321//874
f 360//889 381//904 1354//890
f 1069//1 938//905 1655//906
f 387//766 473//907 249//805
f 270//908 217//877 467//798
f 130//909 136//67 149//896
f 851//910 847//523 829//270
f 983//370 987//371 975//911
f 189//517 177//521 142//447
f 88//865 72//899 89//885
f 184//912 258//901 172//888
f 257//902 288//913 321//874
f 1265//821 451//820 459//857
f 270//908 149//896 217//877
f 226//378 225//709 174//543
f 27//586 28//338 41//587
f 109//400 125//501 124//502
f 547//863 57//897 45//849
f 57//897 58//914 88//865
f 88//865 58//914 72//899
f 2476//616 2484//343 2458//311
f 147//900 184//912 172//888
f 184//912 213//915 258//901
f 258//901 243//916 257//902
f 243//916 288//913 257//902
f 345//903 321//874 288//913
f 391//771 169//308 7//317
f 468//917 460//895 451//820
f 468//917 488//918 460//895
f 270//908 467//798 460//895
f 488//918 270//908 460//895
f 1206//126 136//67 130//909
f 481//545 793//919 150//546
f 143//644 205//749 162//516
f 142//447 119//449 124//502
f 58//914 90//920 72//899
f 90//920 128//534 72//899
f 147//900 173//921 184//912
f 173//921 213//915 184//912
f 213//915 233//922 258//901
f 258//901 233//922 243//916
f 354//923 360//889 345//903
f 354//923 381//904 360//889
f 1026//328 991//274 307//327
f 268//484 312//443 259//485
f 1206//126 130//909 1080//139
f 116//355 105//442 73//264
f 139//374 148//296 166//542
f 275//787 312//443 268//484
f 188//249 401//316 187//318
f 2479//648 2459//570 2461//776
f 58//914 63//513 90//920
f 1064//867 1066//259 1164//804
f 1064//867 473//907 387//766
f 288//913 311//924 345//903
f 311//924 354//923 345//903
f 996//925 994//240 307//327
f 452//926 468//917 439//822
f 452//926 478//667 468//917
f 478//667 488//918 468//917
f 141//697 130//909 149//896
f 1564//604 1639//603 1563//850
f 547//863 41//587 57//897
f 2081//840 2107//927 2060//841
f 382//734 381//904 354//923
f 497//738 270//908 488//918
f 289//737 149//896 270//908
f 289//737 141//697 149//896
f 114//384 122//372 139//374
f 59//314 60//265 64//475
f 275//787 323//352 312//443
f 401//316 668//772 7//317
f 41//587 46//315 57//897
f 57//897 46//315 58//914
f 1459//854 1345//928 1269//509
f 1342//533 121//532 158//929
f 166//542 173//921 158//929
f 213//915 224//872 233//922
f 233//922 259//485 243//916
f 243//916 322//930 288//913
f 322//930 311//924 288//913
f 453//668 478//667 452//926
f 497//738 289//737 270//908
f 912//271 911//700 906//272
f 276//881 323//352 275//787
f 276//881 275//787 245//552
f 46//315 63//513 58//914
f 90//920 121//532 128//534
f 173//921 214//585 213//915
f 213//915 214//585 224//872
f 259//485 322//930 243//916
f 336//289 311//924 322//930
f 336//289 354//923 311//924
f 361//291 382//734 354//923
f 1043//931 439//822 1290//932
f 497//738 488//918 478//667
f 385//140 130//909 141//697
f 385//140 1080//139 130//909
f 144//848 190//748 143//644
f 535//588 41//587 547//863
f 121//532 166//542 158//929
f 335//759 336//289 322//930
f 354//923 336//289 361//291
f 2004//575 2481//418 1764//417
f 698//933 439//822 1043//931
f 289//737 140//695 141//697
f 923//699 1096//765 931//340
f 650//829 185//468 159//649
f 46//315 59//314 63//513
f 63//513 91//385 90//920
f 90//920 114//384 121//532
f 121//532 139//374 166//542
f 173//921 196//544 214//585
f 259//485 335//759 322//930
f 2478//743 2502//28 2434//27
f 312//443 337//290 336//289
f 90//920 91//385 114//384
f 114//384 139//374 121//532
f 166//542 196//544 173//921
f 224//872 234//722 233//922
f 234//722 259//485 233//922
f 259//485 312//443 335//759
f 1124//93 916//934 1189//94
f 542//935 541//336 530//936
f 462//615 479//470 290//562
f 269//862 783//937 276//881
f 813//938 567//814 641//386
f 276//881 783//937 788//435
f 82//607 1038//694 1333//939
f 816//940 701//941 703//942
f 672//943 137//944 603//945
f 625//946 635//947 624//295
f 2457//948 2439//949 1973//950
f 767//951 533//526 529//952
f 2468//226 1869//225 2480//473
f 662//953 190//748 639//954
f 711//955 720//956 719//957
f 630//958 639//954 614//847
f 161//448 654//959 638//960
f 781//961 991//274 982//358
f 1227//962 31//659 516//963
f 648//964 639//954 630//958
f 630//958 614//847 590//965
f 2098//966 544//244 1899//967
f 578//968 579//969 586//970
f 697//692 492//637 551//636
f 529//952 533//526 400//504
f 869//971 859//972 870//973
f 1732//974 924//975 914//976
f 1004//273 1027//359 991//274
f 801//977 591//978 603//945
f 636//979 676//980 651//981
f 876//641 949//982 965//676
f 2207//52 1789//51 1859//983
f 76//202 739//984 237//203
f 188//249 681//721 15//560
f 578//968 604//985 599//986
f 797//321 616//987 995//642
f 510//988 2035//989 1365//990
f 76//202 812//298 617//991
f 617//991 739//984 76//202
f 1468//992 93//993 1765//994
f 596//299 546//995 812//298
f 1457//996 1305//997 1477//998
f 760//999 197//845 150//546
f 671//1000 773//1001 765//1002
f 586//970 609//1003 604//985
f 591//978 700//383 632//1004
f 476//413 2312//1005 474//288
f 2084//1006 2027//631 2489//632
f 582//1007 590//965 571//1008
f 1555//40 2449//283 1996//1009
f 674//1010 546//995 596//299
f 812//298 655//1011 617//991
f 161//448 177//521 661//520
f 599//986 604//985 636//979
f 700//383 787//382 576//1012
f 776//1013 675//1014 572//1015
f 776//1013 674//1010 675//1014
f 617//991 634//356 739//984
f 591//978 632//1004 649//1016
f 612//1017 546//995 674//1010
f 617//991 655//1011 634//356
f 728//773 752//774 706//1018
f 571//1008 2311//1019 2305//1020
f 775//1021 674//1010 776//1013
f 775//1021 612//1017 674//1010
f 612//1017 628//1022 546//995
f 546//995 628//1022 812//298
f 812//298 628//1022 655//1011
f 620//1023 630//958 615//1024
f 620//1023 648//964 630//958
f 667//1025 653//1026 646//1027
f 810//1028 782//1029 785//1030
f 150//546 197//845 814//547
f 534//1031 1517//1032 2000//63
f 702//1033 572//1015 2378//1034
f 748//1035 776//1013 572//1015
f 655//1011 613//1036 634//356
f 911//700 917//339 905//1037
f 648//964 679//1038 662//953
f 727//1039 771//1040 713//1041
f 750//1042 807//1043 799//1044
f 639//954 190//748 144//848
f 662//953 679//1038 200//1045
f 702//1033 748//1035 572//1015
f 775//1021 776//1013 748//1035
f 628//1022 718//1046 655//1011
f 626//1047 658//1048 645//1049
f 791//1050 778//1051 790//1052
f 612//1017 811//1053 628//1022
f 613//1036 514//810 634//356
f 1380//1054 1756//1055 1673//1056
f 570//402 590//965 614//847
f 720//956 741//1057 719//957
f 1074//826 795//1058 835//1059
f 614//847 639//954 144//848
f 612//1017 775//1021 811//1053
f 718//1046 735//1060 655//1011
f 655//1011 735//1060 613//1036
f 798//1061 338//292 788//435
f 636//979 652//1062 676//980
f 571//1008 590//965 555//1063
f 528//1064 730//1065 687//1066
f 690//1067 702//1033 2312//1005
f 476//413 690//1067 2312//1005
f 811//1053 718//1046 628//1022
f 721//1068 778//1051 727//1039
f 748//1035 702//1033 690//1067
f 735//1060 686//1069 613//1036
f 1517//1032 2002//1070 2127//1071
f 654//959 685//1072 667//1025
f 569//1073 588//1074 606//1075
f 513//1076 531//1077 538//1078
f 538//1078 549//1079 548//1080
f 549//1079 553//1081 548//1080
f 550//1082 588//1074 549//1079
f 1903//1083 869//971 870//973
f 691//1084 775//1021 748//1035
f 691//1084 600//1085 775//1021
f 600//1085 811//1053 775//1021
f 811//1053 563//1086 718//1046
f 563//1086 736//1087 718//1046
f 718//1046 736//1087 735//1060
f 736//1087 647//1088 735//1060
f 735//1060 647//1088 686//1069
f 686//1069 745//1089 613//1036
f 745//1089 514//810 613//1036
f 569//1073 606//1075 605//1090
f 654//959 667//1025 638//960
f 851//910 857//243 847//523
f 588//1074 569//1073 549//1079
f 690//1067 691//1084 748//1035
f 680//1091 514//810 745//1089
f 2127//1071 2002//1070 2094//1092
f 747//350 701//941 481//545
f 400//504 373//503 529//952
f 600//1085 536//1093 811//1053
f 536//1093 563//1086 811//1053
f 1306//155 227//163 1152//219
f 522//1094 24//489 18//490
f 523//1095 24//489 522//1094
f 865//251 857//243 851//910
f 2031//842 2060//841 1540//1096
f 767//951 701//941 747//350
f 618//1097 652//1062 609//1003
f 652//1062 636//979 609//1003
f 573//1098 22//1099 710//1100
f 642//1101 699//1102 730//1065
f 1522//1103 1518//1104 2476//616
f 500//441 629//1105 691//1084
f 690//1067 500//441 691//1084
f 691//1084 629//1105 600//1085
f 780//1106 644//1107 641//386
f 579//969 578//968 561//1108
f 131//844 668//772 197//845
f 197//845 668//772 814//547
f 789//836 809//873 798//1061
f 622//1109 760//999 150//546
f 621//1110 563//1086 536//1093
f 673//1111 745//1089 686//1069
f 673//1111 818//1112 745//1089
f 818//1112 680//1091 745//1089
f 680//1091 96//1113 514//810
f 2495//576 2462//325 1028//856
f 1028//856 583//207 575//1114
f 663//1115 794//1116 664//1117
f 629//1105 761//1118 600//1085
f 761//1118 757//1119 600//1085
f 600//1085 757//1119 536//1093
f 621//1110 696//1120 563//1086
f 755//1121 736//1087 563//1086
f 696//1120 755//1121 563//1086
f 633//1122 736//1087 755//1121
f 633//1122 647//1088 736//1087
f 623//1123 686//1069 647//1088
f 633//1122 623//1123 647//1088
f 686//1069 623//1123 673//1111
f 819//1124 680//1091 818//1112
f 680//1091 819//1124 96//1113
f 1729//764 1677//1125 1096//765
f 2482//1126 1899//967 2471//634
f 537//1127 536//1093 757//1119
f 536//1093 537//1127 621//1110
f 673//1111 819//1124 818//1112
f 2428//1128 222//593 230//465
f 25//566 24//489 523//1095
f 25//566 557//506 24//489
f 38//608 25//566 19//1129
f 710//1100 22//1099 272//1130
f 663//1115 759//1131 794//1116
f 1120//23 878//1132 1195//730
f 537//1127 696//1120 621//1110
f 696//1120 633//1122 755//1121
f 822//1133 2215//713 2220//712
f 97//357 96//1113 1053//166
f 750//1042 784//1134 743//1135
f 887//524 905//1037 864//525
f 768//518 784//1134 373//503
f 512//1136 513//1076 548//1080
f 573//1098 664//1117 22//1099
f 696//1120 715//1137 633//1122
f 673//1111 521//1138 819//1124
f 2454//1139 2453//1140 2445//1141
f 883//342 887//524 847//523
f 306//227 812//298 76//202
f 642//1101 528//1064 759//1131
f 798//1061 809//873 235//293
f 994//240 792//239 998//252
f 587//1142 626//1047 586//970
f 1900//463 1918//1143 1937//1144
f 645//1049 652//1062 618//1097
f 537//1127 786//1145 696//1120
f 521//1138 593//1146 819//1124
f 515//1147 19//1129 523//1095
f 741//1057 749//1148 719//957
f 789//836 326//519 809//873
f 539//1149 581//758 550//1082
f 657//1150 777//409 723//1151
f 684//1152 713//1041 660//1153
f 692//1154 712//1155 720//956
f 652//1062 666//1156 692//1154
f 507//1157 761//1118 629//1105
f 472//500 507//1157 629//1105
f 507//1157 757//1119 761//1118
f 623//1123 633//1122 673//1111
f 724//1158 521//1138 673//1111
f 515//1147 516//963 19//1129
f 304//263 675//1014 674//1010
f 178//1159 778//1051 721//1068
f 947//1160 1447//1161 2358//446
f 626//1047 645//1049 618//1097
f 586//970 626//1047 618//1097
f 784//1134 768//518 742//1162
f 753//1163 537//1127 757//1119
f 537//1127 753//1163 786//1145
f 724//1158 981//1164 521//1138
f 521//1138 981//1164 593//1146
f 979//681 559//1165 850//209
f 637//1166 660//1153 677//1167
f 787//382 631//388 576//1012
f 141//697 117//696 385//140
f 809//873 399//514 235//293
f 641//386 754//729 558//387
f 542//935 553//1081 561//1108
f 742//1162 768//518 762//837
f 444//349 416//515 533//526
f 528//1064 687//1066 796//381
f 813//938 598//825 566//1168
f 1490//70 1501//421 1557//171
f 753//1163 757//1119 507//1157
f 786//1145 715//1137 696//1120
f 633//1122 724//1158 673//1111
f 2090//1169 2062//172 2109//174
f 646//1027 653//1026 660//1153
f 660//1153 694//1170 683//1171
f 677//1167 660//1153 683//1171
f 1872//1172 839//1173 838//1174
f 1224//1175 18//490 30//16
f 326//519 393//505 809//873
f 799//1044 529//952 373//503
f 313//611 507//1157 472//500
f 715//1137 774//1176 633//1122
f 974//1177 699//1102 841//1178
f 703//942 820//1179 816//940
f 692//1154 711//955 676//980
f 1014//253 355//1180 766//710
f 875//756 752//774 1019//301
f 627//1181 646//1027 660//1153
f 711//955 692//1154 720//956
f 652//1062 692//1154 676//980
f 799//1044 373//503 784//1134
f 813//938 566//1168 567//814
f 2462//325 2482//1126 2475//633
f 764//1182 644//1107 780//1106
f 1479//1183 1924//1184 1916//1185
f 753//1163 738//1186 786//1145
f 738//1186 607//1187 786//1145
f 786//1145 607//1187 715//1137
f 715//1137 524//530 774//1176
f 633//1122 774//1176 724//1158
f 559//1165 979//681 672//943
f 758//1188 798//1061 783//937
f 683//1171 694//1170 705//1189
f 820//1179 703//942 562//1190
f 764//1182 687//1066 644//1107
f 744//1191 743//1135 725//1192
f 313//611 753//1163 507//1157
f 607//1187 524//530 715//1137
f 664//1117 801//977 22//1099
f 646//1027 627//1181 610//1193
f 800//1194 820//1179 562//1190
f 750//1042 769//1195 807//1043
f 767//951 747//350 533//526
f 578//968 586//970 604//985
f 862//1196 593//1146 981//1164
f 688//160 2382//1197 1083//144
f 306//227 304//263 674//1010
f 738//1186 584//1198 607//1187
f 168//422 136//67 238//9
f 773//1001 552//1199 765//1002
f 2473//29 2464//617 2458//311
f 773//1001 793//919 552//1199
f 626//1047 619//1200 658//1048
f 1007//1201 1139//605 1013//1202
f 562//1190 529//952 799//1044
f 744//1191 750//1042 743//1135
f 659//1203 683//1171 693//1204
f 677//1167 683//1171 659//1203
f 313//611 737//1205 753//1163
f 753//1163 737//1205 738//1186
f 607//1187 729//531 524//530
f 27//586 518//1206 28//338
f 553//1081 569//1073 580//1207
f 657//1150 163//410 777//409
f 580//1207 569//1073 605//1090
f 789//836 798//1061 758//1188
f 769//1195 562//1190 807//1043
f 820//1179 671//1000 816//940
f 638//960 646//1027 611//796
f 1074//826 598//825 644//1107
f 750//1042 799//1044 784//1134
f 1931//1208 907//1209 898//1210
f 2483//775 2487//310 2461//776
f 737//1205 584//1198 738//1186
f 1439//855 1438//1211 1431//1212
f 2098//966 1213//1213 544//244
f 48//606 578//968 75//335
f 796//381 631//388 787//382
f 815//141 732//618 21//142
f 581//758 588//1074 550//1082
f 625//946 636//979 651//981
f 778//1051 1011//1214 810//1028
f 693//1204 705//1189 725//1192
f 693//1204 683//1171 705//1189
f 236//1215 1921//1216 1966//1217
f 584//1198 729//531 607//1187
f 2237//1218 1866//424 2227//1219
f 530//936 541//336 28//338
f 237//203 739//984 248//228
f 512//1136 530//936 28//338
f 727//1039 778//1051 771//1040
f 684//1152 727//1039 713//1041
f 2237//1218 2220//712 826//425
f 542//935 561//1108 560//455
f 528//1064 796//381 700//383
f 808//1220 785//1030 671//1000
f 739//984 592//267 248//228
f 895//1221 905//1037 896//1222
f 740//861 246//380 186//379
f 272//1130 137//944 979//681
f 770//1223 769//1195 744//1191
f 712//1155 742//1162 720//956
f 1213//1213 2026//1224 544//244
f 1888//1225 1235//1226 2438//1227
f 555//1063 554//401 2311//1019
f 737//1205 313//611 1192//610
f 1585//26 1612//1228 1611//187
f 695//1229 721//1068 685//1072
f 518//1206 17//1230 28//338
f 769//1195 770//1223 562//1190
f 719//957 749//1148 740//861
f 648//964 669//35 679//1038
f 773//1001 657//1150 723//1151
f 606//1075 637//1166 619//1200
f 2072//1231 2062//172 2042//1232
f 606//1075 619//1200 626//1047
f 549//1079 569//1073 553//1081
f 161//448 638//960 611//796
f 910//486 917//339 942//487
f 917//339 1103//341 942//487
f 991//274 1026//328 992//275
f 979//681 137//944 672//943
f 785//1030 163//410 657//1150
f 710//1100 2488//635 2472//812
f 611//796 581//758 119//449
f 808//1220 671//1000 820//1179
f 1820//1233 1900//463 1870//1234
f 759//1131 700//383 591//978
f 637//1166 677//1167 619//1200
f 2494//495 2490//1235 2463//245
f 671//1000 765//1002 816//940
f 687//1066 764//1182 780//1106
f 1019//301 992//275 1026//328
f 1726//300 1719//1236 987//371
f 713//1041 771//1040 694//1170
f 51//582 2355//1237 78//414
f 510//988 526//1238 525//1239
f 525//1239 526//1238 1249//817
f 526//1238 33//818 1249//817
f 2311//1019 554//401 2335//1240
f 827//1241 848//1242 840//1243
f 603//945 591//978 649//1016
f 758//1188 269//862 740//861
f 1595//81 1612//1228 1586//1244
f 1694//1245 1048//1246 1699//612
f 682//1247 740//861 186//379
f 22//1099 801//977 603//945
f 555//1063 570//402 554//401
f 1053//166 110//1248 97//357
f 615//1024 582//1007 601//1249
f 814//547 668//772 188//249
f 725//1192 705//1189 744//1191
f 528//1064 700//383 759//1131
f 640//567 648//964 620//1023
f 703//942 701//941 562//1190
f 886//1250 892//1251 582//1007
f 631//388 731//723 576//1012
f 1087//1252 1835//1253 1747//1254
f 882//1255 864//525 895//1221
f 956//1256 950//1257 1103//341
f 1502//231 2500//233 2470//1258
f 205//749 190//748 200//1045
f 815//141 878//1132 616//987
f 616//987 878//1132 995//642
f 1183//143 878//1132 815//141
f 1601//1259 1827//1260 881//232
f 527//1261 535//588 526//1238
f 2184//892 2183//894 2175//1262
f 1142//1263 1125//1264 1133//107
f 235//293 338//292 798//1061
f 160//238 339//769 792//239
f 599//986 92//354 75//335
f 598//825 1116//1265 566//1168
f 631//388 558//387 731//723
f 771//1040 770//1223 744//1191
f 730//1065 528//1064 642//1101
f 841//1178 699//1102 642//1101
f 668//772 401//316 188//249
f 510//988 527//1261 526//1238
f 749//1148 758//1188 740//861
f 706//1018 721//1068 695//1229
f 694//1170 726//1266 705//1189
f 694//1170 744//1191 726//1266
f 906//272 911//700 905//1037
f 661//520 695//1229 161//448
f 708//1267 815//141 616//987
f 535//588 547//863 33//818
f 794//1116 759//1131 591//978
f 778//1051 808//1220 790//1052
f 269//862 758//1188 783//937
f 771//1040 744//1191 694//1170
f 800//1194 808//1220 820//1179
f 571//1008 886//1250 582//1007
f 854//675 948//256 1010//319
f 906//272 905//1037 887//524
f 625//946 651//981 635//947
f 2000//63 1226//217 534//1031
f 2140//1268 1504//1269 2016//1270
f 601//1249 620//1023 615//1024
f 620//1023 601//1249 640//567
f 648//964 640//567 669//35
f 698//933 452//926 439//822
f 671//1000 785//1030 657//1150
f 1561//114 2356//1271 545//113
f 685//1072 653//1026 667//1025
f 685//1072 727//1039 684//1152
f 568//1272 616//987 797//321
f 708//1267 732//618 815//141
f 93//993 229//770 339//769
f 865//251 851//910 839//1173
f 942//487 1103//341 950//1257
f 589//572 614//847 125//501
f 606//1075 610//1193 627//1181
f 951//1273 834//1274 873//1275
f 92//354 599//986 625//946
f 1878//423 830//750 1902//1276
f 2482//1126 2098//966 1899//967
f 568//1272 708//1267 616//987
f 708//1267 551//636 732//618
f 2434//27 2487//310 2483//775
f 160//238 964//183 665//185
f 2316//1277 2391//1278 2309//1279
f 762//837 758//1188 749//1148
f 570//402 614//847 589//572
f 888//242 897//254 883//342
f 2000//63 1517//1032 1388//1280
f 685//1072 721//1068 727//1039
f 588//1074 610//1193 606//1075
f 653//1026 685//1072 684//1152
f 651//981 650//829 635//947
f 760//999 1151//1281 6//1282
f 793//919 622//1109 150//546
f 651//981 676//980 650//829
f 744//1191 769//1195 750//1042
f 541//336 542//935 560//455
f 476//413 500//441 690//1067
f 473//907 1064//867 1057//891
f 561//1108 578//968 560//455
f 636//979 625//946 599//986
f 876//641 995//642 949//982
f 829//270 856//643 846//268
f 682//1247 704//1283 740//861
f 791//1050 790//1052 770//1223
f 2466//1284 2500//233 2460//407
f 579//969 587//1142 586//970
f 1352//1285 1208//1286 1095//1287
f 1684//1288 1479//1183 1916//1185
f 604//985 609//1003 636//979
f 751//1289 721//1068 706//1018
f 810//1028 608//1290 782//1029
f 672//943 603//945 649//1016
f 475//286 447//309 476//413
f 794//1116 591//978 801//977
f 682//1247 186//379 650//829
f 808//1220 800//1194 790//1052
f 644//1107 598//825 813//938
f 704//1283 719//957 740//861
f 1011//1214 608//1290 810//1028
f 1192//610 584//1198 737//1205
f 687//1066 780//1106 796//381
f 2337//1291 474//288 2312//1005
f 638//960 667//1025 646//1027
f 706//1018 1186//1292 728//773
f 733//1293 575//1114 568//1272
f 595//1294 551//636 708//1267
f 595//1294 540//1295 551//636
f 1308//1296 501//1297 1852//1298
f 665//185 339//769 160//238
f 527//1261 2447//1299 535//588
f 558//387 9//728 731//723
f 723//1151 793//919 773//1001
f 660//1153 713//1041 694//1170
f 693//1204 725//1192 666//1156
f 562//1190 767//951 529//952
f 550//1082 538//1078 531//1077
f 2267//1300 2287//1301 2233//1302
f 996//925 964//183 160//238
f 2068//344 2470//1258 2466//1284
f 704//1283 711//955 719//957
f 741//1057 762//837 749//1148
f 605//1090 606//1075 626//1047
f 548//1080 542//935 530//936
f 995//642 878//1132 709//1303
f 1898//1304 1684//1288 1916//1185
f 778//1051 791//1050 771//1040
f 782//1029 163//410 785//1030
f 789//836 758//1188 762//837
f 857//243 883//342 847//523
f 733//1293 970//320 1028//856
f 838//1174 829//270 825//1305
f 2447//1299 511//1306 535//588
f 22//1099 603//945 137//944
f 705//1189 726//1266 744//1191
f 605//1090 587//1142 580//1207
f 512//1136 548//1080 530//936
f 743//1135 784//1134 742//1162
f 790//1052 800//1194 770//1223
f 778//1051 810//1028 808//1220
f 1014//253 998//252 355//1180
f 708//1267 568//1272 595//1294
f 656//1307 697//692 551//636
f 540//1295 656//1307 551//636
f 143//644 125//501 614//847
f 1000//1308 1020//360 983//370
f 778//1051 178//1159 1011//1214
f 676//980 704//1283 682//1247
f 637//1166 627//1181 660//1153
f 606//1075 627//1181 637//1166
f 701//941 552//1199 481//545
f 808//1220 810//1028 785//1030
f 590//965 570//402 555//1063
f 716//1309 595//1294 568//1272
f 2355//1237 2335//1240 554//401
f 912//271 1729//764 911//700
f 1076//1310 1456//1311 1546//1312
f 697//692 68//651 492//637
f 676//980 711//955 704//1283
f 839//1173 851//910 838//1174
f 1028//856 575//1114 733//1293
f 1020//360 844//1313 982//358
f 716//1309 568//1272 575//1114
f 844//1313 781//961 982//358
f 1238//479 2156//1314 2034//175
f 553//1081 580//1207 561//1108
f 580//1207 579//969 561//1108
f 452//926 461//666 453//668
f 560//455 578//968 48//606
f 564//1315 540//1295 595//1294
f 632//1004 656//1307 540//1295
f 564//1315 632//1004 540//1295
f 75//335 578//968 599//986
f 518//1206 27//586 535//588
f 511//1306 518//1206 535//588
f 783//937 798//1061 788//435
f 642//1101 759//1131 663//1115
f 720//956 742//1162 741//1057
f 605//1090 626//1047 587//1142
f 580//1207 587//1142 579//969
f 725//1192 712//1155 666//1156
f 562//1190 701//941 767//951
f 1729//764 923//699 911//700
f 712//1155 743//1135 742//1162
f 619//1200 677//1167 658//1048
f 161//448 695//1229 654//959
f 770//1223 800//1194 562//1190
f 2084//1006 2489//632 2472//812
f 575//1114 559//1165 716//1309
f 716//1309 564//1315 595//1294
f 654//959 695//1229 685//1072
f 843//1316 855//1317 2064//613
f 34//701 731//723 9//728
f 527//1261 510//988 1973//950
f 723//1151 622//1109 793//919
f 992//275 1726//300 987//371
f 693//1204 666//1156 652//1062
f 2472//812 853//813 573//1098
f 624//295 159//649 148//296
f 671//1000 657//1150 773//1001
f 681//721 188//249 498//248
f 797//321 970//320 733//1293
f 565//1318 656//1307 632//1004
f 565//1318 697//692 656//1307
f 565//1318 731//723 697//692
f 1949//1319 951//1273 920//663
f 85//598 111//458 84//590
f 662//953 200//1045 190//748
f 44//815 324//1320 754//729
f 33//818 547//863 40//807
f 658//1048 693//1204 652//1062
f 658//1048 652//1062 645//1049
f 664//1117 794//1116 801//977
f 666//1156 712//1155 692//1154
f 639//954 648//964 662//953
f 611//796 646//1027 610//1193
f 850//209 559//1165 575//1114
f 1447//1161 2490//1235 1106//1321
f 1972//213 1955//1322 1935//85
f 582//1007 615//1024 590//965
f 66//583 581//758 539//1149
f 780//1106 641//386 631//388
f 796//381 780//1106 631//388
f 1049//1323 1192//610 83//688
f 1348//1324 13//1325 1519//1326
f 799//1044 807//1043 562//1190
f 581//758 611//796 588//1074
f 687//1066 795//1058 644//1107
f 663//1115 8//1327 642//1101
f 1936//1328 1972//213 1935//85
f 650//829 676//980 682//1247
f 615//1024 630//958 590//965
f 730//1065 795//1058 687//1066
f 742//1162 762//837 741//1057
f 548//1080 553//1081 542//935
f 1048//1246 1692//1329 1074//826
f 658//1048 659//1203 693//1204
f 37//555 52//554 30//16
f 611//796 610//1193 588//1074
f 649//1016 632//1004 564//1315
f 565//1318 576//1012 731//723
f 2138//1330 922//136 1058//4
f 1204//1331 854//675 965//676
f 725//1192 743//1135 712//1155
f 644//1107 813//938 641//386
f 660//1153 653//1026 684//1152
f 771//1040 791//1050 770//1223
f 644//1107 795//1058 1074//826
f 469//469 480//720 681//721
f 559//1165 672//943 564//1315
f 716//1309 559//1165 564//1315
f 672//943 649//1016 564//1315
f 2161//1332 1378//1333 2171//1334
f 474//288 475//286 476//413
f 816//940 765//1002 701//941
f 765//1002 552//1199 701//941
f 513//1076 538//1078 548//1080
f 754//729 324//1320 107//761
f 609//1003 586//970 618//1097
f 25//566 523//1095 19//1129
f 677//1167 659//1203 658//1048
f 689//658 452//926 698//933
f 1334//1335 1115//1336 1353//1337
f 700//383 565//1318 632//1004
f 700//383 576//1012 565//1318
f 481//545 552//1199 793//919
f 763//1338 901//312 2458//311
f 550//1082 549//1079 538//1078
f 781//961 964//183 996//925
f 1596//80 1634//1339 1595//81
f 198//1340 916//934 1124//93
f 198//1340 1124//93 341//133
f 842//1341 973//1342 1025//1343
f 842//1341 1025//1343 836//789
f 1009//1344 1024//116 934//1345
f 573//1098 710//1100 2472//812
f 1100//77 971//1346 1002//78
f 1501//421 1081//118 1557//171
f 1225//1347 1219//1348 955//1349
f 413//1350 2138//1330 284//1351
f 955//1349 1630//1352 522//1094
f 341//133 1124//93 301//134
f 2333//1353 2376//334 2350//1354
f 1107//1355 218//1356 284//1351
f 398//145 925//1357 1513//322
f 1513//322 1442//1358 1495//68
f 1935//85 1455//84 1744//527
f 1723//1359 1935//85 1744//527
f 825//1305 1872//1172 838//1174
f 1495//68 1442//1358 1496//1360
f 963//1361 1024//116 1009//1344
f 1511//304 1514//303 966//1362
f 1775//1363 1729//764 912//271
f 688//160 262//146 1067//1364
f 714//419 1007//1201 1512//420
f 919//1365 1732//974 914//976
f 2319//1366 2331//1367 2304//1368
f 2400//1369 2407//1370 2391//1278
f 1674//625 2164//1371 1780//1372
f 843//1316 927//1373 899//1374
f 1660//210 988//1375 1188//105
f 1067//1364 262//146 1640//191
f 1381//96 1109//98 1483//691
f 1437//851 1381//96 1483//691
f 2495//576 1010//319 948//256
f 1514//303 1289//1376 1313//1377
f 899//1374 374//677 961//679
f 1438//1211 1430//1378 1422//276
f 1634//1339 1095//1287 1632//30
f 2487//310 973//1342 2461//776
f 1003//565 499//1379 874//471
f 849//1380 848//1242 827//1241
f 1430//1378 1462//831 1453//1381
f 2496//237 2084//1006 2471//634
f 909//5 10//280 980//279
f 730//1065 927//1373 835//1059
f 2031//842 1540//1096 1536//1382
f 831//1383 849//1380 2178//1384
f 881//232 834//1274 951//1273
f 1841//1385 1722//1386 1803//1387
f 1005//1388 670//1389 1020//360
f 1021//1390 670//1389 1005//1388
f 1869//225 2059//788 2467//868
f 903//1391 902//1392 1939//1393
f 2476//616 2502//28 1651//478
f 853//813 8//1327 573//1098
f 1850//1394 831//1383 2178//1384
f 934//1345 746//564 247//563
f 934//1345 65//45 746//564
f 301//134 285//1395 1077//823
f 968//1396 944//1397 977//1398
f 970//320 2495//576 1028//856
f 974//1177 2465//678 374//677
f 899//1374 927//1373 374//677
f 1882//1399 1898//1304 1916//1185
f 1613//1400 1634//1339 1596//80
f 909//5 833//138 1396//1401
f 2492//247 247//563 1003//565
f 919//1365 914//976 1931//1208
f 1459//854 1299//591 1458//1402
f 1634//1339 1632//30 1633//1403
f 844//1313 670//1389 228//1404
f 2494//495 2497//494 2467//868
f 901//312 973//1342 2487//310
f 228//1404 1772//1405 734//184
f 1701//1406 1709//1407 1666//1408
f 963//1361 574//50 1024//116
f 847//523 864//525 856//643
f 1730//510 1736//1409 2239//1410
f 870//973 859//972 848//1242
f 2074//880 2111//1411 2103//1412
f 1140//690 1590//852 1483//691
f 927//1373 730//1065 974//1177
f 2103//1412 978//878 2074//880
f 756//1413 1745//1414 1718//1415
f 848//1242 859//972 840//1243
f 1296//652 1482//833 1320//1416
f 2331//1367 51//582 66//583
f 1067//1364 988//1375 962//1417
f 1396//1401 833//138 1445//1418
f 1001//1419 1005//1388 1000//1308
f 901//312 1009//1344 973//1342
f 1099//132 1077//823 817//1420
f 933//1421 944//1397 936//1422
f 952//1423 958//1424 1828//1425
f 988//1375 1660//210 986//1426
f 833//138 1067//1364 1445//1418
f 1067//1364 1640//191 988//1375
f 218//1356 413//1350 284//1351
f 1843//1427 180//1428 347//1429
f 1846//1430 1708//1431 1798//1432
f 2469//1433 2477//1434 855//1317
f 1006//623 1021//1390 1005//1388
f 381//904 382//734 250//1435
f 2369//1436 828//1437 531//1077
f 968//1396 977//1398 1001//1419
f 2460//407 1949//1319 779//345
f 1194//1438 1441//1439 1115//1336
f 1001//1419 1000//1308 968//1396
f 756//1413 678//1440 1745//1414
f 963//1361 1009//1344 901//312
f 2471//634 2084//1006 2472//812
f 841//1178 642//1101 8//1327
f 982//358 991//274 1027//359
f 670//1389 844//1313 1020//360
f 1289//1376 1514//303 945//302
f 869//971 904//1441 890//1442
f 1161//1443 1115//1336 1639//603
f 823//1444 2178//1384 849//1380
f 746//564 12//47 499//1379
f 263//365 428//1445 2366//1446
f 1685//1447 1075//827 1692//1329
f 1002//78 926//794 806//745
f 1799//1448 1755//1449 216//1450
f 944//1397 968//1396 993//1451
f 943//1452 944//1397 993//1451
f 31//659 38//608 19//1129
f 531//1077 828//1437 550//1082
f 1501//421 1078//211 1081//118
f 1921//1216 1149//1453 431//1454
f 936//1422 943//1452 932//1455
f 1660//210 1489//117 1412//222
f 301//134 980//279 285//1395
f 903//1391 918//1456 902//1392
f 869//971 890//1442 868//1457
f 890//1442 903//1391 867//1458
f 1003//565 746//564 499//1379
f 951//1273 1949//1319 2500//233
f 990//1459 841//1178 853//813
f 1595//81 1634//1339 1611//187
f 374//677 927//1373 974//1177
f 836//789 1025//1343 247//563
f 1653//190 1652//234 1638//223
f 1303//1460 1545//1461 1142//1263
f 1616//186 1631//330 1638//223
f 1629//620 1546//1312 1628//306
f 936//1422 932//1455 913//1462
f 513//1076 506//1463 531//1077
f 868//1457 890//1442 867//1458
f 2330//1464 2369//1436 2353//1465
f 924//975 918//1456 914//976
f 907//1209 914//976 904//1441
f 1258//1466 1421//277 1267//1467
f 301//134 939//6 980//279
f 1472//1468 1482//833 1296//652
f 868//1457 867//1458 859//972
f 472//500 491//541 313//611
f 272//1130 519//680 2488//635
f 1471//197 1472//1468 1296//652
f 1025//1343 934//1345 247//563
f 1634//1339 1633//1403 1611//187
f 2176//1469 1847//1470 2177//1471
f 1310//793 1289//1376 806//745
f 924//975 933//1421 918//1456
f 1969//1472 1968//1473 902//1392
f 2107//927 2128//1474 2118//1475
f 1428//1476 1436//1477 1287//1478
f 1139//605 1564//604 1617//1479
f 2378//1034 572//1015 2384//1480
f 853//813 841//1178 8//1327
f 2501//405 961//679 2465//678
f 1221//1481 1240//1482 1408//1483
f 1069//1 1578//3 1627//305
f 1006//623 1005//1388 1001//1419
f 1617//1479 1564//604 1578//3
f 828//1437 539//1149 550//1082
f 1791//1484 2168//1485 2160//1486
f 1829//1487 1718//1415 1739//1488
f 1968//1473 1939//1393 902//1392
f 756//1413 1718//1415 665//185
f 1998//64 2000//63 1388//1280
f 2451//1489 545//113 2356//1271
f 178//1159 997//1490 1011//1214
f 1275//1491 325//200 1270//1492
f 1709//1407 872//1493 1666//1408
f 2176//1469 1959//1494 1847//1470
f 944//1397 943//1452 936//1422
f 2424//1495 518//1206 511//1306
f 1445//1418 1067//1364 962//1417
f 2007//1496 952//1423 1828//1425
f 2052//1497 2061//1498 2081//840
f 828//1437 2303//1499 539//1149
f 835//1059 1699//612 1048//1246
f 1709//1407 1706//1500 872//1493
f 885//1501 574//50 963//1361
f 1318//389 1296//652 1320//1416
f 859//972 867//1458 1902//1276
f 1452//1502 1448//1503 1421//277
f 943//1452 993//1451 976//1504
f 993//1451 1000//1308 983//370
f 854//675 1010//319 876//641
f 988//1375 986//1426 962//1417
f 2031//842 2052//1497 2081//840
f 924//975 1732//974 1828//1425
f 965//676 949//982 1060//1505
f 781//961 228//1404 734//184
f 1718//1415 1765//994 665//185
f 943//1452 976//1504 932//1455
f 1680//1506 1794//1507 1783//1508
f 1448//1503 1471//197 1276//196
f 1276//196 1267//1467 1421//277
f 1931//1208 914//976 907//1209
f 991//274 781//961 996//925
f 1276//196 1421//277 1448//1503
f 10//280 909//5 1396//1401
f 831//1383 860//1509 849//1380
f 1523//1510 1762//1511 1774//1512
f 924//975 1828//1425 937//1513
f 307//327 994//240 1014//253
f 946//657 963//1361 901//312
f 978//878 2103//1412 977//1398
f 977//1398 1006//623 1001//1419
f 1007//1201 1161//1443 1639//603
f 1639//603 1294//1514 1437//851
f 885//1501 1032//48 574//50
f 1294//1514 1381//96 1437//851
f 733//1293 568//1272 797//321
f 792//239 229//770 1112//1515
f 119//449 581//758 108//416
f 843//1316 835//1059 927//1373
f 1889//1516 860//1509 831//1383
f 2211//1517 2216//1518 2204//1519
f 2400//1369 2431//1520 2422//1521
f 2103//1412 1006//623 977//1398
f 840//1243 1902//1276 830//750
f 827//1241 840//1243 830//750
f 827//1241 830//750 822//1133
f 1003//565 874//471 2492//247
f 1432//664 1439//855 1431//1212
f 781//961 734//184 964//183
f 1937//1144 1936//1328 1723//1359
f 918//1456 913//1462 902//1392
f 958//1424 977//1398 944//1397
f 1850//1394 2178//1384 2177//1471
f 1005//1388 1020//360 1000//1308
f 991//274 996//925 307//327
f 1396//1401 1445//1418 340//1522
f 2179//1523 1763//858 889//1524
f 939//6 909//5 980//279
f 1828//1425 958//1424 937//1513
f 978//878 977//1398 958//1424
f 1590//852 1571//619 1563//850
f 779//345 1949//1319 920//663
f 1551//1525 1362//1526 1573//445
f 2103//1412 2142//624 1006//623
f 920//663 885//1501 963//1361
f 946//657 920//663 963//1361
f 1584//41 1616//186 1583//1527
f 1453//1381 1472//1468 1452//1502
f 1647//2 1617//1479 1578//3
f 1578//3 1564//604 1627//305
f 1628//306 938//905 1069//1
f 869//971 868//1457 859//972
f 993//1451 983//370 976//1504
f 912//271 1762//1511 1775//1363
f 752//774 751//1289 706//1018
f 1628//306 1546//1312 938//905
f 844//1313 228//1404 781//961
f 840//1243 859//972 1902//1276
f 898//1210 907//1209 904//1441
f 1025//1343 973//1342 1009//1344
f 663//1115 664//1117 573//1098
f 763//1338 946//657 901//312
f 898//1210 904//1441 869//971
f 2172//1528 889//1524 1763//858
f 1128//795 926//794 971//1346
f 860//1509 848//1242 849//1380
f 904//1441 903//1391 890//1442
f 2486//568 2459//570 2479//648
f 577//1529 782//1029 608//1290
f 933//1421 936//1422 918//1456
f 2177//1471 1847//1470 1851//1530
f 665//185 1765//994 339//769
f 937//1513 958//1424 944//1397
f 894//1531 981//1164 724//1158
f 968//1396 1000//1308 993//1451
f 2192//1532 2195//1533 2205//1534
f 1652//234 1099//132 817//1420
f 997//1490 608//1290 1011//1214
f 997//1490 577//1529 608//1290
f 577//1529 163//410 782//1029
f 1112//1515 998//252 792//239
f 2177//1471 1851//1530 1850//1394
f 1257//1535 1421//277 1258//1466
f 951//1273 873//1275 920//663
f 822//1133 830//750 2215//713
f 1899//967 2496//237 2471//634
f 1773//1536 1668//1537 1558//1538
f 904//1441 914//976 903//1391
f 932//1455 1671//1539 913//1462
f 873//1275 885//1501 920//663
f 1013//1202 1617//1479 1647//2
f 873//1275 1032//48 885//1501
f 894//1531 862//1196 981//1164
f 2469//1433 855//1317 961//679
f 913//1462 1671//1539 1969//1472
f 2477//1434 2064//613 855//1317
f 918//1456 936//1422 913//1462
f 860//1509 870//973 848//1242
f 937//1513 944//1397 933//1421
f 1501//421 1013//1202 1647//2
f 824//1540 178//1159 751//1289
f 824//1540 997//1490 178//1159
f 824//1540 577//1529 997//1490
f 643//548 163//410 577//1529
f 863//1541 856//643 882//1255
f 2128//1474 2153//1542 2134//1543
f 722//1544 774//1176 880//1545
f 722//1544 894//1531 774//1176
f 864//525 905//1037 895//1221
f 850//209 575//1114 583//207
f 914//976 918//1456 903//1391
f 924//975 937//1513 933//1421
f 1501//421 717//69 1013//1202
f 1587//1546 1324//1547 928//1548
f 717//69 1512//420 1013//1202
f 602//711 577//1529 824//1540
f 766//710 643//548 577//1529
f 894//1531 709//1303 862//1196
f 709//1303 878//1132 862//1196
f 976//1504 975//911 932//1455
f 1324//1547 1596//80 928//1548
f 880//1545 524//530 1060//1505
f 2434//27 2459//570 2499//569
f 1324//1547 1613//1400 1596//80
f 752//774 824//1540 751//1289
f 602//711 766//710 577//1529
f 1014//253 602//711 594//326
f 1387//1549 1226//217 2152//1550
f 2153//1542 1387//1549 2152//1550
f 669//35 930//488 950//1257
f 1710//614 1694//1245 1699//612
f 768//518 326//519 762//837
f 582//1007 892//1251 601//1249
f 974//1177 990//1459 2465//678
f 624//295 116//355 625//946
f 835//1059 795//1058 730//1065
f 2458//311 2484//343 763//1338
f 989//757 602//711 824//1540
f 2064//613 2477//1434 1710//614
f 976//1504 983//370 975//911
f 949//982 722//1544 880//1545
f 996//925 160//238 994//240
f 2305//1020 863//1541 556//1551
f 556//1551 863//1541 886//1250
f 601//1249 910//486 640//567
f 2264//269 825//1305 829//270
f 989//757 824//1540 752//774
f 856//643 864//525 882//1255
f 1595//81 1586//1244 2381//25
f 1627//305 1629//620 1628//306
f 2174//1552 2180//1553 2173//1554
f 2128//1474 2134//1543 2118//1475
f 137//944 272//1130 22//1099
f 949//982 880//1545 1060//1505
f 995//642 894//1531 722//1544
f 894//1531 995//642 709//1303
f 894//1531 724//1158 774//1176
f 886//1250 895//1221 892//1251
f 640//567 910//486 930//488
f 871//1555 870//973 860//1509
f 846//268 856//643 863//1541
f 1026//328 875//756 1019//301
f 838//1174 851//910 829//270
f 1024//116 1171//1556 934//1345
f 36//803 189//517 205//749
f 863//1541 882//1255 886//1250
f 886//1250 882//1255 895//1221
f 875//756 1026//328 594//326
f 52//554 1459//854 1269//509
f 896//1222 917//339 910//486
f 1025//1343 1009//1344 934//1345
f 949//982 995//642 722//1544
f 2152//1550 1226//217 1636//1557
f 895//1221 896//1222 892//1251
f 892//1251 910//486 601//1249
f 942//487 950//1257 930//488
f 875//756 989//757 752//774
f 594//326 602//711 989//757
f 766//710 355//1180 643//548
f 355//1180 260//549 643//548
f 905//1037 917//339 896//1222
f 965//676 1060//1505 1162//392
f 892//1251 896//1222 910//486
f 1101//11 1052//1558 1042//12
f 1029//1559 1031//1560 834//1274
f 1101//11 1133//107 1118//55
f 342//60 357//124 376//1561
f 516//963 515//1147 2454//1139
f 1656//1562 2494//495 2467//868
f 1056//1563 1303//1460 1133//107
f 1120//23 1130//22 862//1196
f 69//192 342//60 376//1561
f 1055//10 1056//1563 1133//107
f 499//1379 69//192 165//472
f 85//598 101//653 111//458
f 1031//1560 1032//48 834//1274
f 200//1045 679//1038 1166//34
f 1031//1560 1042//12 1032//48
f 1171//1556 65//45 934//1345
f 1822//1564 1204//1331 1177//1565
f 1096//765 956//1256 1103//341
f 514//810 96//1113 97//357
f 956//1256 1145//1566 1144//33
f 1185//1567 1166//34 1144//33
f 1145//1566 1185//1567 1144//33
f 1185//1567 200//1045 1166//34
f 375//1568 132//103 1041//1569
f 1153//1570 1202//36 305//38
f 32//170 1244//169 1249//817
f 1096//765 1087//1252 956//1256
f 554//401 78//414 2355//1237
f 1191//1571 138//1572 110//1248
f 65//45 35//115 432//46
f 1087//1252 1110//1573 956//1256
f 1110//1573 1146//1574 956//1256
f 956//1256 1146//1574 1145//1566
f 1146//1574 1156//1575 1145//1566
f 1145//1566 1156//1575 1185//1567
f 950//1257 956//1256 1144//33
f 2481//418 2495//576 948//256
f 1156//1575 1193//1576 1185//1567
f 1050//459 1047//125 1051//128
f 239//1577 151//760 107//761
f 1185//1567 1193//1576 36//803
f 1747//1254 1110//1573 1087//1252
f 1134//1578 1146//1574 1110//1573
f 1146//1574 1157//1579 1156//1575
f 1156//1575 1157//1579 1193//1576
f 1041//1569 1045//573 1034//574
f 1397//1580 1134//1578 1110//1573
f 1157//1579 1146//1574 1134//1578
f 1157//1579 1175//1581 1193//1576
f 1193//1576 199//522 36//803
f 1090//39 1035//258 1196//65
f 1456//1311 1150//87 1051//128
f 1175//1581 199//522 1193//1576
f 1186//1292 695//1229 199//522
f 1186//1292 199//522 1175//1581
f 1175//1581 1157//1579 1134//1578
f 728//773 1186//1292 1175//1581
f 197//845 760//999 6//1282
f 1130//22 593//1146 862//1196
f 1167//689 1109//98 182//109
f 1194//1438 1115//1336 1161//1443
f 2140//1268 1928//1582 1504//1269
f 921//137 922//136 2138//1330
f 1147//1583 1134//1578 1397//1580
f 1719//1236 1147//1583 1397//1580
f 1147//1583 1175//1581 1134//1578
f 1175//1581 1147//1583 728//773
f 341//133 1654//31 1208//1286
f 754//729 151//760 9//728
f 284//1351 2138//1330 1058//4
f 1188//105 1557//171 1660//210
f 1191//1571 110//1248 1053//166
f 916//934 284//1351 1189//94
f 284//1351 1058//4 1189//94
f 2094//1092 1465//1584 2127//1071
f 1726//300 1019//301 1147//1583
f 1147//1583 1019//301 728//773
f 593//1146 1130//22 96//1113
f 239//1577 305//38 1038//694
f 1036//1585 1131//159 315//179
f 397//731 1131//159 1120//23
f 1053//166 96//1113 1130//22
f 2467//868 2485//596 1869//225
f 517//866 1089//1586 421//7
f 834//1274 1827//1260 1029//1559
f 419//61 1047//125 1117//59
f 1034//574 433//156 1306//155
f 2239//1410 1862//451 1730//510
f 1453//1381 1462//831 1472//1468
f 1408//1483 1422//276 1399//1587
f 471//158 23//178 1111//180
f 1205//1588 1150//87 1456//1311
f 1205//1588 1040//88 1150//87
f 1131//159 1036//1585 293//1589
f 293//1589 1068//1590 1044//165
f 375//1568 1041//1569 138//1572
f 1205//1588 1140//690 1046//102
f 1040//88 1205//1588 1046//102
f 1140//690 1167//689 1046//102
f 1104//1591 1049//1323 83//688
f 1052//1558 1085//49 1032//48
f 1044//165 1068//1590 1191//1571
f 1167//689 1483//691 1109//98
f 208//82 1084//189 1035//258
f 1040//88 132//103 375//1568
f 1834//1592 20//1593 3//1594
f 1050//459 1051//128 1070//1595
f 1133//107 1125//1264 1174//43
f 11//882 1440//37 1401//1596
f 420//83 208//82 1071//19
f 1135//1597 1079//1598 1094//1599
f 1086//57 1101//11 1118//55
f 1029//1559 1030//830 1031//1560
f 1200//1600 1061//1601 294//1602
f 1191//1571 1068//1590 138//1572
f 1171//1556 1141//56 65//45
f 1141//56 1172//1603 65//45
f 1172//1603 35//115 65//45
f 1172//1603 404//44 35//115
f 404//44 99//58 35//115
f 221//824 1104//1591 1063//1604
f 802//1605 398//145 1083//144
f 20//1593 1089//1586 3//1594
f 2064//613 1699//612 835//1059
f 1042//12 1052//1558 1032//48
f 1433//1606 1261//17 1432//664
f 1323//457 2338//1607 155//1608
f 1076//1310 1205//1588 1456//1311
f 1088//1609 1402//1610 1056//1563
f 1150//87 348//89 1070//1595
f 1200//1600 1089//1586 20//1593
f 1097//1611 1162//392 100//391
f 1032//48 873//1275 834//1274
f 21//142 471//158 1111//180
f 294//1602 1097//1611 1104//1591
f 1072//1612 100//391 584//1198
f 1151//1281 760//999 622//1109
f 132//103 1045//573 1041//1569
f 1050//459 1070//1595 1135//1597
f 1088//1609 1039//153 940//152
f 650//829 159//649 635//947
f 100//391 1170//393 729//531
f 729//531 584//1198 100//391
f 1103//341 931//340 1096//765
f 925//1357 1443//656 1513//322
f 138//1572 1102//1613 110//1248
f 1034//574 1306//155 1152//219
f 1071//19 1035//258 1090//39
f 100//391 1072//1612 1097//1611
f 23//178 1158//1614 315//179
f 1068//1590 375//1568 138//1572
f 1586//1244 1612//1228 1585//26
f 1819//1615 1030//830 1029//1559
f 1041//1569 1034//574 1102//1613
f 232//1616 375//1568 1068//1590
f 348//89 1079//1598 1070//1595
f 1061//1601 1097//1611 294//1602
f 1513//322 1443//656 1442//1358
f 1200//1600 294//1602 1119//361
f 376//1561 1050//459 1062//1617
f 1094//1599 1036//1585 315//179
f 1200//1600 1119//361 1089//1586
f 1111//180 1183//143 21//142
f 1044//165 1191//1571 1053//166
f 698//933 295//1618 689//658
f 1079//1598 232//1616 1036//1585
f 404//44 1117//59 99//58
f 1495//68 1496//1360 717//69
f 1119//361 294//1602 98//460
f 3//1594 1089//1586 517//866
f 1132//491 1063//1604 83//688
f 1132//491 83//688 175//687
f 132//103 1046//102 182//109
f 1111//180 1195//730 1183//143
f 1131//159 1044//165 1037//21
f 127//329 402//72 1804//71
f 219//167 1272//1619 1047//125
f 1697//1620 1135//1597 1094//1599
f 2140//1268 1854//1621 2117//235
f 1111//180 397//731 1195//730
f 1177//1565 1162//392 1097//1611
f 1061//1601 1177//1565 1097//1611
f 717//69 1509//1622 714//419
f 2//110 1300//97 433//156
f 462//615 290//562 461//666
f 98//460 294//1602 221//824
f 294//1602 1104//1591 221//824
f 714//419 1161//1443 1007//1201
f 1073//1623 1152//219 1143//220
f 1697//1620 1094//1599 1360//1624
f 1223//1625 1423//1626 1218//1627
f 836//789 2479//648 842//1341
f 1097//1611 1072//1612 1049//1323
f 348//89 1040//88 375//1568
f 3//1594 517//866 316//1628
f 180//1428 1061//1601 1201//1629
f 348//89 375//1568 232//1616
f 1432//664 1431//1212 1415//1630
f 220//104 1513//322 1495//68
f 1104//1591 1097//1611 1049//1323
f 306//227 674//1010 596//299
f 777//409 455//1631 723//1151
f 2170//1632 2151//1633 1641//1634
f 1047//125 419//61 219//167
f 1102//1613 1034//574 1073//1623
f 1073//1623 1034//574 1152//219
f 1035//258 1054//108 1196//65
f 1177//1565 1204//1331 1162//392
f 746//564 65//45 12//47
f 751//1289 178//1159 721//1068
f 1054//108 517//866 421//7
f 1051//128 1150//87 1070//1595
f 1102//1613 1073//1623 110//1248
f 998//252 1136//1635 355//1180
f 567//814 566//1168 1163//816
f 1111//180 315//179 397//731
f 1048//1246 1074//826 835//1059
f 1158//1614 1094//1599 315//179
f 1374//1636 1107//1355 1252//1637
f 1112//1515 1136//1635 998//252
f 472//500 629//1105 500//441
f 355//1180 1136//1635 260//549
f 260//549 118//1638 43//408
f 1104//1591 83//688 1063//1604
f 376//1561 357//124 1050//459
f 1463//1639 1142//1263 1545//1461
f 1036//1585 232//1616 293//1589
f 1030//830 1042//12 1031//1560
f 1079//1598 348//89 232//1616
f 221//824 1063//1604 1132//491
f 1094//1599 1079//1598 1036//1585
f 1076//1310 1629//620 1205//1588
f 1136//1635 1197//1640 260//549
f 260//549 1197//1640 118//1638
f 1204//1331 965//676 1162//392
f 293//1589 232//1616 1068//1590
f 1590//852 1205//1588 1629//620
f 1205//1588 1590//852 1140//690
f 250//1435 382//734 392//735
f 1296//652 1318//389 1311//198
f 347//1429 1201//1629 20//1593
f 1201//1629 1200//1600 20//1593
f 132//103 182//109 1045//573
f 1101//11 1086//57 1052//1558
f 1033//154 1039//153 1055//10
f 138//1572 1041//1569 1102//1613
f 970//320 1010//319 2495//576
f 455//1631 777//409 43//408
f 1992//214 1948//1641 2023//1642
f 20//1593 1834//1592 347//1429
f 1072//1612 584//1198 1049//1323
f 584//1198 1192//610 1049//1323
f 182//109 2//110 1045//573
f 1163//816 324//1320 44//815
f 1360//1624 1094//1599 1158//1614
f 1450//1643 1360//1624 1158//1614
f 1091//1644 1112//1515 229//770
f 509//1645 723//1151 455//1631
f 207//1646 509//1645 455//1631
f 1251//1647 1257//1535 1266//1648
f 1488//221 1489//117 1547//119
f 2157//1649 1541//1650 1875//1651
f 305//38 107//761 324//1320
f 1045//573 2//110 433//156
f 1070//1595 1079//1598 1135//1597
f 1136//1635 1168//1652 1197//1640
f 1197//1640 359//1653 118//1638
f 118//1638 359//1653 43//408
f 359//1653 356//1654 43//408
f 356//1654 455//1631 43//408
f 356//1654 207//1646 455//1631
f 1240//1482 1422//276 1408//1483
f 1163//816 1153//1570 324//1320
f 1201//1629 1061//1601 1200//1600
f 1052//1558 1086//57 1085//49
f 1024//116 1141//56 1171//1556
f 1112//1515 1105//1655 1136//1635
f 1050//459 1135//1597 1062//1617
f 1105//1655 1168//1652 1136//1635
f 1168//1652 1178//1656 1197//1640
f 1197//1640 1178//1656 359//1653
f 1173//622 404//44 1172//1603
f 465//1657 356//1654 359//1653
f 1174//43 1125//1264 240//135
f 1240//1482 1431//1212 1422//276
f 1098//1658 1113//1659 1105//1655
f 1112//1515 1098//1658 1105//1655
f 1105//1655 1178//1656 1168//1652
f 1178//1656 465//1657 359//1653
f 1091//1644 1098//1658 1112//1515
f 1133//107 1174//43 1118//55
f 98//460 221//824 1059//13
f 487//492 1132//491 175//687
f 980//279 1017//1660 285//1395
f 465//1657 207//1646 356//1654
f 180//1428 1201//1629 347//1429
f 1060//1505 524//530 1170//393
f 445//188 127//329 316//1628
f 1431//1212 1438//1211 1422//276
f 498//248 469//469 681//721
f 940//152 1807//1661 1759//1662
f 381//904 250//1435 1290//932
f 1113//1659 1122//1663 1105//1655
f 1105//1655 1122//1663 1178//1656
f 1151//1281 509//1645 207//1646
f 1236//535 2035//989 525//1239
f 1131//159 293//1589 1044//165
f 346//1664 207//1646 465//1657
f 346//1664 1151//1281 207//1646
f 1822//1564 1796//1665 1204//1331
f 1143//220 204//195 97//357
f 123//1666 1128//795 971//1346
f 2153//1542 2152//1550 2134//1543
f 126//1667 1151//1281 346//1664
f 517//866 445//188 316//1628
f 1450//1643 1158//1614 23//178
f 1458//1402 1462//831 1430//1378
f 1129//476 152//1668 1182//101
f 1122//1663 1159//1669 1178//1656
f 1178//1656 1198//1670 465//1657
f 79//1671 346//1664 465//1657
f 126//1667 1155//1672 1151//1281
f 1151//1281 1155//1672 6//1282
f 295//1618 1129//476 689//658
f 1073//1623 1143//220 97//357
f 1098//1658 1123//1673 1113//1659
f 1113//1659 1123//1673 1122//1663
f 1123//1673 1169//1674 1122//1663
f 1178//1656 1159//1669 1198//1670
f 1198//1670 79//1671 465//1657
f 392//735 383//99 152//1668
f 1822//1564 1061//1601 180//1428
f 116//355 92//354 625//946
f 421//7 1089//1586 1119//361
f 1129//476 295//1618 152//1668
f 110//1248 1073//1623 97//357
f 1173//622 1172//1603 1141//56
f 1122//1663 1169//1674 1159//1669
f 79//1671 126//1667 346//1664
f 1155//1672 181//843 6//1282
f 971//1346 926//794 1002//78
f 295//1618 1043//931 152//1668
f 1039//153 1088//1609 1056//1563
f 1428//1476 1266//1648 1436//1477
f 404//44 419//61 1117//59
f 836//789 879//246 2479//648
f 2464//617 2476//616 2458//311
f 1198//1670 317//1675 79//1671
f 1124//93 939//6 301//134
f 44//815 754//729 567//814
f 1039//153 1056//1563 1055//10
f 1439//855 1459//854 1458//1402
f 1660//210 1412//222 986//1426
f 1169//1674 1160//364 1159//1669
f 179//1676 1155//1672 126//1667
f 1155//1672 131//844 181//843
f 1061//1601 1822//1564 1177//1565
f 1153//1570 305//38 324//1320
f 175//687 314//630 327//640
f 1160//364 1187//363 1159//1669
f 1159//1669 1187//363 1198//1670
f 1198//1670 1187//363 317//1675
f 79//1671 179//1676 126//1667
f 1043//931 250//1435 392//735
f 152//1668 1043//931 392//735
f 96//1113 819//1124 593//1146
f 1123//1673 1127//1677 1169//1674
f 317//1675 179//1676 79//1671
f 1057//891 1155//1672 179//1676
f 1155//1672 391//771 131//844
f 131//844 391//771 668//772
f 2381//25 1586//1244 1585//26
f 12//47 69//192 499//1379
f 262//146 398//145 1640//191
f 2107//927 2118//1475 2060//841
f 2130//1678 2094//1092 2002//1070
f 1187//363 249//805 317//1675
f 1155//1672 1057//891 391//771
f 1290//932 439//822 1265//821
f 305//38 239//1577 107//761
f 1127//1677 1160//364 1169//1674
f 317//1675 473//907 179//1676
f 473//907 1057//891 179//1676
f 83//688 1192//610 314//630
f 1043//931 1290//932 250//1435
f 1807//1661 940//152 1030//830
f 517//866 1084//189 445//188
f 1057//891 1164//804 391//771
f 2492//247 2480//473 2493//597
f 163//410 643//548 43//408
f 1056//1563 1545//1461 1303//1460
f 1069//1 1655//906 1023//1679
f 249//805 473//907 317//1675
f 1162//392 1060//1505 1170//393
f 1086//57 1118//55 1154//54
f 82//607 68//651 16//693
f 1989//1680 1990//1681 1536//1382
f 1633//1403 1632//30 1611//187
f 1487//390 2372//1682 1305//997
f 1494//212 1069//1 1023//1679
f 1137//853 1160//364 1127//1677
f 669//35 1166//34 679//1038
f 390//806 1285//1683 426//828
f 1955//1322 1972//213 1971//215
f 1219//1348 1223//1625 2437//1684
f 1254//15 1261//17 1223//1625
f 1319//1685 1545//1461 1056//1563
f 1320//1416 1328//1686 2443//1687
f 1261//17 1433//1606 1223//1625
f 1219//1348 1254//15 1223//1625
f 254//592 222//593 2428//1128
f 1237//1688 1290//932 1265//821
f 1284//1689 1273//714 1263//1690
f 1277//1691 1291//777 1301//1692
f 1314//768 102//739 1301//1692
f 1280//1693 363//346 377//260
f 1313//1377 1353//1337 1514//303
f 468//917 451//820 439//822
f 1918//1143 1964//1694 1956//1695
f 2026//1224 29//1696 2140//1268
f 1354//890 381//904 1279//1697
f 1224//1175 30//16 1254//15
f 147//900 158//929 173//921
f 1247//1698 1253//1699 274//762
f 1271//1700 380//797 334//754
f 2043//1701 2072//1231 2042//1232
f 274//762 300//753 267//746
f 1356//780 1392//1702 211//752
f 13//1325 240//135 1142//1263
f 1382//792 1330//1703 1392//1702
f 1312//1704 1323//457 155//1608
f 240//135 1125//1264 1142//1263
f 2358//446 1573//445 1362//1526
f 1236//535 1249//817 1244//169
f 1272//1619 219//167 1348//1324
f 1271//1700 1274//1705 380//797
f 191//480 2034//175 1982//1706
f 1992//214 2052//1497 1990//1681
f 462//615 452//926 689//658
f 2262//1707 2286//1708 2261//1709
f 183//216 489//62 1642//1710
f 2485//596 2480//473 1869//225
f 84//590 111//458 1323//457
f 1190//1711 353//875 1354//890
f 446//287 434//1712 435//261
f 1336//898 171//887 1341//1713
f 2021//493 430//177 2059//788
f 862//1196 878//1132 1120//23
f 1263//1690 1273//714 1248//1714
f 1966//1217 1921//1216 2144//1715
f 1312//1704 84//590 1323//457
f 240//135 13//1325 1348//1324
f 1359//1716 1274//1705 1271//1700
f 1392//1702 1330//1703 1247//1698
f 1520//1717 1333//939 11//882
f 1368//1718 1253//1699 1247//1698
f 1279//1697 1285//1683 1190//1711
f 2465//678 990//1459 2489//632
f 1272//1619 1519//1326 805//1719
f 1369//1720 1272//1619 805//1719
f 1317//149 95//151 1344//1721
f 1242//1722 1248//1714 1234//698
f 1368//1718 242//883 1363//870
f 274//762 1262//1723 1386//763
f 532//1724 597//1725 1886//1726
f 2117//235 2026//1224 2140//1268
f 1392//1702 1247//1698 274//762
f 2162//1727 508//1728 985//1729
f 1964//1694 1469//1730 1965//1731
f 1315//790 104//839 1331//791
f 1392//1702 1356//780 1382//792
f 128//534 1342//533 1336//898
f 1285//1683 427//876 426//828
f 1219//1348 1224//1175 1254//15
f 1320//1416 1322//832 1321//1732
f 1320//1416 1321//1732 1328//1686
f 153//1733 2443//1687 1328//1686
f 1321//1732 153//1733 1328//1686
f 1235//1226 1244//169 1243//1734
f 1225//1347 1224//1175 1219//1348
f 1359//1716 353//875 1190//1711
f 1312//1704 1473//1735 1458//1402
f 1336//898 1342//533 147//900
f 305//38 1333//939 1038//694
f 1336//898 147//900 171//887
f 516//963 31//659 19//1129
f 2479//648 2461//776 842//1341
f 1237//1688 1265//821 427//876
f 1263//1690 1278//1736 1284//1689
f 881//232 1827//1260 834//1274
f 1237//1688 427//876 1285//1683
f 1299//591 1312//1704 1458//1402
f 1190//1711 1285//1683 1274//1705
f 1363//870 286//869 1253//1699
f 2330//1464 2303//1499 828//1437
f 427//876 442//846 426//828
f 2493//597 2463//245 2492//247
f 1285//1683 380//797 1274//1705
f 522//1094 18//490 1225//1347
f 2471//634 2472//812 2488//635
f 2338//1607 154//1737 1321//1732
f 1423//1626 1415//1630 1218//1627
f 1225//1347 18//490 1224//1175
f 1253//1699 286//869 1262//1723
f 286//869 353//875 1359//1716
f 171//887 1368//1718 1383//1738
f 1273//714 54//669 1234//698
f 1973//950 2447//1299 527//1261
f 1322//832 155//1608 1321//1732
f 1203//127 1369//1720 1413//1739
f 1307//347 363//346 1298//368
f 1364//1740 1375//164 1329//1741
f 1329//1741 227//163 1306//155
f 296//366 1298//368 1343//367
f 947//1160 2499//569 1447//1161
f 1203//127 1047//125 1272//1619
f 1098//1658 1748//1742 1123//1673
f 1519//1326 1272//1619 1348//1324
f 1277//1691 70//715 1273//714
f 1282//1743 1337//1744 1361//1745
f 286//869 302//871 353//875
f 103//809 104//839 1315//790
f 1377//262 435//261 434//1712
f 1449//665 1261//17 1345//928
f 926//794 1310//793 806//745
f 1263//1690 1248//1714 1242//1722
f 985//1729 508//1728 597//1725
f 1415//1630 1222//1746 1218//1627
f 88//865 1325//886 104//839
f 170//456 111//458 156//645
f 1384//1747 1282//1743 1361//1745
f 274//762 1253//1699 1262//1723
f 1371//1748 1317//149 1344//1721
f 1371//1748 1366//1749 1337//1744
f 1345//928 1459//854 1449//665
f 171//887 1383//1738 1341//1713
f 2438//1227 1235//1226 1227//962
f 2134//1543 1582//1750 2118//1475
f 428//1445 1260//1751 1379//1752
f 1336//898 1341//1713 1325//886
f 1235//1226 1242//1722 1227//962
f 1228//578 1687//1753 2284//1754
f 1854//1621 2140//1268 2016//1270
f 1866//424 1887//1755 1873//1756
f 1343//367 1298//368 1370//1757
f 1384//1747 1361//1745 2440//1758
f 171//887 242//883 1368//1718
f 1344//1721 1309//1759 1366//1749
f 1371//1748 1344//1721 1366//1749
f 1280//1693 1377//262 1293//1760
f 200//1045 1185//1567 205//749
f 1330//1703 1383//1738 1368//1718
f 1255//168 1264//778 1263//1690
f 543//1761 1367//1762 1876//1763
f 1343//367 1370//1757 1260//1751
f 1293//1760 1326//1764 1370//1757
f 2440//1758 1361//1745 1302//1765
f 1282//1743 1384//1747 2406//1766
f 271//161 1337//1744 1282//1743
f 170//456 2338//1607 1323//457
f 1528//1767 1503//437 2470//1258
f 515//1147 1347//1768 2453//1140
f 1997//1769 1705//1770 1998//64
f 2285//579 1228//578 2284//1754
f 1229//1771 1250//1772 1228//578
f 1330//1703 1368//1718 1247//1698
f 1919//1773 1619//1774 2045//1775
f 1344//1721 1364//1740 1335//1776
f 1222//1746 1240//1482 1221//1481
f 1212//1777 858//1778 1741//1779
f 2388//1780 1222//1746 1221//1481
f 1528//1767 2470//1258 2068//344
f 501//1297 1308//1296 2171//1334
f 1295//1781 1311//198 1487//390
f 2116//1782 1619//1774 1655//906
f 1220//1783 1229//1771 1228//578
f 8//1327 663//1115 573//1098
f 1343//367 1260//1751 428//1445
f 1337//1744 1366//1749 1361//1745
f 1298//368 1280//1693 1293//1760
f 1269//509 1345//928 1261//17
f 1279//1697 381//904 1290//932
f 1230//1784 1229//1771 1220//1783
f 1230//1784 1245//1785 1229//1771
f 1245//1785 1250//1772 1229//1771
f 1227//962 1234//698 31//659
f 1302//1765 1361//1745 1350//1786
f 1245//1785 1266//1648 1428//1476
f 1992//214 2023//1642 2052//1497
f 2482//1126 2471//634 2475//633
f 452//926 462//615 461//666
f 271//161 1282//1743 1275//1491
f 1991//1787 1989//1680 1934//1788
f 1366//1749 1309//1759 1350//1786
f 1344//1721 1335//1776 1309//1759
f 730//1065 699//1102 974//1177
f 1374//1636 1252//1637 1208//1286
f 597//1725 508//1728 1912//1789
f 1363//870 1253//1699 1368//1718
f 1386//763 1271//1700 300//753
f 1211//1790 1218//1627 1222//1746
f 1376//1791 1377//262 434//1712
f 2399//1792 2437//1684 1211//1790
f 1284//1689 1291//777 1277//1691
f 1230//1784 1251//1647 1245//1785
f 1251//1647 1266//1648 1245//1785
f 1317//149 1371//1748 1337//1744
f 1288//1793 1286//1794 1095//1287
f 1095//1287 1286//1794 1352//1285
f 1241//1795 1208//1286 1352//1285
f 1241//1795 1374//1636 1208//1286
f 1284//1689 1278//1736 1291//777
f 211//752 1392//1702 267//746
f 1344//1721 1375//164 1364//1740
f 929//208 583//207 1028//856
f 1361//1745 1366//1749 1350//1786
f 1115//1336 1294//1514 1639//603
f 1291//777 103//809 1301//1692
f 1220//1783 1231//1796 1230//1784
f 1231//1796 1251//1647 1230//1784
f 1234//698 1248//1714 1273//714
f 1255//168 55//779 1264//778
f 1360//1624 1450//1643 1702//1797
f 363//346 1280//1693 1298//368
f 1369//1720 1203//127 1272//1619
f 1415//1630 1240//1482 1222//1746
f 1216//1798 1231//1796 1220//1783
f 1243//1734 1263//1690 1235//1226
f 1375//164 227//163 1329//1741
f 1264//778 1278//1736 1263//1690
f 855//1317 899//1374 961//679
f 1286//1794 1241//1795 1352//1285
f 2081//840 2128//1474 2107//927
f 1223//1625 1433//1606 1423//1626
f 1473//1735 1312//1704 155//1608
f 154//1737 153//1733 1321//1732
f 1377//262 1376//1791 1293//1760
f 1392//1702 274//762 267//746
f 334//754 300//753 1271//1700
f 1955//1322 1991//1787 1934//1788
f 1613//1400 1327//1799 1288//1793
f 1327//1799 1286//1794 1288//1793
f 1349//1800 1374//1636 1241//1795
f 2370//1801 2025//426 2367//428
f 1315//790 1331//791 133//767
f 434//1712 446//287 1256//1802
f 1232//1803 1251//1647 1231//1796
f 1243//1734 1244//169 1255//168
f 1286//1794 1304//1804 1241//1795
f 1349//1800 1107//1355 1374//1636
f 1359//1716 1271//1700 1386//763
f 1227//962 516//963 2431//1520
f 219//167 240//135 1348//1324
f 1270//1492 271//161 1275//1491
f 1255//168 1263//1690 1243//1734
f 2026//1224 1926//1805 29//1696
f 1683//122 2157//1649 1212//1777
f 1326//1764 1293//1760 1376//1791
f 1255//168 32//170 55//779
f 104//839 1325//886 1341//1713
f 519//680 2462//325 2475//633
f 2154//1806 2161//1332 2137//1807
f 1376//1791 434//1712 1246//1808
f 1246//1808 434//1712 1256//1802
f 1257//1535 1251//1647 1232//1803
f 1262//1723 1359//1716 1386//763
f 2195//1533 2192//1532 2186//1809
f 1308//1296 534//1031 1226//217
f 2026//1224 2117//235 544//244
f 1327//1799 1613//1400 1324//1547
f 1327//1799 1326//1764 1286//1794
f 1286//1794 1326//1764 1304//1804
f 104//839 1341//1713 1331//791
f 774//1176 524//530 880//1545
f 837//1810 1517//1032 534//1031
f 1127//1677 1123//1673 1567//1811
f 1279//1697 1237//1688 1285//1683
f 1297//1812 1381//96 1294//1514
f 1217//1813 1232//1803 1216//1798
f 1142//1263 1519//1326 13//1325
f 1436//1477 1267//1467 1287//1478
f 1324//1547 1372//1814 1327//1799
f 1304//1804 1246//1808 1241//1795
f 1246//1808 1349//1800 1241//1795
f 1246//1808 1373//1815 1349//1800
f 286//869 1359//1716 1262//1723
f 1382//792 1383//1738 1330//1703
f 1284//1689 1277//1691 1273//714
f 489//62 1998//64 1799//1448
f 1675//1816 1116//1265 1075//827
f 106//147 1317//149 1337//1744
f 1311//198 1295//1781 1281//1817
f 1292//1818 1364//1740 1329//1741
f 1335//1776 1364//1740 1292//1818
f 1334//1335 1294//1514 1115//1336
f 1334//1335 1297//1812 1294//1514
f 1300//97 1381//96 1297//1812
f 973//1342 842//1341 2461//776
f 1217//1813 1239//1819 1232//1803
f 1232//1803 1239//1819 1257//1535
f 1258//1466 1267//1467 1436//1477
f 1359//1716 1190//1711 1274//1705
f 1862//451 1405//453 1877//462
f 1372//1814 1339//1820 1327//1799
f 1339//1820 1326//1764 1327//1799
f 1373//1815 1351//1821 1349//1800
f 1276//196 1311//198 1281//1817
f 1256//1802 2386//1822 1351//1821
f 2//110 1109//98 1300//97
f 482//1823 1731//1824 520//1825
f 803//1826 1604//1827 2022//1828
f 1223//1625 1218//1627 1211//1790
f 1341//1713 1383//1738 1382//792
f 1298//368 1293//1760 1370//1757
f 1190//1711 1354//890 1279//1697
f 1324//1547 2398//1829 1372//1814
f 1714//1830 1700//1831 2173//1554
f 183//216 2000//63 489//62
f 1701//1406 1666//1408 192//1832
f 1227//962 1242//1722 1234//698
f 1332//1833 1289//1376 1310//793
f 1517//1032 2005//1834 2130//1678
f 1331//791 1341//1713 1382//792
f 525//1239 1249//817 1236//535
f 23//178 1268//1835 1450//1643
f 1264//778 1291//777 1278//1736
f 1281//1817 1287//1478 1267//1467
f 1295//1781 1305//997 1287//1478
f 1281//1817 1295//1781 1287//1478
f 1487//390 1305//997 1295//1781
f 1605//1836 2097//1837 2058//1838
f 1326//1764 1376//1791 1304//1804
f 1304//1804 1376//1791 1246//1808
f 1316//394 1919//1773 1984//1839
f 2500//233 1949//1319 2460//407
f 1332//1833 1313//1377 1289//1376
f 2189//1840 2181//1841 2177//1471
f 1335//1776 1334//1335 1353//1337
f 1292//1818 1297//1812 1334//1335
f 1428//1476 1250//1772 1245//1785
f 969//879 958//1424 952//1423
f 1217//1813 1233//278 1239//1819
f 1233//278 1257//1535 1239//1819
f 1876//1763 1367//1762 1338//1842
f 1379//1752 1260//1751 1372//1814
f 1372//1814 1260//1751 1339//1820
f 1128//795 1302//1765 1310//793
f 1310//793 1302//1765 1332//1833
f 1335//1776 1353//1337 1313//1377
f 1292//1818 1334//1335 1335//1776
f 1297//1812 1329//1741 1300//97
f 1279//1697 1290//932 1237//1688
f 1301//1692 103//809 1314//768
f 70//715 1301//1692 102//739
f 23//178 1333//939 1268//1835
f 380//797 1285//1683 390//806
f 772//1843 325//200 1275//1491
f 1314//768 103//809 1315//790
f 2473//29 2458//311 2487//310
f 1276//196 1281//1817 1267//1467
f 1344//1721 95//151 1375//164
f 2053//1844 1771//786 1572//785
f 1246//1808 1256//1802 1373//1815
f 1373//1815 1256//1802 1351//1821
f 1340//1845 1302//1765 1128//795
f 1350//1786 1313//1377 1332//1833
f 1329//1741 1297//1812 1292//1818
f 2434//27 2473//29 2487//310
f 106//147 1337//1744 271//161
f 23//178 471//158 1333//939
f 622//1109 723//1151 509//1645
f 1388//1280 1517//1032 2127//1071
f 1991//1787 1990//1681 1989//1680
f 183//216 1636//1557 1226//217
f 2133//1846 1605//1836 2151//1633
f 1260//1751 1370//1757 1339//1820
f 1339//1820 1370//1757 1326//1764
f 867//1458 1894//1847 1902//1276
f 390//806 426//828 412//781
f 1235//1226 1263//1690 1242//1722
f 1399//1587 1422//276 1233//278
f 305//38 11//882 1333//939
f 1300//97 1329//1741 1306//155
f 1302//1765 1350//1786 1332//1833
f 1350//1786 1309//1759 1313//1377
f 1309//1759 1335//1776 1313//1377
f 2470//1258 2102//1848 1502//231
f 1787//1849 1531//1850 1599//1851
f 1724//1852 1725//1853 1691//1854
f 1827//1260 1601//1259 1927//1855
f 1678//1856 1358//1857 1476//1858
f 1823//95 1812//307 1846//1430
f 1805//120 1824//1859 1708//1431
f 1746//1860 1676//1861 1797//1862
f 325//200 2395//229 429//218
f 1835//1253 1677//1125 1826//1863
f 1507//123 1790//1864 1722//1386
f 1526//1865 1672//1866 858//1778
f 158//929 147//900 1342//533
f 1462//831 1473//1735 1322//832
f 1474//438 1414//1867 1565//436
f 1761//1868 1900//463 1877//462
f 940//152 1759//1662 1008//1869
f 1565//436 1015//1870 1008//1869
f 1924//1184 1533//1871 1933//1872
f 1878//423 826//425 830//750
f 1565//436 1414//1867 1015//1870
f 1402//1610 1088//1609 1008//1869
f 1538//1873 1532//1874 1651//478
f 1015//1870 1552//1875 1008//1869
f 1538//1873 1591//1876 1474//438
f 1532//1874 1538//1873 1474//438
f 1474//438 1591//1876 1414//1867
f 1484//1877 1402//1610 1008//1869
f 1552//1875 1484//1877 1008//1869
f 1414//1867 1460//1878 1015//1870
f 1015//1870 1460//1878 1552//1875
f 806//745 1289//1376 945//302
f 1597//1879 1538//1873 1659//1880
f 1484//1877 1319//1685 1402//1610
f 1056//1563 1402//1610 1319//1685
f 1538//1873 1597//1879 1591//1876
f 1591//1876 960//1881 1414//1867
f 1414//1867 960//1881 1460//1878
f 1925//86 1466//1882 1455//84
f 1552//1875 1400//1883 1484//1877
f 1484//1877 1400//1883 1319//1685
f 1400//1883 113//1884 1319//1685
f 1597//1879 1580//1885 1591//1876
f 1460//1878 1400//1883 1552//1875
f 1514//303 1441//1439 966//1362
f 1597//1879 1659//1880 1409//744
f 1657//1886 113//1884 1400//1883
f 1460//1878 1657//1886 1400//1883
f 1288//1793 1095//1287 1634//1339
f 1551//1525 1597//1879 1409//744
f 1580//1885 1598//1887 1591//1876
f 1591//1876 1598//1887 960//1881
f 1536//1382 1990//1681 2031//842
f 960//1881 1657//1886 1460//1878
f 1809//1888 1746//1860 1797//1862
f 1423//1626 1433//1606 1432//664
f 2478//743 1362//1526 1409//744
f 1463//1639 1545//1461 113//1884
f 1657//1886 1463//1639 113//1884
f 1457//996 1287//1478 1305//997
f 1682//1889 1716//1890 1746//1860
f 1434//1891 1761//1868 1885//1892
f 1013//1202 1139//605 1617//1479
f 2379//1893 1362//1526 2478//743
f 1420//1894 1597//1879 1551//1525
f 1420//1894 1580//1885 1597//1879
f 1664//1895 1808//1896 1712//1897
f 2256//1898 2250//1899 2231//1900
f 1362//1526 1551//1525 1409//744
f 2196//1901 2214//1902 2213//1903
f 1691//1854 1725//1853 1777//1904
f 1626//1905 192//1832 1666//1408
f 1534//1906 1574//1907 2058//1838
f 1574//1907 1600//1908 1605//1836
f 1600//1908 1606//1909 1605//1836
f 1606//1909 1641//1634 1605//1836
f 1573//445 1420//1894 1551//1525
f 1657//1886 1485//1910 1463//1639
f 678//1440 1806//1911 1742//1912
f 1534//1906 1553//1913 1574//1907
f 1574//1907 1575//1914 1600//1908
f 1810//1915 2170//1632 585//1916
f 1623//1917 1641//1634 1606//1909
f 1407//1918 1657//1886 960//1881
f 1598//1887 1407//1918 960//1881
f 1485//1910 1142//1263 1463//1639
f 1716//1890 1581//1919 1676//1861
f 1738//1920 1743//1921 1733//1922
f 843//1316 2064//613 835//1059
f 1539//1923 1575//1914 1574//1907
f 1553//1913 1539//1923 1574//1907
f 1575//1914 1592//1924 1600//1908
f 1592//1924 1624//1925 1606//1909
f 1600//1908 1592//1924 1606//1909
f 1642//1710 585//1916 1641//1634
f 1623//1917 1642//1710 1641//1634
f 1485//1910 164//1926 1142//1263
f 1738//1920 1516//121 1743//1921
f 1809//1888 1720//784 1798//1432
f 1533//1871 1535//1927 1534//1906
f 1592//1924 1607//1928 1624//1925
f 1624//1925 1623//1917 1606//1909
f 1163//816 566//1168 1116//1265
f 1407//1918 1485//1910 1657//1886
f 1432//664 1449//665 1439//855
f 1100//77 802//1605 2382//1197
f 1743//1921 1516//121 1722//1386
f 1746//1860 1716//1890 1676//1861
f 1535//1927 1539//1923 1534//1906
f 1534//1906 1539//1923 1553//1913
f 1642//1710 1623//1917 1624//1925
f 1095//1287 1208//1286 1654//31
f 967//1929 1407//1918 1598//1887
f 1580//1885 967//1929 1598//1887
f 1809//1888 1797//1862 1720//784
f 1924//1184 1524//1930 1535//1927
f 1533//1871 1924//1184 1535//1927
f 1539//1923 1576//1931 1575//1914
f 1642//1710 216//1450 585//1916
f 1407//1918 1529//1932 1485//1910
f 1485//1910 1529//1932 164//1926
f 1472//1468 1462//831 1482//833
f 1415//1630 1431//1212 1240//1482
f 966//1362 1194//1438 714//419
f 383//99 1182//101 152//1668
f 474//288 2337//1291 446//287
f 1743//1921 1841//1385 1757//1933
f 1486//1934 1524//1930 1924//1184
f 1535//1927 1525//1935 1539//1923
f 1575//1914 1576//1931 1592//1924
f 1420//1894 967//1929 1580//1885
f 1288//1793 1634//1339 1613//1400
f 459//857 427//876 1265//821
f 1404//1936 2179//1523 1393//1937
f 1404//1936 1403//859 1800//1938
f 1404//1936 1410//1939 1403//859
f 1410//1939 1749//1940 1403//859
f 1349//1800 1351//1821 218//1356
f 1486//1934 1498//1941 1524//1930
f 1535//1927 1524//1930 1525//1935
f 1607//1928 1636//1557 1624//1925
f 183//216 1642//1710 1624//1925
f 1636//1557 183//216 1624//1925
f 1107//1355 1349//1800 218//1356
f 1351//1821 845//1942 218//1356
f 164//1926 1519//1326 1142//1263
f 845//1942 413//1350 218//1356
f 1525//1935 1576//1931 1539//1923
f 1576//1931 1582//1750 1592//1924
f 1592//1924 2134//1543 1607//1928
f 2134//1543 1636//1557 1607//1928
f 2147//1943 1491//1944 1401//1596
f 1407//1918 1589//1945 1529//1932
f 1529//1932 1519//1326 164//1926
f 1693//1946 1763//858 1444//860
f 1924//1184 1479//1183 1486//1934
f 1592//1924 1582//1750 2134//1543
f 499//1379 165//472 874//471
f 2176//1469 1857//1947 1959//1494
f 2327//1948 2368//1949 2326//1950
f 2358//446 821//1951 953//444
f 953//444 821//1951 1573//445
f 1824//1859 1704//1952 1464//1953
f 1731//1824 1358//1857 1678//1856
f 1394//1954 1410//1939 1404//1936
f 1394//1954 1418//529 1410//1939
f 1466//1882 1479//1183 1839//1955
f 1486//1934 1479//1183 1498//1941
f 1498//1941 1525//1935 1524//1930
f 1576//1931 2080//1956 1582//1750
f 1785//1957 1684//1288 1898//1304
f 804//79 398//145 802//1605
f 804//79 925//1357 398//145
f 1447//1161 1562//1958 2358//446
f 2358//446 1562//1958 821//1951
f 821//1951 1620//1959 1573//445
f 1620//1959 1420//1894 1573//445
f 1420//1894 1556//1960 967//1929
f 1393//1937 1394//1954 1404//1936
f 1525//1935 2080//1956 1576//1931
f 1621//1961 1420//1894 1620//1959
f 1621//1961 1556//1960 1420//1894
f 967//1929 1589//1945 1407//1918
f 1505//1962 5//1963 1357//1964
f 1266//1648 1258//1466 1436//1477
f 1393//1937 1395//1965 1394//1954
f 2176//1469 2175//1262 1848//1966
f 1455//84 1466//1882 1839//1955
f 1525//1935 1540//1096 2080//1956
f 1582//1750 2080//1956 2118//1475
f 1100//77 804//79 802//1605
f 1556//1960 1589//1945 967//1929
f 1589//1945 1082//1967 1529//1932
f 1093//1968 1685//1447 1357//1964
f 1504//1269 1093//1968 1357//1964
f 1425//1969 1418//529 1394//1954
f 1475//1970 1479//1183 1466//1882
f 1479//1183 1506//1971 1498//1941
f 1789//51 1784//1972 1730//510
f 2501//405 2465//678 2489//632
f 1438//1211 1458//1402 1430//1378
f 1462//831 1458//1402 1473//1735
f 1454//1973 805//1719 1529//1932
f 1082//1967 1454//1973 1529//1932
f 1529//1932 805//1719 1519//1326
f 1425//1969 1394//1954 1395//1965
f 1425//1969 1744//527 1418//529
f 1479//1183 1475//1970 1506//1971
f 1540//1096 2060//841 2080//1956
f 1556//1960 1082//1967 1589//1945
f 1443//656 945//302 1511//304
f 1506//1971 1536//1382 1498//1941
f 1498//1941 1536//1382 1525//1935
f 1525//1935 1536//1382 1540//1096
f 1670//1974 852//1975 1672//1866
f 1998//64 1388//1280 1389//1976
f 1511//304 966//1362 1509//1622
f 1509//1622 966//1362 714//419
f 1442//1358 1443//656 1496//1360
f 1562//1958 1635//1977 821//1951
f 155//1608 1322//832 1473//1735
f 1439//855 1458//1402 1438//1211
f 1426//1978 1425//1969 1395//1965
f 1475//1970 1499//1979 1506//1971
f 1735//1980 1588//1981 1776//1982
f 2422//1521 2454//1139 2421//1983
f 1423//1626 1432//664 1415//1630
f 1559//1984 2101//1985 2073//1986
f 845//1942 866//1987 413//1350
f 1429//1988 1620//1959 821//1951
f 1620//1959 1429//1988 1621//1961
f 1228//578 1250//1772 1687//1753
f 1002//78 945//302 1443//656
f 2382//1197 802//1605 1083//144
f 1859//983 1411//1989 1395//1965
f 1411//1989 1426//1978 1395//1965
f 1426//1978 1744//527 1425//1969
f 1590//852 1437//851 1483//691
f 1480//1990 1475//1970 1466//1882
f 1480//1990 1499//1979 1475//1970
f 1510//1991 1733//1922 1743//1921
f 1663//1992 1696//205 1658//1993
f 1430//1378 1453//1381 1452//1502
f 1452//1502 1472//1468 1471//197
f 1452//1502 1471//197 1448//1503
f 1430//1378 1452//1502 1421//277
f 1430//1378 1421//277 1422//276
f 1429//1988 1082//1967 1556//1960
f 1621//1961 1429//1988 1556//1960
f 1351//1821 2386//1822 845//1942
f 1126//14 1059//13 487//492
f 1639//603 1437//851 1563//850
f 1504//1269 1928//1582 1093//1968
f 1499//1979 1536//1382 1506//1971
f 1588//1981 1770//1994 1727//1995
f 1110//1573 1747//1254 1397//1580
f 1776//1982 1588//1981 1531//1850
f 1322//832 1320//1416 1482//833
f 1590//852 1629//620 1571//619
f 1730//510 1877//462 1838//461
f 1429//1988 935//1996 1082//1967
f 1082//1967 935//1996 1454//1973
f 804//79 1443//656 925//1357
f 1139//605 1007//1201 1639//603
f 1925//86 1480//1990 1466//1882
f 1934//1788 1989//1680 1480//1990
f 1499//1979 1989//1680 1536//1382
f 1727//1995 1526//1865 1531//1850
f 1593//1997 1614//1998 502//1999
f 2455//2000 2431//1520 2400//1369
f 1755//1449 1680//1506 908//2001
f 1563//850 1571//619 1564//604
f 1647//2 1078//211 1501//421
f 2490//1235 1635//1977 1106//1321
f 1496//1360 1511//304 717//69
f 2454//1139 2431//1520 516//963
f 1478//2002 1153//1570 1093//1968
f 1870//1234 1426//1978 1411//1989
f 1426//1978 1723//1359 1744//527
f 962//1417 986//1426 1412//222
f 717//69 1511//304 1509//1622
f 1825//2003 1704//1952 1824//1859
f 2225//2004 2234//2005 2253//2006
f 1490//70 1557//171 1188//105
f 1635//1977 80//2007 821//1951
f 805//1719 1454//1973 935//1996
f 1186//1292 706//1018 695//1229
f 1194//1438 1161//1443 714//419
f 1512//420 1007//1201 1013//1202
f 592//267 97//357 204//195
f 1258//1466 1266//1648 1257//1535
f 82//607 1333//939 471//158
f 1694//1245 1710//614 1505//1962
f 1643//2008 490//2009 1661//2010
f 1661//2010 490//2009 1114//2011
f 1518//1104 2068//344 2484//343
f 1750//2012 1808//1896 1664//1895
f 1656//1562 1635//1977 2490//1235
f 935//1996 1521//2013 805//1719
f 1546//1312 1629//620 1076//1310
f 1301//1692 70//715 1277//1691
f 966//1362 1441//1439 1194//1438
f 1148//331 1825//2003 1824//1859
f 1614//1998 1609//2014 1643//2008
f 1114//2011 1092//2015 1921//1216
f 1770//1994 1739//1488 1670//1974
f 1631//330 1632//30 1646//32
f 821//1951 1016//2016 1429//1988
f 1429//1988 1016//2016 935//1996
f 1632//30 1095//1287 1654//31
f 1083//144 262//146 688//160
f 1724//1852 1686//2017 1725//1853
f 1644//2018 490//2009 1643//2008
f 1092//2015 1149//1453 1921//1216
f 3//1594 893//2019 1832//2020
f 988//1375 1640//191 1188//105
f 916//934 1107//1355 284//1351
f 1656//1562 80//2007 1635//1977
f 1016//2016 821//1951 80//2007
f 1016//2016 1521//2013 935//1996
f 1478//2002 1202//36 1153//1570
f 1401//1596 1928//1582 29//1696
f 1440//37 1478//2002 1928//1582
f 1849//2021 1700//1831 1865//2022
f 1595//81 1611//187 1612//1228
f 1208//1286 198//1340 341//133
f 1464//1953 1704//1952 1746//1860
f 2143//2023 984//2024 1721//2025
f 1848//1966 1849//2021 1868//2026
f 1662//2027 1114//2011 490//2009
f 1669//2028 1787//1849 1682//1889
f 1656//1562 1618//2029 80//2007
f 198//1340 1208//1286 916//934
f 1440//37 1928//1582 1401//1596
f 1521//2013 1369//1720 805//1719
f 1252//1637 1107//1355 916//934
f 1745//1414 678//1440 1672//1866
f 1703//2030 1779//2031 1721//2025
f 1750//2012 1465//1584 1808//1896
f 1609//2014 1644//2018 1643//2008
f 1092//2015 1114//2011 1662//2027
f 1826//1863 1523//1510 1793//2032
f 2262//1707 2261//1709 2224//2033
f 1696//205 2166//2034 1767//206
f 1016//2016 1648//2035 1521//2013
f 1208//1286 1252//1637 916//934
f 833//138 688//160 1067//1364
f 1794//1507 1803//1387 1558//1538
f 28//338 17//1230 512//1136
f 1750//2012 861//2036 1566//2037
f 1594//2038 1644//2018 1609//2014
f 1644//2018 1645//2039 490//2009
f 490//2009 1645//2039 1662//2027
f 2229//2040 2262//1707 2224//2033
f 1602//2041 861//2036 1760//2042
f 1530//2043 1777//1904 1760//2042
f 872//1493 1706//1500 1673//1056
f 1696//205 1668//1537 2166//2034
f 1708//1431 1809//1888 1798//1432
f 1581//1919 1716//1890 1814//2044
f 1709//1407 1794//1507 1680//1506
f 1233//278 1421//277 1257//1535
f 1724//1852 1476//1858 1686//2017
f 1469//1730 1481//2045 1965//1731
f 1965//1731 1481//2045 1492//2046
f 2073//1986 1549//2047 1559//1984
f 1594//2038 1615//2048 1644//2018
f 1799//1448 1706//1500 1755//1449
f 1725//1853 1686//2017 1837//2049
f 1720//784 1797//1862 1572//785
f 1618//2029 2467//868 2022//1828
f 1618//2029 1579//2050 80//2007
f 1648//2035 1016//2016 80//2007
f 2134//1543 2152//1550 1636//1557
f 1611//187 1632//30 1631//330
f 1761//1868 1434//1891 1470//2051
f 1559//1984 1577//2052 1594//2038
f 1603//2053 1615//2048 1594//2038
f 1615//2048 1645//2039 1644//2018
f 1637//2054 1662//2027 1645//2039
f 1662//2027 1199//2055 1092//2015
f 1199//2055 1149//1453 1092//2015
f 1451//2056 1108//2057 1149//1453
f 665//185 734//184 756//1413
f 1865//2022 1700//1831 1714//1830
f 1709//1407 1841//1385 1794//1507
f 1618//2029 2022//1828 1579//2050
f 1648//2035 1413//1739 1369//1720
f 1521//2013 1648//2035 1369//1720
f 1520//1717 11//882 1401//1596
f 1446//2058 1470//2051 1434//1891
f 1798//1432 1691//1854 1754//2059
f 2063//2060 1544//2061 2073//1986
f 2073//1986 1544//2061 1549//2047
f 1594//2038 1577//2052 1603//2053
f 1615//2048 1637//2054 1645//2039
f 1637//2054 1199//2055 1662//2027
f 1427//2062 1149//1453 1199//2055
f 2167//2063 1108//2057 1451//2056
f 1997//1769 1673//1056 1705//1770
f 1706//1500 1799//1448 1705//1770
f 1841//1385 1709//1407 1757//1933
f 1604//1827 1579//2050 2022//1828
f 1579//2050 707//2064 80//2007
f 80//2007 707//2064 1648//2035
f 1520//1717 1401//1596 1491//1944
f 1649//2065 1520//1717 1491//1944
f 1435//2066 1434//1891 1885//1892
f 1470//2051 1469//1730 1461//2067
f 1481//2045 1508//2068 2024//2069
f 2370//1801 1544//2061 2063//2060
f 1549//2047 1568//2070 1559//1984
f 1559//1984 1568//2070 1577//2052
f 1603//2053 1610//2071 1615//2048
f 1615//2048 1610//2071 1637//2054
f 999//2072 1199//2055 1637//2054
f 1451//2056 1149//1453 1427//2062
f 1137//853 1825//2003 1148//331
f 1706//1500 1705//1770 1673//1056
f 1138//2073 1604//1827 2116//1782
f 1138//2073 1579//2050 1604//1827
f 1413//1739 1648//2035 707//2064
f 2360//427 2024//2069 1508//2068
f 598//825 1075//827 1116//1265
f 229//770 93//993 1468//992
f 1839//1955 1479//1183 1684//1288
f 2216//1518 2229//2040 2224//2033
f 1610//2071 1625//2074 1637//2054
f 329//2075 999//2072 1637//2054
f 1199//2055 1017//1660 1427//2062
f 1017//1660 303//281 1427//2062
f 303//281 1451//2056 1427//2062
f 1792//2076 1754//2059 1777//1904
f 2309//1279 2391//1278 2301//2077
f 1655//906 1138//2073 2116//1782
f 1138//2073 707//2064 1579//2050
f 1649//2065 1491//1944 206//2078
f 1406//2079 1885//1892 1398//75
f 1406//2079 1419//2080 1885//1892
f 1419//2080 1435//2066 1885//1892
f 1434//1891 1435//2066 1446//2058
f 1470//2051 1481//2045 1469//1730
f 1577//2052 1583//1527 1603//2053
f 999//2072 1017//1660 1199//2055
f 81//2081 67//2082 941//2083
f 67//2082 1650//2084 941//2083
f 1259//2085 1815//2086 2164//1371
f 1619//1774 2116//1782 2045//1775
f 1424//2087 707//2064 1138//2073
f 1702//1797 1649//2065 206//2078
f 1687//1753 1406//2079 1398//75
f 1477//998 1481//2045 1470//2051
f 1568//2070 1569//2088 1577//2052
f 1577//2052 1569//2088 1583//1527
f 1603//2053 1583//1527 1610//2071
f 1625//2074 329//2075 1637//2054
f 2167//2063 340//1522 273//396
f 81//2081 273//396 340//1522
f 81//2081 962//1417 67//2082
f 1547//119 1619//1774 1488//221
f 1830//2089 1739//1488 1770//1994
f 938//905 1424//2087 1138//2073
f 1424//2087 1413//1739 707//2064
f 1527//2090 1649//2065 1702//1797
f 1527//2090 1520//1717 1649//2065
f 1527//2090 1268//1835 1520//1717
f 1250//1772 1406//2079 1687//1753
f 1441//1439 1353//1337 1115//1336
f 1203//127 1413//1739 1051//128
f 1250//1772 1419//2080 1406//2079
f 1477//998 2372//1682 1481//2045
f 1481//2045 2372//1682 1508//2068
f 2449//283 1560//2091 1568//2070
f 1549//2047 2449//283 1568//2070
f 1568//2070 1560//2091 1569//2088
f 1569//2088 1584//41 1583//1527
f 1652//234 329//2075 1625//2074
f 329//2075 817//1420 999//2072
f 285//1395 1017//1660 999//2072
f 303//281 10//280 1451//2056
f 10//280 2167//2063 1451//2056
f 1412//222 1650//2084 67//2082
f 1412//222 1488//221 1650//2084
f 1547//119 1023//1679 1619//1774
f 1023//1679 1655//906 1619//1774
f 1655//906 938//905 1138//2073
f 1456//1311 1413//1739 1424//2087
f 1457//996 1470//2051 1446//2058
f 1457//996 1477//998 1470//2051
f 329//2075 1652//234 817//1420
f 10//280 340//1522 2167//2063
f 938//905 1546//1312 1424//2087
f 1546//1312 1456//1311 1424//2087
f 1259//2085 1548//2092 1779//2031
f 2052//1497 2031//842 1990//1681
f 1440//37 1202//36 1478//2002
f 1428//1476 1419//2080 1250//1772
f 1428//1476 1435//2066 1419//2080
f 1428//1476 1446//2058 1435//2066
f 1934//1788 1935//85 1955//1322
f 1560//2091 1584//41 1569//2088
f 1610//2071 1638//223 1625//2074
f 1638//223 1652//234 1625//2074
f 817//1420 1077//823 999//2072
f 1077//823 285//1395 999//2072
f 980//279 303//281 1017//1660
f 962//1417 1412//222 67//2082
f 1494//212 1023//1679 1547//119
f 325//200 271//161 1270//1492
f 1443//656 1511//304 1496//1360
f 1450//1643 1268//1835 1527//2090
f 1514//303 1353//1337 1441//1439
f 1287//1478 1446//2058 1428//1476
f 1446//2058 1287//1478 1457//996
f 1305//997 2372//1682 1477//998
f 1992//214 1990//1681 1991//1787
f 1992//214 1991//1787 1971//215
f 1971//215 1991//1787 1955//1322
f 2449//283 1549//2047 2418//284
f 1583//1527 1616//186 1610//2071
f 1610//2071 1616//186 1638//223
f 10//280 1396//1401 340//1522
f 340//1522 1445//1418 81//2081
f 1445//1418 962//1417 81//2081
f 1790//1864 984//2024 1753//2093
f 984//2024 2148//2094 1753//2093
f 1588//1981 1713//2095 1770//1994
f 969//879 978//878 958//1424
f 1741//1779 1779//2031 1703//2030
f 1758//2096 1846//1430 1754//2059
f 1827//1260 1819//1615 1029//1559
f 1818//2097 1530//2043 1712//1897
f 1750//2012 1566//2037 2127//1071
f 2459//570 2434//27 2483//775
f 1798//1432 1720//784 1771//786
f 1794//1507 1841//1385 1803//1387
f 216//1450 1755//1449 1810//1915
f 1098//1658 1735//1980 1748//1742
f 1735//1980 1497//2098 1748//1742
f 1502//231 2102//1848 1601//1259
f 881//232 1502//231 1601//1259
f 1455//84 1839//1955 1744//527
f 1706//1500 1709//1407 1680//1506
f 1212//1777 1741//1779 1703//2030
f 1788//2099 1969//1472 1671//1539
f 1075//827 1074//826 1692//1329
f 951//1273 2500//233 881//232
f 2490//1235 2486//568 2463//245
f 1748//1742 1497//2098 1781//2100
f 1721//2025 984//2024 1840//2101
f 1815//2086 1259//2085 1741//1779
f 1626//1905 1756//1055 1837//2049
f 975//911 987//371 1542//2102
f 2230//2103 2236//2104 2235//2105
f 1772//1405 678//1440 734//184
f 1542//2102 1671//1539 975//911
f 1806//1911 1772//1405 1780//1372
f 678//1440 1772//1405 1806//1911
f 2218//2106 2225//2004 2268//2107
f 1828//1425 1732//974 2007//1496
f 1526//1865 1688//2108 1531//1850
f 1752//2109 1526//1865 1554//2110
f 1844//2111 1818//2097 1712//1897
f 1823//95 1846//1430 1804//71
f 1781//2100 1669//2028 1704//1952
f 1721//2025 1779//2031 2143//2023
f 1770//1994 1670//1974 1526//1865
f 1497//2098 1669//2028 1781//2100
f 1098//1658 1713//2095 1735//1980
f 1742//1912 1815//2086 1741//1779
f 1526//1865 858//1778 1875//1651
f 1599//1851 1531//1850 1688//2108
f 1803//1387 1790//1864 1558//1538
f 1703//2030 1721//2025 1683//122
f 1832//2020 1766//2112 957//2113
f 1542//2102 1679//2114 1671//1539
f 1679//2114 1788//2099 1671//1539
f 1927//1855 1819//1615 1827//1260
f 1718//1415 1745//1414 1739//1488
f 1684//1288 1022//528 1839//1955
f 1459//854 1283//556 1299//591
f 1022//528 1410//1939 1418//529
f 2368//1949 2393//2115 2326//1950
f 1669//2028 1497//2098 1776//1982
f 1875//1651 858//1778 1212//1777
f 1739//1488 1745//1414 852//1975
f 1964//1694 1918//1143 1461//2067
f 1356//780 133//767 1331//791
f 1765//994 1829//1487 1468//992
f 858//1778 1742//1912 1741//1779
f 1006//623 1674//625 1021//1390
f 1723//1359 1936//1328 1935//85
f 1468//992 1713//2095 1098//1658
f 1724//1852 1678//1856 1476//1858
f 1680//1506 1783//1508 908//2001
f 1731//1824 1543//2116 520//1825
f 1683//122 1721//2025 1840//2101
f 1467//2117 1679//2114 1542//2102
f 1812//307 1708//1431 1846//1430
f 1679//2114 1975//2118 1788//2099
f 1713//2095 1830//2089 1770//1994
f 1803//1387 1722//1386 1790//1864
f 2301//2077 2391//1278 2349//2119
f 1713//2095 1588//1981 1735//1980
f 1836//2120 1530//2043 1818//2097
f 1837//2049 1756//1055 861//2036
f 886//1250 571//1008 556//1551
f 1181//111 1805//120 1812//307
f 1706//1500 1680//1506 1755//1449
f 1677//1125 1729//764 1775//1363
f 1776//1982 1787//1849 1669//2028
f 1526//1865 1670//1974 1672//1866
f 1727//1995 1770//1994 1526//1865
f 987//371 1467//2117 1542//2102
f 1567//1811 1704//1952 1137//853
f 1693//1946 1865//2022 1714//1830
f 897//254 1762//1511 912//271
f 1135//1597 1697//1620 1062//1617
f 1697//1620 376//1561 1062//1617
f 1543//2116 1731//1824 1678//1856
f 1793//2032 1679//2114 1467//2117
f 1777//1904 1602//2041 1760//2042
f 1846//1430 1798//1432 1754//2059
f 1835//1253 1096//765 1677//1125
f 1033//154 1030//830 940//152
f 1450//1643 1527//2090 1702//1797
f 1717//2121 376//1561 1697//1620
f 1711//2122 1717//2121 1697//1620
f 1717//2121 165//472 376//1561
f 1840//2101 984//2024 1790//1864
f 1669//2028 1746//1860 1704//1952
f 1669//2028 1682//1889 1746//1860
f 2301//2077 2349//2119 2308//2123
f 1882//1399 1444//860 1898//1304
f 1820//1233 1789//51 1730//510
f 861//2036 1380//1054 1566//2037
f 2301//2077 2308//2123 2266//2124
f 1771//786 1543//2116 1691//1854
f 1958//477 1659//1880 1651//478
f 1697//1620 1360//1624 1711//2122
f 1711//2122 1737//2125 1717//2121
f 1717//2121 1737//2125 165//472
f 1790//1864 1753//2093 1558//1538
f 1668//1537 1696//205 1663//1992
f 1360//1624 1702//1797 1711//2122
f 1702//1797 1707//2126 1711//2122
f 1707//2126 1737//2125 1711//2122
f 1737//2125 1751//835 165//472
f 1444//860 1782//2127 1693//1946
f 1716//1890 1787//1849 1599//1851
f 1744//527 1839//1955 1022//528
f 1898//1304 1444//860 1785//1957
f 206//2078 1707//2126 1702//1797
f 1764//417 2468//226 1751//835
f 316//1628 1844//2111 893//2019
f 893//2019 1844//2111 915//2128
f 1845//2129 1804//71 1758//2096
f 1380//1054 861//2036 1756//1055
f 1780//1372 670//1389 1021//1390
f 1714//1830 2172//1528 1763//858
f 1783//1508 1558//1538 1663//1992
f 1750//2012 2127//1071 1465//1584
f 1798//1432 1771//786 1691//1854
f 1691//1854 1543//2116 1724//1852
f 1872//1172 1910//2130 839//1173
f 1737//2125 2044//2131 1751//835
f 1751//835 2044//2131 1764//417
f 1757//1933 1701//1406 482//1823
f 1725//1853 1602//2041 1777//1904
f 1836//2120 1845//2129 1530//2043
f 2102//1848 2470//1258 1503//437
f 2496//237 1899//967 544//244
f 763//1338 2484//343 946//657
f 987//371 1719//1236 1467//2117
f 1845//2129 1758//2096 1792//2076
f 1725//1853 1837//2049 1602//2041
f 1872//1172 1866//424 1873//1756
f 1712//1897 1530//2043 1760//2042
f 489//62 1799//1448 216//1450
f 1760//2042 861//2036 1750//2012
f 2068//344 2466//1284 2460//407
f 1696//205 2159//204 2168//1485
f 377//260 1377//262 1280//1693
f 1797//1862 1676//1861 1572//785
f 1581//1919 2053//1844 1572//785
f 1676//1861 1581//1919 1572//785
f 1764//417 2498//2132 2468//226
f 2468//226 2498//2132 1994//2133
f 1861//2134 1695//2135 1860//2136
f 2481//418 2004//575 2495//576
f 1826//1863 1677//1125 1523//1510
f 1670//1974 1739//1488 852//1975
f 2234//2005 2269//2137 2253//2006
f 1724//1852 1543//2116 1678//1856
f 1658//1993 2168//1485 1791//1484
f 1397//1580 1747//1254 1719//1236
f 1696//205 2168//1485 1658//1993
f 979//681 519//680 272//1130
f 1774//1512 1975//2118 1679//2114
f 975//911 1671//1539 932//1455
f 1787//1849 1716//1890 1682//1889
f 1835//1253 1826//1863 1747//1254
f 2501//405 2469//1433 961//679
f 1810//1915 908//2001 1791//1484
f 1982//1706 1768//2138 191//480
f 1137//853 1704//1952 1825//2003
f 1804//71 1846//1430 1758//2096
f 2004//575 2044//2131 1737//2125
f 913//1462 1969//1472 902//1392
f 2498//2132 1795//255 1801//2139
f 915//2128 1844//2111 1712//1897
f 1689//2140 915//2128 1712//1897
f 1740//2141 1752//2109 1541//1650
f 695//1229 661//520 199//522
f 1865//2022 1693//1946 1782//2127
f 1824//1859 1464//1953 1809//1888
f 1829//1487 1765//994 1718//1415
f 1816//2142 1768//2138 1982//1706
f 1816//2142 1622//2143 1768//2138
f 1622//2143 2165//2144 1681//2145
f 1768//2138 1622//2143 1681//2145
f 670//1389 1772//1405 228//1404
f 1283//556 1459//854 52//554
f 1785//1957 1444//860 1749//1940
f 1675//1816 1075//827 1685//1447
f 1567//1811 1781//2100 1704//1952
f 1858//2146 1857//1947 1848//1966
f 1526//1865 1752//2109 1688//2108
f 1791//1484 2160//1486 1810//1915
f 908//2001 1658//1993 1791//1484
f 1813//2147 1773//1536 1558//1538
f 1845//2129 1792//2076 1530//2043
f 69//192 376//1561 165//472
f 3//1594 1832//2020 1834//1592
f 1722//1386 1516//121 1507//123
f 1801//2139 1821//2148 1994//2133
f 1833//2149 1982//1706 2046//2150
f 1821//2148 1833//2149 2046//2150
f 1833//2149 1816//2142 1982//1706
f 1022//528 1785//1957 1749//1940
f 2160//1486 2170//1632 1810//1915
f 1147//1583 1719//1236 1726//300
f 1683//122 1840//2101 1507//123
f 1467//2117 1719//1236 1793//2032
f 1795//255 1802//257 1801//2139
f 1802//257 1811//2151 1801//2139
f 1801//2139 1811//2151 1821//2148
f 1690//2152 2165//2144 1622//2143
f 1934//1788 1480//1990 1925//86
f 229//770 1468//992 1091//1644
f 1780//1372 2164//1371 1742//1912
f 1672//1866 1742//1912 858//1778
f 1833//2149 1417//2153 1816//2142
f 1417//2153 1622//2143 1816//2142
f 1831//2154 2165//2144 1690//2152
f 1668//1537 1663//1992 1558//1538
f 1719//1236 1747//1254 1826//1863
f 1760//2042 1750//2012 1664//1895
f 1817//2155 1690//2152 1622//2143
f 1530//2043 1792//2076 1777//1904
f 948//256 1796//1665 1802//257
f 1796//1665 1811//2151 1802//257
f 1515//2156 1817//2155 1622//2143
f 1695//2135 1861//2134 1831//2154
f 1783//1508 1663//1992 1658//1993
f 1749//1940 1410//1939 1022//528
f 854//675 1796//1665 948//256
f 1811//2151 1842//2157 1833//2149
f 1821//2148 1811//2151 1833//2149
f 1833//2149 1842//2157 1417//2153
f 1622//2143 1417//2153 1515//2156
f 127//329 1804//71 1845//2129
f 1686//2017 1626//1905 1837//2049
f 1608//2158 1690//2152 1817//2155
f 1523//1510 1775//1363 1762//1511
f 127//329 1845//2129 1836//2120
f 1812//307 1805//120 1708//1431
f 1523//1510 1677//1125 1775//1363
f 1780//1372 1772//1405 670//1389
f 1758//2096 1754//2059 1792//2076
f 1204//1331 1796//1665 854//675
f 1822//1564 1842//2157 1811//2151
f 1608//2158 1831//2154 1690//2152
f 1822//1564 1811//2151 1796//1665
f 1842//2157 1416//2159 1417//2153
f 1417//2153 1416//2159 1515//2156
f 1515//2156 1608//2158 1817//2155
f 1728//2160 1831//2154 1608//2158
f 908//2001 1783//1508 1658//1993
f 127//329 1836//2120 316//1628
f 1805//120 1148//331 1824//1859
f 852//1975 1745//1414 1672//1866
f 1478//2002 1093//1968 1928//1582
f 1822//1564 1843//1427 1842//2157
f 1843//1427 959//2161 1842//2157
f 1842//2157 959//2161 1416//2159
f 1728//2160 1695//2135 1831//2154
f 1728//2160 1860//2136 1695//2135
f 2346//2162 446//287 2337//1291
f 1602//2041 1837//2049 861//2036
f 1087//1252 1096//765 1835//1253
f 1708//1431 1824//1859 1809//1888
f 2004//575 1737//2125 505//801
f 1567//1811 1748//1742 1781//2100
f 520//1825 1543//2116 1883//2163
f 1760//2042 1664//1895 1712//1897
f 128//534 1336//898 72//899
f 2053//1844 1883//2163 1543//2116
f 1822//1564 180//1428 1843//1427
f 1786//2164 1608//2158 1515//2156
f 929//208 2462//325 519//680
f 512//1136 2402//2165 506//1463
f 1212//1777 1703//2030 1683//122
f 1830//2089 1829//1487 1739//1488
f 2053//1844 1543//2116 1771//786
f 1416//2159 1769//2166 1515//2156
f 1769//2166 1786//2164 1515//2156
f 1786//2164 1728//2160 1608//2158
f 1712//1897 1808//1896 1689//2140
f 1794//1507 1558//1538 1783//1508
f 1497//2098 1735//1980 1776//1982
f 1127//1677 1567//1811 1137//853
f 1123//1673 1748//1742 1567//1811
f 36//803 205//749 1185//1567
f 959//2161 1734//2167 1416//2159
f 1738//1920 1733//1922 1541//1650
f 1774//1512 1762//1511 1974//2168
f 1752//2109 1554//2110 1541//1650
f 1752//2109 1740//2141 1688//2108
f 1526//1865 1875//1651 1554//2110
f 1468//992 1829//1487 1830//2089
f 1755//1449 908//2001 1810//1915
f 1716//1890 1599//1851 1814//2044
f 1806//1911 1780//1372 1742//1912
f 2308//2123 2349//2119 2340//2169
f 1832//2020 915//2128 1689//2140
f 1713//2095 1468//992 1830//2089
f 1814//2044 1599//1851 1346//2170
f 1832//2020 1689//2140 1766//2112
f 1022//528 1684//1288 1785//1957
f 1093//1968 1153//1570 1116//1265
f 1672//1866 678//1440 1742//1912
f 1675//1816 1685//1447 1093//1968
f 1841//1385 1743//1921 1722//1386
f 1814//2044 2053//1844 1581//1919
f 1464//1953 1746//1860 1809//1888
f 2485//596 2497//494 2493//597
f 1416//2159 1734//2167 1769//2166
f 1665//2171 1728//2160 1786//2164
f 1665//2171 1951//2172 1728//2160
f 1951//2172 1860//2136 1728//2160
f 1951//2172 2094//1092 1860//2136
f 1844//2111 1836//2120 1818//2097
f 316//1628 1836//2120 1844//2111
f 1776//1982 1531//1850 1787//1849
f 1719//1236 1826//1863 1793//2032
f 2147//1943 1401//1596 29//1696
f 2111//1411 2121//2173 1548//2092
f 1741//1779 1259//2085 1779//2031
f 1843//1427 347//1429 1834//1592
f 1843//1427 1734//2167 959//2161
f 1766//2112 1769//2166 1734//2167
f 957//2113 1766//2112 1734//2167
f 1766//2112 1786//2164 1769//2166
f 1766//2112 1689//2140 1786//2164
f 1689//2140 1665//2171 1786//2164
f 1754//2059 1691//1854 1777//1904
f 1507//123 1840//2101 1790//1864
f 1761//1868 1470//2051 1461//2067
f 1523//1510 1679//2114 1793//2032
f 1091//1644 1468//992 1098//1658
f 1820//1233 1730//510 1838//461
f 1843//1427 1834//1592 1734//2167
f 1808//1896 1951//2172 1665//2171
f 1588//1981 1727//1995 1531//1850
f 893//2019 915//2128 1832//2020
f 1523//1510 1774//1512 1679//2114
f 272//1130 2488//635 710//1100
f 1093//1968 1116//1265 1675//1816
f 2340//2169 2349//2119 2348//2174
f 1832//2020 1734//2167 1834//1592
f 1832//2020 957//2113 1734//2167
f 1951//2172 1808//1896 2094//1092
f 1685//1447 1692//1329 1505//1962
f 1043//931 295//1618 698//933
f 2143//2023 1779//2031 2121//2173
f 1689//2140 1808//1896 1665//2171
f 1693//1946 1714//1830 1763//858
f 1738//1920 2157//1649 1516//121
f 1114//2011 1921//1216 236//1215
f 1268//1835 1333//939 1520//1717
f 1149//1453 1108//2057 431//1454
f 508//1728 2144//1715 1912//1789
f 1957//90 1108//2057 1537//91
f 431//1454 1108//2057 1957//90
f 1018//2175 1108//2057 2167//2063
f 1338//1842 1957//90 1681//2145
f 2163//2176 1957//90 1338//1842
f 1983//395 1390//2177 2093//2178
f 30//16 557//506 37//555
f 1714//1830 2173//1554 2172//1528
f 1983//395 1984//1839 1390//2177
f 1984//1839 2065//2179 1390//2177
f 884//241 1762//1511 897//254
f 2065//2179 1984//1839 1214//2180
f 1950//2181 1974//2168 1762//1511
f 884//241 1950//2181 1762//1511
f 2012//2182 1698//2183 1861//2134
f 1214//2180 2116//1782 803//1826
f 1950//2181 1938//2184 1974//2168
f 1938//2184 1967//2185 1974//2168
f 1900//463 1761//1868 1461//2067
f 865//251 1929//2186 884//241
f 884//241 1929//2186 1950//2181
f 2062//172 2071//2187 2042//1232
f 919//1365 1985//2188 1732//974
f 1593//1997 502//1999 2146//2189
f 1995//2190 1213//1213 2098//966
f 1522//1103 2476//616 1651//478
f 2174//1552 1849//2021 2175//1262
f 1480//1990 1989//1680 1499//1979
f 1929//2186 1938//2184 1950//2181
f 1605//1836 2058//1838 1574//1907
f 2097//1837 1605//1836 2133//1846
f 1912//1789 2014//2191 1886//1726
f 2092//2192 2082//2193 2083//2194
f 206//2078 1930//2195 505//801
f 2101//1985 2100//2196 2092//2192
f 2073//1986 2101//1985 2092//2192
f 839//1173 1910//2130 865//251
f 1910//2130 1901//2197 1929//2186
f 865//251 1910//2130 1929//2186
f 1967//2185 1788//2099 1975//2118
f 2073//1986 2092//2192 2063//2060
f 2101//1985 1593//1997 2100//2196
f 2015//2198 1876//1763 1698//2183
f 1853//2199 1884//2200 2014//2191
f 1831//2154 1698//2183 2165//2144
f 1316//394 273//396 81//2081
f 1901//2197 1920//2201 1929//2186
f 1929//2186 1920//2201 1938//2184
f 1920//2201 1968//1473 1967//2185
f 1938//2184 1920//2201 1967//2185
f 1849//2021 2174//1552 1700//1831
f 2173//1554 1700//1831 2174//1552
f 2062//172 2072//1231 2091//2202
f 803//1826 2467//868 2059//788
f 2239//1410 1736//1409 2240//2203
f 1505//1962 1357//1964 1685//1447
f 1358//1857 1686//2017 1476//1858
f 1967//2185 1968//1473 1788//2099
f 1968//1473 1969//1472 1788//2099
f 2065//2179 2110//176 2156//1314
f 2065//2179 1214//2180 2110//176
f 2110//176 1214//2180 503//2204
f 273//396 2093//2178 1018//2175
f 273//396 1983//395 2093//2178
f 532//1724 1886//1726 2155//2205
f 2034//175 2021//493 1947//224
f 216//1450 1810//1915 585//1916
f 1912//1789 543//1761 2014//2191
f 1390//2177 2051//92 1537//91
f 1872//1172 1873//1756 1910//2130
f 1984//1839 2045//1775 1214//2180
f 597//1725 1912//1789 1886//1726
f 1593//1997 2146//2189 2100//2196
f 2071//2187 2062//172 2090//1169
f 2034//175 2046//2150 1982//1706
f 2034//175 1947//224 2046//2150
f 1214//2180 2045//1775 2116//1782
f 1873//1756 1887//1755 1910//2130
f 1887//1755 1901//2197 1910//2130
f 1562//1958 1447//1161 1106//1321
f 2163//2176 431//1454 1957//90
f 1948//1641 1972//213 1936//1328
f 1972//213 1948//1641 1992//214
f 2014//2191 2015//2198 2013//2206
f 1853//2199 2014//2191 2013//2206
f 1550//2207 1884//2200 1853//2199
f 1947//224 2468//226 1994//2133
f 1355//2208 1550//2207 2154//1806
f 1355//2208 1884//2200 1550//2207
f 2081//840 2108//2209 2128//1474
f 2024//2069 1965//1731 1492//2046
f 2024//2069 2032//2210 1965//1731
f 2116//1782 1604//1827 803//1826
f 1901//2197 1911//2211 1920//2201
f 1939//1393 1968//1473 1920//2201
f 1911//2211 1939//1393 1920//2201
f 872//1493 1626//1905 1666//1408
f 2062//172 2091//2202 2120//173
f 1819//1615 1927//1855 1759//1662
f 1021//1390 1674//625 1780//1372
f 872//1493 1673//1056 1756//1055
f 1550//2207 501//1297 2171//1334
f 1378//1333 1550//2207 2171//1334
f 2146//2189 2162//1727 2145//2212
f 1358//1857 482//1823 192//1832
f 2109//174 2120//173 2119//2213
f 1866//424 1872//1172 2227//1219
f 1391//2214 2012//2182 1860//2136
f 2136//2215 2137//1807 2161//1332
f 2162//1727 1661//2010 236//1215
f 1887//1755 1894//1847 1901//2197
f 1901//2197 1894//1847 1911//2211
f 505//801 1707//2126 206//2078
f 2120//173 2137//1807 2136//2215
f 2142//624 2164//1371 1674//625
f 1860//2136 2012//2182 1861//2134
f 1894//1847 1939//1393 1911//2211
f 2080//1956 2060//841 2118//1475
f 2162//1727 236//1215 508//1728
f 2164//1371 1815//2086 1742//1912
f 1018//2175 2093//2178 1537//91
f 2154//1806 1378//1333 2161//1332
f 2041//2216 2098//966 2491//324
f 2043//1701 2042//1232 2032//2210
f 1108//2057 1018//2175 1537//91
f 1465//1584 2094//1092 1808//1896
f 502//1999 1643//2008 1661//2010
f 2467//868 1618//2029 1656//1562
f 2119//2213 2136//2215 2135//2217
f 2119//2213 2108//2209 2071//2187
f 878//1132 1183//143 1195//730
f 2101//1985 1594//2038 1593//1997
f 2033//2218 2370//1801 2063//2060
f 2482//1126 2491//324 2098//966
f 1282//1743 2406//1766 1275//1491
f 2003//2219 1948//1641 1956//1695
f 2043//1701 2032//2210 2024//2069
f 2025//426 2043//1701 2024//2069
f 2154//1806 1550//2207 1378//1333
f 1795//255 2498//2132 1764//417
f 2142//624 1548//2092 2164//1371
f 2431//1520 2454//1139 2422//1521
f 1981//2220 2011//2221 1993//2222
f 2349//2119 2391//1278 2362//2223
f 502//1999 2162//1727 2146//2189
f 2025//426 2024//2069 2360//427
f 2129//2224 2120//173 2091//2202
f 1732//974 1985//2188 2007//1496
f 2171//1334 1308//1296 209//2225
f 1930//2195 1995//2190 2041//2216
f 1390//2177 1238//479 2051//92
f 1866//424 1878//423 1887//1755
f 1878//423 1894//1847 1887//1755
f 1965//1731 2032//2210 2011//2221
f 874//471 2480//473 2492//247
f 2071//2187 2108//2209 2069//2226
f 1358//1857 1731//1824 482//1823
f 430//177 2021//493 2034//175
f 1965//1731 2003//2219 1964//1694
f 1855//2227 1889//1516 831//1383
f 1668//1537 1773//1536 2150//2228
f 1390//2177 2156//1314 1238//479
f 898//1210 869//971 1903//1083
f 2391//1278 2407//1370 2362//2223
f 2121//2173 2111//1411 2074//880
f 1548//2092 1259//2085 2164//1371
f 2099//2229 2129//2224 2091//2202
f 1550//2207 1853//2199 501//1297
f 1853//2199 1852//1298 501//1297
f 952//1423 2017//2230 969//879
f 2085//2231 2121//2173 2074//880
f 2130//1678 2006//2232 1391//2214
f 2144//1715 1367//1762 543//1761
f 2100//2196 2146//2189 2099//2229
f 1545//1461 1319//1685 113//1884
f 1903//1083 1922//2233 898//1210
f 1922//2233 1931//1208 898//1210
f 585//1916 2170//1632 1641//1634
f 2007//1496 2017//2230 952//1423
f 2017//2230 2074//880 969//879
f 1558//1538 1753//2093 1813//2147
f 837//1810 2005//1834 1517//1032
f 2005//1834 2006//2232 2130//1678
f 1532//1874 1474//438 1528//1767
f 2003//2219 1981//2220 1948//1641
f 2070//2234 2071//2187 2069//2226
f 1922//2233 919//1365 1931//1208
f 2017//2230 2085//2231 2074//880
f 2085//2231 2104//2235 2121//2173
f 2100//2196 2099//2229 2082//2193
f 2156//1314 2110//176 2034//175
f 505//801 2474//323 2004//575
f 1903//1083 871//1555 1922//2233
f 1922//2233 1952//2236 919//1365
f 919//1365 1952//2236 1985//2188
f 1985//2188 2001//2237 2007//1496
f 2001//2237 2036//2238 2017//2230
f 2007//1496 2001//2237 2017//2230
f 2017//2230 2036//2238 2085//2231
f 2036//2238 2047//2239 2085//2231
f 2047//2239 2075//2240 2085//2231
f 2075//2240 2104//2235 2085//2231
f 1948//1641 1993//2222 2023//1642
f 2400//1369 2422//1521 2407//1370
f 2011//2221 2070//2234 1993//2222
f 2033//2218 2043//1701 2025//426
f 2012//2182 2015//2198 1698//2183
f 1876//1763 1338//1842 2165//2144
f 871//1555 1940//2241 1922//2233
f 1985//2188 1976//2242 2001//2237
f 2121//2173 2104//2235 2143//2023
f 1051//128 1413//1739 1456//1311
f 2358//446 1362//1526 2379//1893
f 1859//983 1789//51 1870//1234
f 2090//1169 2109//174 2071//2187
f 1405//453 1398//75 1885//1892
f 1886//1726 1884//2200 1355//2208
f 1922//2233 1960//2243 1952//2236
f 1952//2236 1960//2243 1985//2188
f 1960//2243 1976//2242 1985//2188
f 1956//1695 1948//1641 1936//1328
f 2135//2217 209//2225 2128//1474
f 2157//1649 1875//1651 1212//1777
f 2160//1486 2168//1485 2169//2244
f 1900//463 1461//2067 1918//1143
f 2001//2237 2018//2245 2036//2238
f 2075//2240 2086//2246 2104//2235
f 2111//1411 2142//624 2103//1412
f 1937//1144 1956//1695 1936//1328
f 2023//1642 2070//2234 2061//1498
f 2135//2217 2128//1474 2108//2209
f 2042//1232 2071//2187 2011//2221
f 2138//1330 413//1350 2383//2247
f 2033//2218 2072//1231 2043//1701
f 1922//2233 1940//2241 1960//2243
f 2070//2234 2069//2226 2061//1498
f 2069//2226 2108//2209 2061//1498
f 2108//2209 2119//2213 2135//2217
f 1855//2227 1904//2248 1889//1516
f 1889//1516 1904//2248 871//1555
f 871//1555 1904//2248 1940//2241
f 1976//2242 2018//2245 2001//2237
f 2036//2238 2018//2245 2047//2239
f 2122//2249 2143//2023 2104//2235
f 216//1450 1642//1710 489//62
f 2148//2094 984//2024 2143//2023
f 1975//2118 1974//2168 1967//2185
f 2157//1649 1683//122 1516//121
f 1614//1998 1593//1997 1594//2038
f 2269//2137 2270//2250 2276//2251
f 1926//1805 2147//1943 29//1696
f 2082//2193 2091//2202 2072//1231
f 430//177 503//2204 2059//788
f 1904//2248 1905//2252 1940//2241
f 1940//2241 1961//2253 1960//2243
f 1961//2253 1976//2242 1960//2243
f 2087//2254 2086//2246 2075//2240
f 2065//2179 2156//1314 1390//2177
f 1820//1233 1838//461 1900//463
f 534//1031 1308//1296 837//1810
f 2167//2063 273//396 1018//2175
f 831//1383 1850//1394 1855//2227
f 2019//2255 2037//2256 2018//2245
f 2018//2245 2037//2256 2047//2239
f 2037//2256 2075//2240 2047//2239
f 2086//2246 2095//2257 2104//2235
f 2095//2257 2122//2249 2104//2235
f 2122//2249 2148//2094 2143//2023
f 1926//1805 1213//1213 1995//2190
f 1405//453 1885//1892 1761//1868
f 2006//2232 2013//2206 2012//2182
f 2211//1517 2233//1302 2216//1518
f 1855//2227 1890//2258 1904//2248
f 1904//2248 1895//2259 1905//2252
f 1905//2252 1932//2260 1940//2241
f 1961//2253 1977//2261 1976//2242
f 1976//2242 1986//2262 2018//2245
f 2484//343 2476//616 1518//1104
f 1870//1234 1411//1989 1859//983
f 1548//2092 2142//624 2111//1411
f 1904//2248 1890//2258 1895//2259
f 1895//2259 1932//2260 1905//2252
f 1940//2241 1932//2260 1961//2253
f 1976//2242 1977//2261 1986//2262
f 1986//2262 2008//2263 2018//2245
f 2018//2245 2008//2263 2019//2255
f 2087//2254 2075//2240 2037//2256
f 2087//2254 2095//2257 2086//2246
f 2094//1092 1391//2214 1860//2136
f 1852//1298 1853//2199 2006//2232
f 1853//2199 2013//2206 2006//2232
f 929//208 979//681 850//209
f 1855//2227 1874//2264 1890//2258
f 2008//2263 2028//2265 2019//2255
f 1993//2222 2070//2234 2023//1642
f 1705//1770 1799//1448 1998//64
f 1491//1944 2147//1943 206//2078
f 1851//1530 1856//2266 1855//2227
f 1895//2259 1890//2258 1874//2264
f 2038//2267 2019//2255 2028//2265
f 2038//2267 2048//2268 2037//2256
f 2019//2255 2038//2267 2037//2256
f 2048//2268 2067//2269 2087//2254
f 2037//2256 2048//2268 2087//2254
f 2087//2254 2067//2269 2095//2257
f 2095//2257 2149//2270 2122//2249
f 2149//2270 2148//2094 2122//2249
f 1308//1296 2005//1834 837//1810
f 209//2225 1308//1296 1387//1549
f 1601//1259 2102//1848 1927//1855
f 254//592 170//456 201//626
f 1800//1938 1403//859 1763//858
f 1510//1991 1346//2170 1740//2141
f 870//973 871//1555 1903//1083
f 1919//1773 1650//2084 1619//1774
f 2148//2094 1667//2271 1753//2093
f 1932//2260 1923//2272 1961//2253
f 1977//2261 1953//2273 1986//2262
f 2067//2269 2112//2274 2095//2257
f 2112//2274 2149//2270 2095//2257
f 2148//2094 2149//2270 1667//2271
f 2422//1521 2421//1983 2407//1370
f 1926//1805 2026//1224 1213//1213
f 1912//1789 2144//1715 543//1761
f 2128//1474 1387//1549 2153//1542
f 1733//1922 1510//1991 1740//2141
f 990//1459 853//813 2489//632
f 503//2204 1214//2180 803//1826
f 1921//1216 431//1454 2163//2176
f 2146//2189 2145//2212 2129//2224
f 2144//1715 1921//1216 2163//2176
f 1855//2227 1856//2266 1874//2264
f 1895//2259 1923//2272 1932//2260
f 1923//2272 1941//2275 1961//2253
f 1961//2253 1941//2275 1977//2261
f 2048//2268 2076//2276 2067//2269
f 2076//2276 2113//2277 2067//2269
f 2067//2269 2113//2277 2112//2274
f 1723//1359 1900//463 1937//1144
f 1870//1234 1900//463 1723//1359
f 1367//1762 2163//2176 1338//1842
f 520//1825 1346//2170 1510//1991
f 1698//2183 1831//2154 1861//2134
f 1984//1839 1919//1773 2045//1775
f 1895//2259 1891//2278 1923//2272
f 2008//2263 1986//2262 2028//2265
f 1948//1641 1981//2220 1993//2222
f 1883//2163 1346//2170 520//1825
f 1883//2163 1814//2044 1346//2170
f 1930//2195 206//2078 2147//1943
f 2499//569 2486//568 1447//1161
f 1891//2278 1906//2279 1923//2272
f 1923//2272 1953//2273 1941//2275
f 1953//2273 1977//2261 1941//2275
f 1953//2273 1987//2280 1986//2262
f 2113//2277 2123//2281 2112//2274
f 2123//2281 2149//2270 2112//2274
f 1387//1549 1308//1296 1226//217
f 1599//1851 1688//2108 1346//2170
f 2093//2178 1390//2177 1537//91
f 2003//2219 2011//2221 1981//2220
f 1987//2280 2028//2265 1986//2262
f 2038//2267 2049//2282 2048//2268
f 2048//2268 2049//2282 2076//2276
f 1813//2147 1667//2271 2149//2270
f 2123//2281 1813//2147 2149//2270
f 1461//2067 1469//1730 1964//1694
f 1757//1933 1510//1991 1743//1921
f 505//801 1930//2195 1999//802
f 2223//53 1784//1972 1789//51
f 1532//1874 1522//1103 1651//478
f 1906//2279 1913//2283 1923//2272
f 1913//2283 1943//2284 1923//2272
f 1943//2284 1942//2285 1923//2272
f 1923//2272 1942//2285 1953//2273
f 1942//2285 1987//2280 1953//2273
f 1308//1296 1852//1298 2005//1834
f 2053//1844 1814//2044 1883//2163
f 1733//1922 1740//2141 1541//1650
f 2154//1806 1886//1726 1355//2208
f 1503//437 1528//1767 1474//438
f 1874//2264 1879//2286 1895//2259
f 1895//2259 1879//2286 1891//2278
f 2076//2276 2124//2287 2113//2277
f 2113//2277 2124//2287 2123//2281
f 1896//2288 1891//2278 1879//2286
f 1891//2278 1896//2288 1906//2279
f 1942//2285 1962//2289 1987//2280
f 1962//2289 2009//2290 2028//2265
f 1987//2280 1962//2289 2028//2265
f 2009//2290 2038//2267 2028//2265
f 2109//174 2119//2213 2071//2187
f 1918//1143 1956//1695 1937//1144
f 1851//1530 1864//2291 1856//2266
f 1896//2288 1897//2292 1906//2279
f 1906//2279 1897//2292 1913//2283
f 1943//2284 1962//2289 1942//2285
f 2049//2282 2077//2293 2076//2276
f 2124//2287 2125//2294 2123//2281
f 1930//2195 2147//1943 1926//1805
f 1902//1276 1894//1847 1878//423
f 482//1823 1510//1991 1757//1933
f 2129//2224 2137//1807 2120//173
f 503//2204 803//1826 2059//788
f 1847//1470 1857//1947 1851//1530
f 1851//1530 1857//1947 1864//2291
f 2039//2295 2038//2267 2009//2290
f 2038//2267 2039//2295 2049//2282
f 2076//2276 2077//2293 2124//2287
f 2150//2228 1813//2147 2123//2281
f 482//1823 520//1825 1510//1991
f 1994//2133 1821//2148 2046//2150
f 2044//2131 2004//575 1764//417
f 1864//2291 1867//2296 1856//2266
f 1867//2296 1874//2264 1856//2266
f 1897//2292 1944//2297 1913//2283
f 1943//2284 1944//2297 1962//2289
f 2124//2287 2126//2298 2125//2294
f 2150//2228 2123//2281 2125//2294
f 2099//2229 2146//2189 2129//2224
f 2041//2216 1995//2190 2098//966
f 1605//1836 1641//1634 2151//1633
f 1847//1470 1959//1494 1857//1947
f 1874//2264 1867//2296 1879//2286
f 1913//2283 1944//2297 1943//2284
f 1944//2297 1963//2299 1962//2289
f 2077//2293 2096//2300 2124//2287
f 2096//2300 2126//2298 2124//2287
f 2126//2298 2150//2228 2125//2294
f 941//2083 1650//2084 1919//1773
f 2135//2217 2136//2215 209//2225
f 1884//2200 1886//1726 2014//2191
f 2049//2282 2029//2301 2077//2293
f 1388//1280 2127//1071 1389//1976
f 1389//1976 2127//1071 1566//2037
f 1930//2195 1926//1805 1995//2190
f 941//2083 1919//1773 1316//394
f 2110//176 503//2204 430//177
f 1867//2296 1880//2302 1879//2286
f 1879//2286 1880//2302 1896//2288
f 1897//2292 1907//2303 1944//2297
f 1963//2299 1978//2304 1962//2289
f 1962//2289 1978//2304 2009//2290
f 2039//2295 2029//2301 2049//2282
f 2077//2293 2078//2305 2096//2300
f 822//1133 823//1444 827//1241
f 2166//2034 1668//1537 2150//2228
f 81//2081 941//2083 1316//394
f 2204//1519 2216//1518 2203//2306
f 2011//2221 2071//2187 2070//2234
f 1880//2302 1892//2307 1896//2288
f 1892//2307 1907//2303 1897//2292
f 1896//2288 1892//2307 1897//2292
f 1907//2303 1914//2308 1944//2297
f 1978//2304 2010//2309 2009//2290
f 2010//2309 2039//2295 2009//2290
f 1688//2108 1740//2141 1346//2170
f 1789//51 1820//1233 1870//1234
f 2130//1678 1391//2214 2094//1092
f 1944//2297 1945//2310 1963//2299
f 2029//2301 2078//2305 2077//2293
f 1767//206 2150//2228 2126//2298
f 1767//206 2166//2034 2150//2228
f 803//1826 2022//1828 2467//868
f 1503//437 1927//1855 2102//1848
f 1914//2308 1954//2311 1944//2297
f 1944//2297 1954//2311 1945//2310
f 1963//2299 1970//2312 1978//2304
f 2078//2305 2105//2313 2096//2300
f 2105//2313 2126//2298 2096//2300
f 1965//1731 2011//2221 2003//2219
f 192//1832 1626//1905 1358//1857
f 2101//1985 1559//1984 1594//2038
f 1930//2195 2041//2216 1999//802
f 1698//2183 1876//1763 2165//2144
f 1398//75 1871//452 891//76
f 2165//2144 1338//1842 1681//2145
f 1970//2312 2010//2309 1978//2304
f 2010//2309 2030//2314 2029//2301
f 2039//2295 2010//2309 2029//2301
f 2030//2314 2055//2315 2078//2305
f 2029//2301 2030//2314 2078//2305
f 1849//2021 1848//1966 2175//1262
f 1871//452 1862//451 891//76
f 543//1761 2015//2198 2014//2191
f 1857//1947 1858//2146 1864//2291
f 1864//2291 1858//2146 1867//2296
f 1963//2299 1945//2310 1970//2312
f 2055//2315 2088//2316 2078//2305
f 2078//2305 2088//2316 2105//2313
f 2105//2313 2131//2317 2126//2298
f 2126//2298 2131//2317 1767//206
f 2063//2060 2083//2194 2033//2218
f 2161//1332 2171//1334 209//2225
f 2032//2210 2042//1232 2011//2221
f 1813//2147 2150//2228 1773//1536
f 1914//2308 1908//2318 1954//2311
f 1970//2312 1979//2319 2010//2309
f 2088//2316 2131//2317 2105//2313
f 2015//2198 543//1761 1876//1763
f 1694//1245 1692//1329 1048//1246
f 1395//1965 2207//52 1859//983
f 1395//1965 1393//1937 2207//52
f 1730//510 1784//1972 1736//1409
f 2500//233 2466//1284 2470//1258
f 1709//1407 1701//1406 1757//1933
f 1945//2310 1979//2319 1970//2312
f 2030//2314 2050//2320 2055//2315
f 2350//1354 2317//2321 2286//1708
f 2154//1806 2155//2205 1886//1726
f 871//1555 860//1509 1889//1516
f 2161//1332 209//2225 2136//2215
f 2497//494 2463//245 2493//597
f 2190//2322 2204//1519 2203//2306
f 1800//1938 2179//1523 1404//1936
f 2477//1434 2469//1433 1385//404
f 1385//404 1715//2323 2477//1434
f 2128//1474 209//2225 1387//1549
f 1858//2146 1868//2026 1867//2296
f 1867//2296 1881//2324 1880//2302
f 1893//2325 1892//2307 1880//2302
f 1881//2324 1893//2325 1880//2302
f 1893//2325 1907//2303 1892//2307
f 1907//2303 1908//2318 1914//2308
f 1954//2311 1979//2319 1945//2310
f 1979//2319 1980//2326 2010//2309
f 2131//2317 2159//204 1767//206
f 1765//994 93//993 339//769
f 1761//1868 1877//462 1405//453
f 523//1095 1347//1768 515//1147
f 1541//1650 2157//1649 1738//1920
f 2144//1715 2163//2176 1367//1762
f 1380//1054 1389//1976 1566//2037
f 2317//2321 2392//2327 2316//1277
f 1994//2133 2498//2132 1801//2139
f 1867//2296 1868//2026 1881//2324
f 1980//2326 2050//2320 2030//2314
f 2010//2309 1980//2326 2030//2314
f 2050//2320 2089//2328 2055//2315
f 2055//2315 2089//2328 2088//2316
f 2088//2316 2114//2329 2131//2317
f 1538//1873 1651//478 1659//1880
f 2145//2212 2155//2205 2129//2224
f 2140//1268 29//1696 1928//1582
f 2370//1801 2033//2218 2025//426
f 2252//2330 2239//1410 2240//2203
f 2239//1410 2252//2330 1862//451
f 2392//2327 2391//1278 2316//1277
f 2469//1433 2501//405 1385//404
f 2477//1434 1715//2323 1710//614
f 502//1999 1614//1998 1643//2008
f 2438//1227 1227//962 2431//1520
f 1915//2331 1907//2303 1893//2325
f 1915//2331 1908//2318 1907//2303
f 1954//2311 1908//2318 1979//2319
f 1908//2318 1988//2332 1979//2319
f 1979//2319 1988//2332 1980//2326
f 2114//2329 2159//204 2131//2317
f 2155//2205 2154//1806 2129//2224
f 508//1728 1966//1217 2144//1715
f 872//1493 1756//1055 1626//1905
f 1710//614 1715//2323 1505//1962
f 236//1215 1966//1217 508//1728
f 2272//74 2284//1754 1398//75
f 2325//2333 2355//1237 2319//1366
f 1548//2092 2121//2173 1779//2031
f 1532//1874 1528//1767 1522//1103
f 1980//2326 2056//2334 2050//2320
f 2050//2320 2056//2334 2089//2328
f 2013//2206 2015//2198 2012//2182
f 1964//1694 2003//2219 1956//1695
f 2006//2232 2012//2182 1391//2214
f 1565//436 1927//1855 1503//437
f 2244//2335 2243//2336 2226//2337
f 5//1963 1715//2323 1385//404
f 1858//2146 1848//1966 1868//2026
f 1915//2331 1946//2338 1908//2318
f 1946//2338 1988//2332 1908//2318
f 1980//2326 2020//2339 2056//2334
f 2115//2340 2159//204 2114//2329
f 2092//2192 2083//2194 2063//2060
f 1398//75 2284//1754 1687//1753
f 2162//1727 2155//2205 2145//2212
f 519//680 2475//633 2488//635
f 2158//2341 5//1963 1385//404
f 5//1963 1505//1962 1715//2323
f 1692//1329 1694//1245 1505//1962
f 1988//2332 2020//2339 1980//2326
f 2115//2340 2169//2244 2159//204
f 2169//2244 2168//1485 2159//204
f 2083//2194 2082//2193 2072//1231
f 1316//394 1984//1839 1983//395
f 1488//221 1619//1774 1650//2084
f 2083//2194 2072//1231 2033//2218
f 2361//2342 1210//2343 1233//278
f 1933//1872 1946//2338 1915//2331
f 2056//2334 2079//2344 2089//2328
f 2088//2316 2115//2340 2114//2329
f 2099//2229 2091//2202 2082//2193
f 2162//1727 532//1724 2155//2205
f 1852//1298 2006//2232 2005//1834
f 2023//1642 2061//1498 2052//1497
f 2176//1469 2184//892 2175//1262
f 2162//1727 985//1729 532//1724
f 1909//2345 1893//2325 1881//2324
f 1909//2345 1915//2331 1893//2325
f 1988//2332 2040//2346 2020//2339
f 2040//2346 2056//2334 2020//2339
f 2089//2328 2079//2344 2088//2316
f 2088//2316 2079//2344 2115//2340
f 1782//2127 1444//860 1882//1399
f 1216//1798 1215//577 2320//2347
f 867//1458 1939//1393 1894//1847
f 867//1458 903//1391 1939//1393
f 1372//1814 2398//1829 1379//1752
f 1863//236 504//403 2027//631
f 2158//2341 1385//404 504//403
f 1868//2026 1782//2127 1881//2324
f 1909//2345 1933//1872 1915//2331
f 2040//2346 1988//2332 1946//2338
f 1481//2045 2024//2069 1492//2046
f 2120//173 2136//2215 2119//2213
f 1522//1103 1528//1767 1518//1104
f 1871//452 1398//75 1405//453
f 1221//1481 1408//1483 1399//1587
f 1357//1964 5//1963 2158//2341
f 2179//1523 1800//1938 1763//858
f 1868//2026 1865//2022 1782//2127
f 1882//1399 1881//2324 1782//2127
f 1882//1399 1909//2345 1881//2324
f 2040//2346 2057//2348 2056//2334
f 2106//2349 2079//2344 2056//2334
f 2057//2348 2106//2349 2056//2334
f 2106//2349 2132//2350 2079//2344
f 2132//2350 2115//2340 2079//2344
f 2115//2340 2132//2350 2169//2244
f 532//1724 985//1729 597//1725
f 2092//2192 2100//2196 2082//2193
f 1210//2343 1221//1481 1399//1587
f 1399//1587 1233//278 1210//2343
f 2130//1678 2002//1070 1517//1032
f 1849//2021 1865//2022 1868//2026
f 1933//1872 2040//2346 1946//2338
f 52//554 1269//509 30//16
f 1667//2271 1813//2147 1753//2093
f 1997//1769 1380//1054 1673//1056
f 940//152 1008//1869 1088//1609
f 1947//224 1994//2133 2046//2150
f 1882//1399 1916//1185 1909//2345
f 1924//1184 1933//1872 1909//2345
f 1533//1871 2040//2346 1933//1872
f 1533//1871 1534//1906 2040//2346
f 2058//1838 2040//2346 1534//1906
f 2058//1838 2057//2348 2040//2346
f 1238//479 191//480 1768//2138
f 1997//1769 1389//1976 1380//1054
f 1875//1651 1541//1650 1554//2110
f 1854//1621 504//403 1863//236
f 1854//1621 2158//2341 504//403
f 2396//2351 1275//1491 2406//1766
f 2426//2352 2443//1687 153//1733
f 1916//1185 1924//1184 1909//2345
f 1925//86 1935//85 1934//1788
f 1870//1234 1723//1359 1426//1978
f 2058//1838 2097//1837 2057//2348
f 2097//1837 2106//2349 2057//2348
f 2132//2350 2151//1633 2169//2244
f 2151//1633 2160//1486 2169//2244
f 1106//1321 1635//1977 1562//1958
f 1957//90 1768//2138 1681//2145
f 1957//90 2051//92 1768//2138
f 526//1238 535//588 33//818
f 1614//1998 1594//2038 1609//2014
f 2233//1302 2229//2040 2216//1518
f 2496//237 2027//631 2084//1006
f 2496//237 1863//236 2027//631
f 2117//235 1854//1621 1863//236
f 2016//1270 2158//2341 1854//1621
f 2016//1270 1504//1269 1357//1964
f 2158//2341 2016//1270 1357//1964
f 1114//2011 236//1215 1661//2010
f 2129//2224 2154//1806 2137//1807
f 2133//1846 2106//2349 2097//1837
f 2491//324 1999//802 2041//2216
f 2051//92 1238//479 1768//2138
f 2061//1498 2108//2209 2081//840
f 2189//1840 2195//1533 2186//1809
f 2348//2174 2349//2119 2362//2223
f 1701//1406 192//1832 482//1823
f 505//801 1737//2125 1707//2126
f 2133//1846 2132//2350 2106//2349
f 2132//2350 2133//1846 2151//1633
f 2151//1633 2170//1632 2160//1486
f 502//1999 1661//2010 2162//1727
f 1998//64 1389//1976 1997//1769
f 2297//2353 2352//2354 2329//2355
f 2352//2354 2364//2356 2329//2355
f 2394//2357 2414//2358 2364//2356
f 2352//2354 2394//2357 2364//2356
f 2402//2165 512//1136 2415//2359
f 2255//2360 2254//2361 2243//2336
f 2446//2362 1365//990 2456//2363
f 2271//2364 2282//2365 2298//2366
f 846//268 2283//2367 2264//269
f 2293//2368 2310//2369 2318//2370
f 2254//2361 2295//2371 2294//2372
f 2283//2367 2290//2373 2278//507
f 2270//2250 2294//2372 2293//2368
f 2423//2374 2455//2000 2400//1369
f 2281//2375 2287//1301 2267//1300
f 2190//2322 2191//2376 2204//1519
f 2271//2364 2263//2377 2282//2365
f 2334//2378 2329//2355 2364//2356
f 2424//1495 2432//2379 2409//2380
f 2282//2365 2263//2377 2298//2366
f 1409//744 1659//1880 1958//477
f 2263//2377 2302//2381 2298//2366
f 2297//2353 2329//2355 2296//2382
f 1256//1802 446//287 2346//2162
f 1958//477 2502//28 2478//743
f 2437//1684 2399//1792 2444//2383
f 263//365 2366//1446 2359//464
f 849//1380 827//1241 823//1444
f 2311//1019 2325//2333 2290//2373
f 2499//569 2379//1893 2434//27
f 2446//2362 2456//2363 2423//2374
f 947//1160 2358//446 2379//1893
f 2499//569 947//1160 2379//1893
f 2205//1534 2195//1533 2212//2384
f 2245//2385 2237//1218 2227//1219
f 2245//2385 2256//1898 2237//1218
f 2256//1898 2263//2377 2271//2364
f 556//1551 571//1008 2305//1020
f 1528//1767 2068//344 1518//1104
f 2424//1495 2439//949 2432//2379
f 2302//2381 2352//2354 2297//2353
f 1866//424 2237//1218 826//425
f 2248//2386 2242//2387 2211//1517
f 2334//2378 2364//2356 2363//2388
f 2235//2105 2244//2335 2226//2337
f 2255//2360 2295//2371 2254//2361
f 2329//2355 2324//2389 2296//2382
f 2439//949 2447//1299 1973//950
f 2329//2355 2334//2378 2324//2389
f 2409//2380 2432//2379 2414//2358
f 2293//2368 2318//2370 2276//2251
f 866//1987 2425//2390 2416//2391
f 1487//390 1493//2392 2372//1682
f 2237//1218 2231//1900 2230//2103
f 2415//2359 512//1136 17//1230
f 2035//989 1236//535 26//536
f 921//137 2138//1330 688//160
f 2491//324 2482//1126 2462//325
f 6//1282 181//843 197//845
f 2481//418 948//256 1795//255
f 2138//1330 2383//2247 2382//1197
f 2377//2393 2394//2357 2352//2354
f 2377//2393 506//1463 2394//2357
f 2394//2357 506//1463 2402//2165
f 2401//2394 2402//2165 2415//2359
f 2394//2357 2402//2165 2401//2394
f 2318//2370 2326//1950 2276//2251
f 2439//949 2457//948 2432//2379
f 2298//2366 2302//2381 2297//2353
f 2244//2335 2249//2395 2243//2336
f 2404//2396 1100//77 2382//1197
f 2238//2397 2245//2385 2227//1219
f 2245//2385 2257//2398 2256//1898
f 2257//2398 2263//2377 2256//1898
f 2324//2389 2334//2378 2328//2399
f 2257//2398 2289//2400 2263//2377
f 2289//2400 2302//2381 2263//2377
f 2236//2104 2231//1900 2250//1899
f 2138//1330 2382//1197 688//160
f 2383//2247 2404//2396 2382//1197
f 1100//77 2404//2396 2343//2401
f 2353//1465 2352//2354 2302//2381
f 2353//1465 2377//2393 2352//2354
f 2237//1218 2230//2103 2220//712
f 2335//1240 2355//1237 2325//2333
f 2308//2123 2340//2169 2315//2402
f 2253//2006 2269//2137 2276//2251
f 2311//1019 2335//1240 2325//2333
f 2439//949 2424//1495 511//1306
f 2268//2107 2267//1300 2248//2386
f 2383//2247 413//1350 2404//2396
f 123//1666 971//1346 832//2403
f 2234//2005 2243//2336 2269//2137
f 2225//2004 2213//1903 2234//2005
f 2219//2404 2213//1903 2225//2004
f 2195//1533 2196//1901 2212//2384
f 1544//2061 2418//284 1549//2047
f 413//1350 866//1987 2404//2396
f 2404//2396 866//1987 2416//2391
f 2416//2391 2417//2405 2404//2396
f 2404//2396 2417//2405 2343//2401
f 2415//2359 2409//2380 2401//2394
f 2196//1901 2219//2404 2212//2384
f 2268//2107 2248//2386 2218//2106
f 2206//2406 2214//1902 2197//2407
f 2417//2405 2332//2408 2343//2401
f 2343//2401 2332//2408 832//2403
f 2330//1464 2302//2381 2289//2400
f 2330//1464 2353//1465 2302//2381
f 2453//1140 2454//1139 515//1147
f 2218//2106 2248//2386 2217//2409
f 2218//2106 2217//2409 2205//1534
f 2276//2251 2281//2375 2268//2107
f 2178//1384 2197//2407 2177//1471
f 2197//2407 2189//1840 2177//1471
f 2332//2408 2066//2410 832//2403
f 832//2403 2066//2410 123//1666
f 2231//1900 2236//2104 2230//2103
f 669//35 950//1257 1144//33
f 2217//2409 2211//1517 2199//2411
f 1216//1798 1209//2412 1217//1813
f 2066//2410 2365//2413 123//1666
f 2230//2103 2226//2337 2214//1902
f 2290//2373 2325//2333 2304//1368
f 2325//2333 2319//1366 2304//1368
f 2217//2409 2248//2386 2211//1517
f 2191//2376 2192//1532 2199//2411
f 510//988 525//1239 2035//989
f 2417//2405 1917//2414 2332//2408
f 2332//2408 1917//2414 2066//2410
f 2408//2415 2413//333 2341//332
f 2248//2386 2267//1300 2242//2387
f 2326//1950 2333//1353 2281//2375
f 1340//1845 2365//2413 2066//2410
f 2440//1758 1302//1765 1340//1845
f 2226//2337 2230//2103 2235//2105
f 1153//1570 1163//816 1116//1265
f 2431//1520 2455//2000 2438//1227
f 2416//2391 2425//2390 2417//2405
f 2495//576 2474//323 2462//325
f 2290//2373 2304//1368 2277//2416
f 825//1305 2227//1219 1872//1172
f 151//760 239//1577 1038//694
f 9//728 151//760 1038//694
f 545//113 928//1548 2381//25
f 2440//1758 2406//1766 1384//1747
f 928//1548 1596//80 2381//25
f 2186//1809 2188//893 2185//2417
f 2456//2363 26//536 1888//1225
f 2287//1301 2333//1353 2262//1707
f 2425//2390 2342//2418 2417//2405
f 2342//2418 1917//2414 2417//2405
f 1917//2414 877//2419 2066//2410
f 2336//2420 1340//1845 2066//2410
f 2336//2420 2440//1758 1340//1845
f 2328//2399 2351//2421 2327//1948
f 825//1305 2238//2397 2227//1219
f 2351//2421 2368//1949 2327//1948
f 1222//1746 2388//1780 1211//1790
f 678//1440 756//1413 734//184
f 428//1445 263//365 1343//367
f 2188//893 2191//2376 2190//2322
f 2341//332 2376//334 2333//1353
f 2066//2410 877//2419 2336//2420
f 2290//2373 2277//2416 2278//507
f 739//984 634//356 592//267
f 675//1014 304//263 14//230
f 2384//1480 675//1014 14//230
f 2199//2411 2211//1517 2204//1519
f 2191//2376 2199//2411 2204//1519
f 2322//2422 2318//2370 2310//2369
f 2287//1301 2262//1707 2233//1302
f 2185//2417 2188//893 2184//892
f 2386//1822 2425//2390 845//1942
f 2384//1480 572//1015 675//1014
f 1128//795 123//1666 2365//2413
f 832//2403 971//1346 2343//2401
f 2188//893 2186//1809 2191//2376
f 2185//2417 2184//892 2176//1469
f 2345//2423 1917//2414 2342//2418
f 2345//2423 877//2419 1917//2414
f 2336//2420 2406//1766 2440//1758
f 971//1346 1100//77 2343//2401
f 2299//2424 2289//2400 2257//2398
f 2299//2424 2303//1499 2289//2400
f 2249//2395 2255//2360 2243//2336
f 506//1463 513//1076 512//1136
f 2437//1684 955//1349 1219//1348
f 1587//1546 2398//1829 1324//1547
f 877//2419 2396//2351 2336//2420
f 2336//2420 2396//2351 2406//1766
f 2463//245 2479//648 879//246
f 2376//334 2412//2425 2350//1354
f 2281//2375 2267//1300 2268//2107
f 2303//1499 2330//1464 2289//2400
f 624//295 635//947 159//649
f 1996//1009 2356//1271 1561//114
f 2449//283 2436//282 1996//1009
f 2356//1271 2054//2426 2451//1489
f 928//1548 2398//1829 1587//1546
f 2333//1353 2350//1354 2262//1707
f 2035//989 26//536 2456//2363
f 2346//2162 2342//2418 2425//2390
f 2346//2162 2345//2423 2342//2418
f 1544//2061 2380//2427 2418//284
f 2412//2425 2392//2327 2350//1354
f 622//1109 509//1645 1151//1281
f 2436//282 2054//2426 1996//1009
f 545//113 2451//1489 928//1548
f 2326//1950 2341//332 2333//1353
f 2346//2162 2425//2390 2386//1822
f 1365//990 2035//989 2456//2363
f 2369//1436 2377//2393 2353//1465
f 2369//1436 506//1463 2377//2393
f 2451//1489 900//2428 928//1548
f 900//2428 2398//1829 928//1548
f 1235//1226 1888//1225 1244//169
f 2337//1291 2345//2423 2346//2162
f 877//2419 772//1843 2396//2351
f 772//1843 1275//1491 2396//2351
f 2432//2379 2446//2362 2414//2358
f 2294//2372 2295//2371 2310//2369
f 2369//1436 2330//1464 828//1437
f 2418//284 2419//2429 2436//282
f 2450//2430 2429//2431 2436//282
f 2436//282 2429//2431 2054//2426
f 2490//1235 2494//495 1656//1562
f 1321//1732 155//1608 2338//1607
f 1256//1802 2346//2162 2386//1822
f 2448//2432 877//2419 2345//2423
f 877//2419 2448//2432 772//1843
f 2446//2362 2423//2374 2414//2358
f 2351//2421 2334//2378 2363//2388
f 2243//2336 2254//2361 2269//2137
f 2380//2427 2419//2429 2418//284
f 2419//2429 2450//2430 2436//282
f 2283//2367 2278//507 2264//269
f 822//1133 2197//2407 823//1444
f 1008//1869 1759//1662 1565//436
f 2448//2432 2345//2423 2337//1291
f 2270//2250 2293//2368 2276//2251
f 2323//2433 2324//2389 2328//2399
f 2429//2431 1012//2434 2054//2426
f 2226//2337 2243//2336 2213//1903
f 2395//229 325//200 772//1843
f 2370//1801 2367//428 2380//2427
f 2054//2426 2435//2435 2451//1489
f 2435//2435 2397//2436 2451//1489
f 2451//1489 2397//2436 900//2428
f 1774//1512 1974//2168 1975//2118
f 2305//1020 2290//2373 2283//2367
f 846//268 2305//1020 2283//2367
f 2320//2347 1215//577 2285//579
f 2139//2437 2448//2432 2337//1291
f 2448//2432 2395//229 772//1843
f 1232//1803 1231//1796 1216//1798
f 2272//74 2285//579 2284//1754
f 2367//428 2371//2438 2380//2427
f 2371//2438 2405//2439 2380//2427
f 2380//2427 2405//2439 2419//2429
f 2419//2429 2429//2431 2450//2430
f 2429//2431 176//2440 1012//2434
f 2397//2436 2373//2441 900//2428
f 2373//2441 2398//1829 900//2428
f 2373//2441 1379//1752 2398//1829
f 2372//1682 1500//2442 1508//2068
f 1133//107 1303//1460 1142//1263
f 2252//2330 2273//2443 2272//74
f 891//76 2252//2330 2272//74
f 2419//2429 2405//2439 2429//2431
f 2405//2439 2430//2444 2429//2431
f 2429//2431 2430//2444 176//2440
f 2189//1840 2186//1809 2181//1841
f 2212//2384 2219//2404 2218//2106
f 2312//1005 2139//2437 2337//1291
f 2139//2437 2384//1480 2448//2432
f 2448//2432 2384//1480 2395//229
f 899//1374 855//1317 843//1316
f 2272//74 2273//2443 2285//579
f 2331//1367 2303//1499 2299//2424
f 176//2440 2435//2435 2054//2426
f 1012//2434 176//2440 2054//2426
f 2177//1471 2185//2417 2176//1469
f 2218//2106 2219//2404 2225//2004
f 1216//1798 1220//1783 1215//577
f 2378//1034 2139//2437 2312//1005
f 2384//1480 14//230 2395//229
f 2324//2389 2295//2371 2255//2360
f 2240//2203 2273//2443 2252//2330
f 2371//2438 2387//2445 2405//2439
f 2410//2446 2430//2444 2405//2439
f 2430//2444 2442//2447 176//2440
f 2435//2435 2344//2448 2397//2436
f 2397//2436 2344//2448 2373//2441
f 2456//2363 1888//1225 2455//2000
f 2242//2387 2267//1300 2233//1302
f 2233//1302 2262//1707 2229//2040
f 2378//1034 2384//1480 2139//2437
f 2323//2433 2310//2369 2295//2371
f 2323//2433 2322//2422 2310//2369
f 2240//2203 2274//2449 2273//2443
f 974//1177 841//1178 990//1459
f 2490//1235 1447//1161 2486//568
f 2387//2445 2410//2446 2405//2439
f 2442//2447 2141//2450 176//2440
f 2344//2448 1778//2451 2373//2441
f 972//2452 1379//1752 2373//2441
f 1778//2451 972//2452 2373//2441
f 1379//1752 972//2452 428//1445
f 1211//1790 2437//1684 1223//1625
f 1228//578 1215//577 1220//1783
f 702//1033 2378//1034 2312//1005
f 17//1230 518//1206 2415//2359
f 1888//1225 26//536 1244//169
f 2324//2389 2323//2433 2295//2371
f 2305//1020 2311//1019 2290//2373
f 2307//2453 2285//579 2273//2443
f 2274//2449 2307//2453 2273//2443
f 2307//2453 2320//2347 2285//579
f 2369//1436 531//1077 506//1463
f 2435//2435 2258//2454 2344//2448
f 2296//2382 2324//2389 2288//2455
f 1233//278 1217//1813 2361//2342
f 2360//427 2371//2438 2367//428
f 2410//2446 2442//2447 2430//2444
f 176//2440 2141//2450 2258//2454
f 176//2440 2258//2454 2435//2435
f 539//1149 2331//1367 66//583
f 2350//1354 2392//2327 2317//2321
f 2268//2107 2225//2004 2253//2006
f 1508//2068 1500//2442 2371//2438
f 2360//427 1508//2068 2371//2438
f 2371//2438 1500//2442 2387//2445
f 972//2452 2366//1446 428//1445
f 1626//1905 1686//2017 1358//1857
f 1759//1662 1807//1661 1819//1615
f 2277//2416 2257//2398 2245//2385
f 2277//2416 2299//2424 2257//2398
f 1784//1972 2228//2456 1736//1409
f 2265//2457 2240//2203 1736//1409
f 2228//2456 2265//2457 1736//1409
f 2265//2457 2274//2449 2240//2203
f 1209//2412 2320//2347 2307//2453
f 2320//2347 1209//2412 1216//1798
f 1555//40 1584//41 1560//2091
f 2387//2445 1500//2442 2372//1682
f 2410//2446 2420//2458 2442//2447
f 2433//2459 972//2452 1778//2451
f 2433//2459 2366//1446 972//2452
f 955//1349 522//1094 1225//1347
f 2339//2460 2307//2453 2274//2449
f 2372//1682 1493//2392 2387//2445
f 2411//2461 2420//2458 2410//2446
f 2420//2458 954//2462 2442//2447
f 2442//2447 954//2462 2141//2450
f 2344//2448 2433//2459 1778//2451
f 2205//1534 2212//2384 2218//2106
f 2328//2399 2334//2378 2351//2421
f 2394//2357 2401//2394 2414//2358
f 2250//1899 2256//1898 2271//2364
f 2339//2460 1209//2412 2307//2453
f 2328//2399 2322//2422 2323//2433
f 866//1987 845//1942 2425//2390
f 3//1594 316//1628 893//2019
f 2387//2445 2411//2461 2410//2446
f 2441//2463 2141//2450 954//2462
f 2141//2450 2441//2463 2258//2454
f 2354//2464 2433//2459 2344//2448
f 2254//2361 2294//2372 2270//2250
f 2269//2137 2254//2361 2270//2250
f 863//1541 2305//1020 846//268
f 2441//2463 2354//2464 2258//2454
f 2258//2454 2354//2464 2344//2448
f 2319//1366 2355//1237 51//582
f 2223//53 2228//2456 1784//1972
f 1493//2392 2411//2461 2387//2445
f 1560//2091 2449//283 1555//40
f 2288//2455 2324//2389 2255//2360
f 825//1305 2251//508 2238//2397
f 2251//508 2245//2385 2238//2397
f 1299//591 84//590 1312//1704
f 2246//2465 2265//2457 2228//2456
f 2313//2466 2274//2449 2265//2457
f 2313//2466 2339//2460 2274//2449
f 2251//508 2277//2416 2245//2385
f 2319//1366 51//582 2331//1367
f 891//76 1862//451 2252//2330
f 2443//1687 954//2462 2420//2458
f 2443//1687 2441//2463 954//2462
f 511//1306 2447//1299 2439//949
f 2242//2387 2233//1302 2211//1517
f 188//249 15//560 814//547
f 2443//1687 2426//2352 2441//2463
f 2426//2352 2354//2464 2441//2463
f 2306//2467 2403//2468 2433//2459
f 2433//2459 2403//2468 2366//1446
f 539//1149 2303//1499 2331//1367
f 2246//2465 2228//2456 2223//53
f 1030//830 1819//1615 1807//1661
f 2354//2464 2306//2467 2433//2459
f 2413//333 2412//2425 2376//334
f 2438//1227 2455//2000 1888//1225
f 1848//1966 1857//1947 2176//1469
f 2207//52 2208//2469 2223//53
f 2208//2469 2246//2465 2223//53
f 1209//2412 2339//2460 1217//1813
f 2339//2460 2361//2342 1217//1813
f 1221//1481 1210//2343 2388//1780
f 554//401 109//400 78//414
f 386//162 1375//164 95//151
f 2327//1948 2326//1950 2318//2370
f 2179//1523 2182//2470 1393//1937
f 2182//2470 2208//2469 1393//1937
f 1393//1937 2208//2469 2207//52
f 2361//2342 2399//1792 2388//1780
f 2388//1780 2399//1792 1211//1790
f 2306//2467 2354//2464 2426//2352
f 2403//2468 2359//464 2366//1446
f 2214//1902 2226//2337 2213//1903
f 2268//2107 2253//2006 2276//2251
f 889//1524 2200//2471 2179//1523
f 2200//2471 2182//2470 2179//1523
f 2200//2471 2221//2472 2182//2470
f 2221//2472 2208//2469 2182//2470
f 2314//2473 2265//2457 2246//2465
f 2314//2473 2313//2466 2265//2457
f 2339//2460 2374//2474 2361//2342
f 2478//743 2434//27 2379//1893
f 2205//1534 2217//2409 2199//2411
f 2208//2469 2259//2475 2246//2465
f 2259//2475 2275//2476 2246//2465
f 2314//2473 2321//2477 2313//2466
f 2313//2466 2347//2478 2339//2460
f 2347//2478 2374//2474 2339//2460
f 2374//2474 2399//1792 2361//2342
f 153//1733 154//1737 2426//2352
f 154//1737 2306//2467 2426//2352
f 2385//496 2359//464 2403//2468
f 2221//2472 2259//2475 2208//2469
f 2306//2467 2357//2479 2403//2468
f 2357//2479 2385//496 2403//2468
f 2237//1218 2256//1898 2231//1900
f 2172//1528 2180//1553 889//1524
f 2180//1553 2200//2471 889//1524
f 2200//2471 2201//2480 2221//2472
f 2246//2465 2291//2481 2314//2473
f 2374//2474 2444//2383 2399//1792
f 571//1008 555//1063 2311//1019
f 2192//1532 2205//1534 2199//2411
f 2173//1554 2180//1553 2172//1528
f 2279//2482 2246//2465 2275//2476
f 2279//2482 2291//2481 2246//2465
f 2292//2483 2314//2473 2291//2481
f 2321//2477 2362//2223 2313//2466
f 2362//2223 2347//2478 2313//2466
f 2347//2478 2389//2484 2374//2474
f 2444//2383 955//1349 2437//1684
f 2292//2483 2291//2481 2279//2482
f 2452//2485 2444//2383 2374//2474
f 2054//2426 2356//1271 1996//1009
f 2338//1607 2306//2467 154//1737
f 2186//1809 2192//1532 2191//2376
f 2193//2486 2201//2480 2200//2471
f 2259//2475 2221//2472 2201//2480
f 2247//2487 2259//2475 2201//2480
f 2452//2485 955//1349 2444//2383
f 2278//507 2277//2416 2251//508
f 2338//1607 2357//2479 2306//2467
f 2181//1841 2186//1809 2185//2417
f 2276//2251 2326//1950 2281//2375
f 2432//2379 2457//948 2446//2362
f 2198//2488 2201//2480 2193//2486
f 2198//2488 2232//2489 2201//2480
f 2232//2489 2247//2487 2201//2480
f 2389//2484 2452//2485 2374//2474
f 2452//2485 1630//1352 955//1349
f 1403//859 1749//1940 1444//860
f 1555//40 1996//1009 1561//114
f 2357//2479 2427//2490 2385//496
f 2385//496 2428//1128 230//465
f 2409//2380 2415//2359 2424//1495
f 2304//1368 2331//1367 2299//2424
f 2193//2486 2200//2471 2180//1553
f 2445//1141 2452//2485 2389//2484
f 1565//436 1759//1662 1927//1855
f 2380//2427 1544//2061 2370//1801
f 2338//1607 2427//2490 2357//2479
f 2427//2490 2428//1128 2385//496
f 230//465 222//593 253//550
f 2202//2491 2198//2488 2193//2486
f 2202//2491 2209//2492 2198//2488
f 2209//2492 2241//2493 2198//2488
f 2241//2493 2232//2489 2198//2488
f 2266//2124 2275//2476 2259//2475
f 2365//2413 1340//1845 1128//795
f 2415//2359 518//1206 2424//1495
f 2338//1607 170//456 2427//2490
f 170//456 2428//1128 2427//2490
f 2181//1841 2185//2417 2177//1471
f 2196//1901 2195//1533 2189//1840
f 2183//894 2193//2486 2180//1553
f 2453//1140 1630//1352 2452//2485
f 2197//2407 2214//1902 2189//1840
f 2401//2394 2409//2380 2414//2358
f 822//1133 2220//712 2197//2407
f 1210//2343 2361//2342 2388//1780
f 2187//2494 2193//2486 2183//894
f 2187//2494 2202//2491 2193//2486
f 2266//2124 2279//2482 2275//2476
f 2279//2482 2300//2495 2292//2483
f 2375//2496 2347//2478 2362//2223
f 2375//2496 2390//2497 2347//2478
f 2390//2497 2389//2484 2347//2478
f 2453//1140 2452//2485 2445//1141
f 1347//1768 1630//1352 2453//1140
f 1630//1352 1347//1768 522//1094
f 2220//712 2206//2406 2197//2407
f 2262//1707 2350//1354 2286//1708
f 170//456 254//592 2428//1128
f 2457//948 1973//950 2446//2362
f 1973//950 1365//990 2446//2362
f 2174//1552 2183//894 2180//1553
f 2194//2498 2202//2491 2187//2494
f 2222//2499 2241//2493 2209//2492
f 2222//2499 2260//2500 2241//2493
f 2266//2124 2259//2475 2247//2487
f 2390//2497 2445//1141 2389//2484
f 2264//269 2251//508 825//1305
f 2363//2388 2368//1949 2351//2421
f 2326//1950 2393//2115 2341//332
f 1855//2227 1850//1394 1851//1530
f 2210//2501 2209//2492 2202//2491
f 2210//2501 2222//2499 2209//2492
f 2261//1709 2260//2500 2222//2499
f 2280//2502 2279//2482 2266//2124
f 2280//2502 2300//2495 2279//2482
f 251//429 263//365 2359//464
f 2277//2416 2304//1368 2299//2424
f 2220//712 2230//2103 2206//2406
f 2202//2491 2194//2498 2210//2501
f 2213//1903 2243//2336 2234//2005
f 2328//2399 2327//1948 2322//2422
f 2294//2372 2310//2369 2293//2368
f 2214//1902 2196//1901 2189//1840
f 2196//1901 2213//1903 2219//2404
f 2224//2033 2222//2499 2210//2501
f 2421//1983 2390//2497 2375//2496
f 2206//2406 2230//2103 2214//1902
f 2194//2498 2203//2306 2210//2501
f 2224//2033 2261//1709 2222//2499
f 2421//1983 2445//1141 2390//2497
f 2322//2422 2327//1948 2318//2370
f 2393//2115 2408//2415 2341//332
f 1365//990 1973//950 510//988
f 2216//1518 2210//2501 2203//2306
f 2216//1518 2224//2033 2210//2501
f 2266//2124 2308//2123 2280//2502
f 2280//2502 2308//2123 2300//2495
f 2407//1370 2421//1983 2375//2496
f 2175//1262 2183//894 2174//1552
f 2194//2498 2190//2322 2203//2306
f 2454//1139 2445//1141 2421//1983
f 522//1094 1347//1768 523//1095
f 2456//2363 2455//2000 2423//2374
f 823//1444 2197//2407 2178//1384
f 2281//2375 2333//1353 2287//1301
f 2188//893 2187//2494 2183//894
f 2188//893 2190//2322 2194//2498
f 2187//2494 2188//893 2194//2498
f 2308//2123 2315//2402 2300//2495
f 2407//1370 2375//2496 2362//2223
f 2443//1687 2420//2458 2503//2503
f 2420//2458 2411//2461 2503//2503
f 2411//2461 1493//2392 2503//2503
f 1493//2392 1487//390 2503//2503
f 1487//390 1318//389 2503//2503
f 1318//389 1320//1416 2503//2503
f 1320//1416 2443//1687 2503//2503
